{
  "194bef4cbba641dc9860ba7f43a0c16a": {
    "87": {
      "name": "tv",
      "visible_pos": [
        0,
        9,
        10,
        11,
        12,
        21,
        22,
        23,
        24,
        33,
        34,
        35
      ],
      "bbox2d": [
        [
          0,
          0,
          84,
          160
        ],
        [
          453,
          0,
          187,
          213
        ],
        [
          224,
          0,
          387,
          201
        ],
        [
          0,
          0,
          331,
          238
        ],
        [
          0,
          126,
          93,
          253
        ],
        [
          460,
          83,
          180,
          362
        ],
        [
          236,
          92,
          337,
          338
        ],
        [
          0,
          57,
          330,
          420
        ],
        [
          0,
          348,
          82,
          132
        ],
        [
          458,
          308,
          182,
          172
        ],
        [
          225,
          316,
          385,
          164
        ],
        [
          0,
          281,
          330,
          199
        ]
      ]
    }
  }
}