{
  "28db29e8c72c4a68bfdf5bb2b454443d": {
    "67": {
      "name": "mirror",
      "visible_pos": [
        0,
        1,
        2,
        3,
        4,
        13,
        14,
        15,
        25,
        26,
        27,
        28
      ],
      "bbox2d": [
        [
          631,
          208,
          9,
          43
        ],
        [
          391,
          0,
          249,
          340
        ],
        [
          150,
          0,
          346,
          275
        ],
        [
          0,
          0,
          259,
          271
        ],
        [
          0,
          191,
          44,
          146
        ],
        [
          392,
          0,
          248,
          480
        ],
        [
          168,
          30,
          308,
          450
        ],
        [
          0,
          31,
          251,
          449
        ],
        [
          399,
          222,
          241,
          258
        ],
        [
          150,
          265,
          346,
          215
        ],
        [
          0,
          264,
          254,
          216
        ],
        [
          0,
          220,
          23,
          61
        ]
      ]
    },
    "69": {
      "name": "bath#cabinet",
      "visible_pos": [
        0,
        1,
        2,
        3,
        4,
        11
      ],
      "bbox2d": [
        [
          419,
          286,
          86,
          194
        ],
        [
          252,
          279,
          143,
          201
        ],
        [
          45,
          325,
          425,
          155
        ],
        [
          289,
          328,
          19,
          152
        ],
        [
          122,
          369,
          40,
          111
        ],
        [
          603,
          401,
          37,
          79
        ]
      ]
    },
    "70": {
      "name": "toilet",
      "visible_pos": [
        2,
        3,
        4,
        5,
        6
      ],
      "bbox2d": [
        [
          593,
          400,
          47,
          80
        ],
        [
          375,
          314,
          224,
          166
        ],
        [
          235,
          273,
          230,
          207
        ],
        [
          58,
          287,
          289,
          193
        ],
        [
          0,
          375,
          194,
          105
        ]
      ]
    },
    "71": {
      "name": "sink",
      "visible_pos": [
        0,
        1,
        2,
        3,
        4
      ],
      "bbox2d": [
        [
          481,
          314,
          159,
          166
        ],
        [
          306,
          256,
          279,
          211
        ],
        [
          124,
          251,
          264,
          193
        ],
        [
          0,
          304,
          218,
          176
        ],
        [
          0,
          393,
          17,
          87
        ]
      ]
    },
    "72": {
      "name": "toilet#paper",
      "visible_pos": [
        5,
        6,
        7
      ],
      "bbox2d": [
        [
          424,
          431,
          54,
          49
        ],
        [
          284,
          409,
          47,
          51
        ],
        [
          133,
          442,
          57,
          38
        ]
      ]
    },
    "73": {
      "name": "light",
      "visible_pos": [
        16,
        17,
        27,
        28,
        29,
        30
      ],
      "bbox2d": [
        [
          332,
          0,
          122,
          25
        ],
        [
          152,
          0,
          91,
          20
        ],
        [
          532,
          141,
          108,
          75
        ],
        [
          330,
          199,
          118,
          60
        ],
        [
          132,
          192,
          124,
          63
        ],
        [
          0,
          132,
          39,
          63
        ]
      ]
    },
    "74": {
      "name": "counter",
      "visible_pos": [
        0,
        1,
        2,
        3,
        4,
        13
      ],
      "bbox2d": [
        [
          432,
          277,
          197,
          203
        ],
        [
          252,
          235,
          388,
          245
        ],
        [
          45,
          246,
          426,
          234
        ],
        [
          165,
          324,
          135,
          156
        ],
        [
          12,
          364,
          136,
          116
        ],
        [
          364,
          473,
          26,
          7
        ]
      ]
    },
    "75": {
      "name": "trash#can",
      "visible_pos": [
        2,
        3,
        4
      ],
      "bbox2d": [
        [
          464,
          478,
          15,
          2
        ],
        [
          306,
          436,
          102,
          44
        ],
        [
          182,
          441,
          97,
          39
        ]
      ]
    },
    "76": {
      "name": "towel",
      "visible_pos": [
        0,
        1,
        11,
        12,
        13,
        23
      ],
      "bbox2d": [
        [
          337,
          140,
          69,
          115
        ],
        [
          111,
          147,
          91,
          127
        ],
        [
          540,
          163,
          100,
          136
        ],
        [
          338,
          363,
          73,
          117
        ],
        [
          103,
          370,
          85,
          110
        ],
        [
          584,
          387,
          56,
          93
        ]
      ]
    },
    "77": {
      "name": "towel",
      "visible_pos": [
        1,
        2,
        3,
        4
      ],
      "bbox2d": [
        [
          510,
          391,
          116,
          89
        ],
        [
          349,
          323,
          80,
          99
        ],
        [
          194,
          321,
          74,
          107
        ],
        [
          1,
          385,
          100,
          95
        ]
      ]
    },
    "79": {
      "name": "bottle",
      "visible_pos": [
        0,
        1,
        2,
        3,
        13,
        14
      ],
      "bbox2d": [
        [
          629,
          297,
          11,
          38
        ],
        [
          408,
          205,
          36,
          64
        ],
        [
          216,
          203,
          37,
          66
        ],
        [
          0,
          261,
          34,
          72
        ],
        [
          423,
          435,
          36,
          45
        ],
        [
          201,
          433,
          35,
          47
        ]
      ]
    },
    "80": {
      "name": "toilet#paper",
      "visible_pos": [
        3,
        4,
        5,
        16
      ],
      "bbox2d": [
        [
          500,
          269,
          71,
          80
        ],
        [
          314,
          237,
          52,
          75
        ],
        [
          122,
          254,
          62,
          85
        ],
        [
          340,
          476,
          24,
          4
        ]
      ]
    }
  }
}