{
  "558ba0761bf24428b9cf91e60333ea25": {
    "76": {
      "name": "towel",
      "visible_pos": [
        1,
        2,
        3,
        14,
        15
      ],
      "bbox2d": [
        [
          618,
          238,
          22,
          34
        ],
        [
          392,
          117,
          47,
          104
        ],
        [
          184,
          117,
          50,
          110
        ],
        [
          400,
          340,
          48,
          115
        ],
        [
          176,
          340,
          49,
          123
        ]
      ]
    }
  }
}