{
  "c341c46acf7044d1a712d622cbc94a27": {
    "54": {
      "name": "toilet",
      "visible_pos": [
        4,
        5,
        6,
        7,
        16,
        17,
        18
      ],
      "bbox2d": [
        [
          452,
          134,
          188,
          313
        ],
        [
          284,
          111,
          133,
          290
        ],
        [
          98,
          118,
          137,
          310
        ],
        [
          0,
          318,
          39,
          162
        ],
        [
          562,
          357,
          78,
          123
        ],
        [
          322,
          334,
          103,
          146
        ],
        [
          82,
          341,
          120,
          139
        ]
      ]
    },
    "55": {
      "name": "button",
      "visible_pos": [
        3,
        4,
        5,
        15,
        16,
        17
      ],
      "bbox2d": [
        [
          531,
          226,
          78,
          54
        ],
        [
          328,
          192,
          51,
          54
        ],
        [
          121,
          203,
          59,
          65
        ],
        [
          577,
          462,
          63,
          18
        ],
        [
          329,
          420,
          57,
          60
        ],
        [
          91,
          433,
          69,
          47
        ]
      ]
    },
    "60": {
      "name": "toilet#paper",
      "visible_pos": [
        3,
        4,
        5,
        6
      ],
      "bbox2d": [
        [
          510,
          346,
          62,
          47
        ],
        [
          334,
          302,
          50,
          44
        ],
        [
          159,
          316,
          57,
          50
        ],
        [
          0,
          412,
          15,
          31
        ]
      ]
    },
    "61": {
      "name": "light",
      "visible_pos": [
        16,
        17,
        18,
        28,
        29,
        30
      ],
      "bbox2d": [
        [
          601,
          11,
          39,
          38
        ],
        [
          349,
          56,
          59,
          29
        ],
        [
          117,
          43,
          68,
          30
        ],
        [
          572,
          243,
          68,
          36
        ],
        [
          347,
          285,
          56,
          25
        ],
        [
          134,
          274,
          61,
          25
        ]
      ]
    }
  }
}