{
  "b2e9278f9b8f4661abcb0446d2cbb98e": {
    "172": {
      "name": "bar",
      "visible_pos": [
        8,
        9,
        10,
        11,
        21,
        22
      ],
      "bbox2d": [
        [
          585,
          167,
          55,
          313
        ],
        [
          378,
          137,
          173,
          343
        ],
        [
          162,
          144,
          288,
          336
        ],
        [
          0,
          280,
          368,
          200
        ],
        [
          385,
          360,
          70,
          120
        ],
        [
          159,
          367,
          76,
          113
        ]
      ]
    },
    "173": {
      "name": "kitchen#counter",
      "visible_pos": [
        5,
        6,
        7,
        8,
        9,
        17,
        18,
        19,
        20,
        21
      ],
      "bbox2d": [
        [
          483,
          221,
          157,
          259
        ],
        [
          335,
          189,
          305,
          238
        ],
        [
          133,
          117,
          507,
          330
        ],
        [
          0,
          104,
          461,
          376
        ],
        [
          0,
          105,
          236,
          375
        ],
        [
          594,
          455,
          46,
          25
        ],
        [
          343,
          417,
          297,
          63
        ],
        [
          112,
          340,
          528,
          140
        ],
        [
          0,
          327,
          459,
          153
        ],
        [
          0,
          329,
          235,
          151
        ]
      ]
    },
    "175": {
      "name": "kitchen#cabinet",
      "visible_pos": [
        5,
        6,
        7,
        8,
        9,
        10,
        20,
        21
      ],
      "bbox2d": [
        [
          398,
          408,
          134,
          72
        ],
        [
          265,
          397,
          268,
          83
        ],
        [
          114,
          237,
          526,
          243
        ],
        [
          97,
          145,
          351,
          335
        ],
        [
          14,
          143,
          228,
          337
        ],
        [
          0,
          261,
          27,
          219
        ],
        [
          353,
          368,
          102,
          112
        ],
        [
          140,
          365,
          92,
          115
        ]
      ]
    },
    "176": {
      "name": "kitchen#shelf",
      "visible_pos": [
        17,
        18,
        19,
        20,
        21,
        29,
        30,
        31,
        32,
        33
      ],
      "bbox2d": [
        [
          588,
          0,
          52,
          182
        ],
        [
          340,
          10,
          300,
          181
        ],
        [
          106,
          0,
          527,
          211
        ],
        [
          0,
          0,
          371,
          216
        ],
        [
          0,
          67,
          144,
          146
        ],
        [
          548,
          195,
          92,
          213
        ],
        [
          339,
          243,
          301,
          176
        ],
        [
          92,
          235,
          548,
          208
        ],
        [
          0,
          198,
          377,
          251
        ],
        [
          0,
          280,
          140,
          166
        ]
      ]
    },
    "179": {
      "name": "oven",
      "visible_pos": [
        6,
        7,
        8,
        9
      ],
      "bbox2d": [
        [
          495,
          420,
          145,
          60
        ],
        [
          343,
          282,
          201,
          198
        ],
        [
          197,
          248,
          151,
          232
        ],
        [
          15,
          269,
          157,
          211
        ]
      ]
    },
    "180": {
      "name": "stool",
      "visible_pos": [
        0,
        1,
        10,
        11
      ],
      "bbox2d": [
        [
          181,
          262,
          51,
          5
        ],
        [
          0,
          328,
          11,
          4
        ],
        [
          577,
          299,
          63,
          35
        ],
        [
          369,
          254,
          48,
          14
        ]
      ]
    },
    "181": {
      "name": "stool",
      "visible_pos": [
        0,
        10,
        11,
        22,
        23
      ],
      "bbox2d": [
        [
          0,
          264,
          11,
          3
        ],
        [
          409,
          204,
          33,
          19
        ],
        [
          207,
          207,
          36,
          11
        ],
        [
          417,
          434,
          40,
          24
        ],
        [
          193,
          437,
          40,
          14
        ]
      ]
    },
    "184": {
      "name": "countertop",
      "visible_pos": [
        0,
        1,
        8,
        9,
        10,
        11,
        21,
        22,
        23
      ],
      "bbox2d": [
        [
          0,
          267,
          305,
          213
        ],
        [
          0,
          301,
          138,
          179
        ],
        [
          639,
          179,
          1,
          2
        ],
        [
          384,
          127,
          256,
          353
        ],
        [
          162,
          121,
          478,
          359
        ],
        [
          0,
          147,
          493,
          333
        ],
        [
          385,
          350,
          255,
          130
        ],
        [
          159,
          344,
          336,
          136
        ],
        [
          0,
          373,
          317,
          107
        ]
      ]
    },
    "185": {
      "name": "kitchen#shelf",
      "visible_pos": [
        5,
        6,
        7,
        8,
        9,
        17,
        18,
        19,
        20,
        21,
        29,
        30,
        31,
        32,
        33
      ],
      "bbox2d": [
        [
          578,
          142,
          62,
          32
        ],
        [
          340,
          118,
          300,
          28
        ],
        [
          113,
          36,
          527,
          117
        ],
        [
          0,
          33,
          371,
          132
        ],
        [
          0,
          56,
          124,
          58
        ],
        [
          588,
          190,
          52,
          205
        ],
        [
          340,
          200,
          300,
          169
        ],
        [
          106,
          196,
          522,
          181
        ],
        [
          0,
          197,
          368,
          187
        ],
        [
          0,
          213,
          140,
          126
        ],
        [
          615,
          423,
          25,
          30
        ],
        [
          343,
          429,
          297,
          28
        ],
        [
          82,
          425,
          558,
          48
        ],
        [
          0,
          429,
          375,
          46
        ],
        [
          0,
          448,
          114,
          27
        ]
      ]
    },
    "186": {
      "name": "sink",
      "visible_pos": [
        7,
        8,
        9,
        19,
        20,
        21
      ],
      "bbox2d": [
        [
          487,
          172,
          128,
          59
        ],
        [
          278,
          157,
          98,
          48
        ],
        [
          45,
          180,
          120,
          49
        ],
        [
          502,
          397,
          138,
          71
        ],
        [
          275,
          381,
          105,
          54
        ],
        [
          15,
          406,
          139,
          59
        ]
      ]
    }
  }
}