{
  "8e1fa462cea64696aa723bbfbdb1b21e": {
    "117": {
      "name": "statue",
      "visible_pos": [
        3,
        4,
        5,
        6,
        16,
        17,
        18,
        28,
        29,
        30
      ],
      "bbox2d": [
        [
          576,
          319,
          64,
          104
        ],
        [
          374,
          0,
          220,
          355
        ],
        [
          191,
          0,
          159,
          337
        ],
        [
          0,
          0,
          163,
          387
        ],
        [
          445,
          37,
          119,
          443
        ],
        [
          222,
          48,
          101,
          432
        ],
        [
          0,
          79,
          84,
          401
        ],
        [
          459,
          269,
          138,
          211
        ],
        [
          220,
          278,
          104,
          202
        ],
        [
          0,
          236,
          57,
          244
        ]
      ]
    },
    "119": {
      "name": "chair",
      "visible_pos": [
        6,
        7,
        8,
        9,
        10,
        18,
        19,
        20
      ],
      "bbox2d": [
        [
          526,
          197,
          114,
          210
        ],
        [
          355,
          165,
          236,
          299
        ],
        [
          148,
          175,
          233,
          257
        ],
        [
          0,
          243,
          209,
          228
        ],
        [
          0,
          440,
          11,
          16
        ],
        [
          623,
          426,
          17,
          54
        ],
        [
          364,
          389,
          156,
          91
        ],
        [
          136,
          401,
          192,
          79
        ]
      ]
    },
    "125": {
      "name": "beam",
      "visible_pos": [
        17,
        18,
        19,
        24,
        25,
        26,
        28,
        29,
        30,
        31,
        32,
        34,
        35
      ],
      "bbox2d": [
        [
          453,
          0,
          187,
          98
        ],
        [
          227,
          0,
          194,
          107
        ],
        [
          0,
          0,
          197,
          101
        ],
        [
          143,
          0,
          336,
          163
        ],
        [
          0,
          0,
          364,
          167
        ],
        [
          0,
          0,
          222,
          108
        ],
        [
          414,
          0,
          226,
          147
        ],
        [
          274,
          0,
          366,
          322
        ],
        [
          158,
          0,
          338,
          330
        ],
        [
          0,
          0,
          383,
          324
        ],
        [
          0,
          0,
          253,
          158
        ],
        [
          384,
          0,
          256,
          116
        ],
        [
          255,
          0,
          385,
          169
        ]
      ]
    },
    "128": {
      "name": "kitchen#hood",
      "visible_pos": [
        12,
        13,
        23,
        24,
        25,
        26,
        34,
        35
      ],
      "bbox2d": [
        [
          149,
          0,
          322,
          119
        ],
        [
          0,
          0,
          247,
          116
        ],
        [
          375,
          0,
          265,
          116
        ],
        [
          165,
          127,
          293,
          215
        ],
        [
          0,
          66,
          264,
          273
        ],
        [
          0,
          22,
          68,
          233
        ],
        [
          566,
          57,
          74,
          214
        ],
        [
          369,
          75,
          271,
          264
        ]
      ]
    },
    "143": {
      "name": "kitchen#island",
      "visible_pos": [
        0,
        1,
        2,
        3,
        9,
        10,
        11,
        12,
        13,
        14,
        15,
        21,
        22,
        23
      ],
      "bbox2d": [
        [
          0,
          79,
          640,
          401
        ],
        [
          0,
          81,
          640,
          399
        ],
        [
          0,
          85,
          385,
          395
        ],
        [
          0,
          115,
          194,
          365
        ],
        [
          441,
          115,
          199,
          365
        ],
        [
          249,
          88,
          391,
          392
        ],
        [
          0,
          80,
          640,
          400
        ],
        [
          0,
          305,
          640,
          175
        ],
        [
          0,
          306,
          640,
          174
        ],
        [
          0,
          310,
          384,
          170
        ],
        [
          0,
          338,
          159,
          142
        ],
        [
          474,
          338,
          166,
          142
        ],
        [
          250,
          313,
          390,
          167
        ],
        [
          0,
          305,
          640,
          175
        ]
      ]
    },
    "151": {
      "name": "plant",
      "visible_pos": [
        0,
        1,
        2,
        12,
        13,
        14,
        15,
        24,
        25,
        26,
        27
      ],
      "bbox2d": [
        [
          602,
          0,
          38,
          145
        ],
        [
          327,
          0,
          161,
          119
        ],
        [
          52,
          0,
          177,
          127
        ],
        [
          513,
          142,
          127,
          225
        ],
        [
          283,
          143,
          252,
          199
        ],
        [
          28,
          146,
          273,
          204
        ],
        [
          0,
          159,
          54,
          60
        ],
        [
          529,
          365,
          111,
          115
        ],
        [
          279,
          366,
          280,
          114
        ],
        [
          3,
          369,
          295,
          111
        ],
        [
          0,
          383,
          26,
          65
        ]
      ]
    },
    "158": {
      "name": "decoration",
      "visible_pos": [
        0,
        10,
        11,
        12,
        22,
        23,
        34,
        35
      ],
      "bbox2d": [
        [
          0,
          54,
          21,
          98
        ],
        [
          406,
          0,
          126,
          131
        ],
        [
          167,
          0,
          118,
          127
        ],
        [
          0,
          237,
          34,
          129
        ],
        [
          401,
          196,
          117,
          158
        ],
        [
          177,
          198,
          110,
          152
        ],
        [
          441,
          425,
          78,
          55
        ],
        [
          186,
          427,
          71,
          53
        ]
      ]
    },
    "160": {
      "name": "pan",
      "visible_pos": [
        0,
        1,
        11,
        12,
        13,
        23
      ],
      "bbox2d": [
        [
          243,
          71,
          143,
          34
        ],
        [
          0,
          81,
          153,
          32
        ],
        [
          478,
          77,
          158,
          25
        ],
        [
          247,
          297,
          136,
          31
        ],
        [
          0,
          306,
          158,
          30
        ],
        [
          471,
          303,
          169,
          23
        ]
      ]
    }
  }
}