{
  "b42bdeacac9d4e8d9ac4bd4500a82a51": {
    "230": {
      "name": "pillow",
      "visible_pos": [
        4,
        5,
        6,
        7,
        8,
        16,
        17,
        18,
        19,
        20
      ],
      "bbox2d": [
        [
          473,
          125,
          167,
          84
        ],
        [
          250,
          116,
          390,
          98
        ],
        [
          0,
          132,
          592,
          46
        ],
        [
          0,
          118,
          350,
          93
        ],
        [
          0,
          135,
          127,
          74
        ],
        [
          475,
          348,
          165,
          82
        ],
        [
          250,
          338,
          390,
          104
        ],
        [
          0,
          354,
          603,
          50
        ],
        [
          0,
          341,
          351,
          98
        ],
        [
          0,
          358,
          119,
          70
        ]
      ]
    }
  }
}