{
  "3107120d425e424dacedb73bf44e9094": {
    "443": {
      "name": "light",
      "visible_pos": [
        24,
        25,
        26,
        35
      ],
      "bbox2d": [
        [
          424,
          74,
          113,
          75
        ],
        [
          259,
          98,
          100,
          79
        ],
        [
          72,
          49,
          123,
          99
        ],
        [
          618,
          0,
          22,
          65
        ]
      ]
    },
    "440": {
      "name": "window#frame",
      "visible_pos": [],
      "bbox2d": []
    },
    "441": {
      "name": "shelving",
      "visible_pos": [],
      "bbox2d": []
    },
    "442": {
      "name": "mirror",
      "visible_pos": [],
      "bbox2d": []
    }
  }
}