{
  "e3de486699144933aada2e59873d5984": {
    "269": {
      "name": "light",
      "visible_pos": [
        28,
        29,
        30,
        31
      ],
      "bbox2d": [
        [
          601,
          0,
          39,
          15
        ],
        [
          420,
          41,
          93,
          69
        ],
        [
          264,
          68,
          84,
          70
        ],
        [
          92,
          20,
          100,
          83
        ]
      ]
    },
    "261": {
      "name": "window",
      "visible_pos": [],
      "bbox2d": []
    }
  }
}