{
  "ef277969af8e477495075389c3e06da6": {
    "208": {
      "name": "plant",
      "visible_pos": [
        2,
        3,
        4,
        14,
        15,
        16,
        26,
        27,
        28
      ],
      "bbox2d": [
        [
          425,
          0,
          193,
          204
        ],
        [
          185,
          0,
          158,
          196
        ],
        [
          0,
          0,
          88,
          238
        ],
        [
          421,
          215,
          167,
          219
        ],
        [
          198,
          216,
          142,
          209
        ],
        [
          0,
          230,
          106,
          230
        ],
        [
          441,
          448,
          145,
          32
        ],
        [
          188,
          448,
          124,
          32
        ],
        [
          0,
          474,
          32,
          6
        ]
      ]
    },
    "210": {
      "name": "light",
      "visible_pos": [
        24,
        25,
        26
      ],
      "bbox2d": [
        [
          456,
          0,
          32,
          26
        ],
        [
          314,
          4,
          49,
          57
        ],
        [
          169,
          0,
          62,
          35
        ]
      ]
    },
    "214": {
      "name": "chair",
      "visible_pos": [
        0,
        9,
        10,
        11,
        21,
        22,
        23
      ],
      "bbox2d": [
        [
          0,
          269,
          85,
          211
        ],
        [
          462,
          113,
          178,
          367
        ],
        [
          262,
          105,
          207,
          313
        ],
        [
          2,
          127,
          278,
          295
        ],
        [
          489,
          336,
          128,
          144
        ],
        [
          263,
          329,
          206,
          151
        ],
        [
          0,
          349,
          250,
          131
        ]
      ]
    },
    "223": {
      "name": "statue",
      "visible_pos": [
        4,
        5,
        6,
        16,
        17,
        18
      ],
      "bbox2d": [
        [
          530,
          108,
          110,
          174
        ],
        [
          310,
          91,
          114,
          147
        ],
        [
          76,
          99,
          144,
          154
        ],
        [
          546,
          331,
          94,
          149
        ],
        [
          309,
          316,
          121,
          162
        ],
        [
          65,
          323,
          143,
          157
        ]
      ]
    },
    "225": {
      "name": "light",
      "visible_pos": [],
      "bbox2d": []
    },
    "217": {
      "name": "picture",
      "visible_pos": [],
      "bbox2d": []
    }
  }
}