{
  "ddb93f6063d54365bc6e8c751fd2e698": {
    "122": {
      "name": "kitchen#cabinet",
      "visible_pos": [
        0,
        1,
        2,
        3,
        9,
        10,
        11,
        13,
        14,
        15,
        21,
        22,
        23,
        25,
        26,
        27,
        33,
        34,
        35
      ],
      "bbox2d": [
        [
          0,
          255,
          640,
          225
        ],
        [
          0,
          0,
          640,
          480
        ],
        [
          0,
          0,
          453,
          480
        ],
        [
          0,
          0,
          225,
          480
        ],
        [
          401,
          0,
          239,
          480
        ],
        [
          161,
          0,
          479,
          480
        ],
        [
          0,
          0,
          640,
          480
        ],
        [
          291,
          145,
          349,
          335
        ],
        [
          146,
          164,
          290,
          316
        ],
        [
          0,
          157,
          214,
          323
        ],
        [
          405,
          156,
          235,
          324
        ],
        [
          182,
          162,
          314,
          318
        ],
        [
          0,
          147,
          327,
          333
        ],
        [
          472,
          369,
          168,
          111
        ],
        [
          228,
          388,
          225,
          92
        ],
        [
          0,
          381,
          204,
          99
        ],
        [
          414,
          380,
          226,
          100
        ],
        [
          161,
          386,
          260,
          94
        ],
        [
          0,
          370,
          170,
          110
        ]
      ]
    },
    "128": {
      "name": "kitchen#hood",
      "visible_pos": [
        16,
        17,
        18,
        19,
        28,
        29,
        30,
        31,
        32
      ],
      "bbox2d": [
        [
          588,
          0,
          52,
          29
        ],
        [
          299,
          0,
          341,
          85
        ],
        [
          95,
          0,
          423,
          80
        ],
        [
          0,
          0,
          308,
          80
        ],
        [
          444,
          0,
          196,
          272
        ],
        [
          286,
          28,
          354,
          282
        ],
        [
          85,
          54,
          438,
          251
        ],
        [
          0,
          0,
          329,
          306
        ],
        [
          0,
          0,
          167,
          257
        ]
      ]
    },
    "143": {
      "name": "kitchen#island",
      "visible_pos": [
        3,
        4,
        5,
        6,
        7,
        8,
        9,
        15,
        16,
        17,
        18,
        19,
        20,
        21
      ],
      "bbox2d": [
        [
          456,
          117,
          184,
          363
        ],
        [
          265,
          85,
          375,
          395
        ],
        [
          7,
          81,
          633,
          399
        ],
        [
          0,
          97,
          640,
          383
        ],
        [
          0,
          88,
          622,
          392
        ],
        [
          0,
          92,
          367,
          388
        ],
        [
          0,
          120,
          179,
          360
        ],
        [
          493,
          340,
          147,
          140
        ],
        [
          266,
          310,
          374,
          170
        ],
        [
          2,
          306,
          638,
          174
        ],
        [
          0,
          321,
          640,
          159
        ],
        [
          0,
          313,
          630,
          167
        ],
        [
          0,
          316,
          369,
          164
        ],
        [
          0,
          343,
          141,
          137
        ]
      ]
    },
    "149": {
      "name": "kitchen#counter",
      "visible_pos": [
        0,
        1,
        2,
        3,
        9,
        10,
        11,
        12,
        13,
        14,
        15,
        21,
        22,
        23
      ],
      "bbox2d": [
        [
          0,
          110,
          640,
          167
        ],
        [
          0,
          80,
          640,
          255
        ],
        [
          0,
          76,
          388,
          249
        ],
        [
          0,
          89,
          157,
          152
        ],
        [
          519,
          128,
          121,
          100
        ],
        [
          292,
          88,
          348,
          250
        ],
        [
          47,
          83,
          593,
          242
        ],
        [
          0,
          333,
          640,
          147
        ],
        [
          0,
          304,
          640,
          176
        ],
        [
          0,
          302,
          386,
          178
        ],
        [
          0,
          313,
          161,
          128
        ],
        [
          524,
          350,
          116,
          86
        ],
        [
          291,
          313,
          349,
          167
        ],
        [
          41,
          309,
          599,
          171
        ]
      ]
    },
    "151": {
      "name": "plant",
      "visible_pos": [
        4,
        5,
        6,
        15,
        16,
        17,
        18,
        28,
        29,
        30
      ],
      "bbox2d": [
        [
          426,
          0,
          179,
          127
        ],
        [
          169,
          0,
          157,
          119
        ],
        [
          0,
          0,
          51,
          144
        ],
        [
          632,
          197,
          8,
          20
        ],
        [
          370,
          154,
          251,
          196
        ],
        [
          142,
          156,
          221,
          186
        ],
        [
          0,
          158,
          134,
          209
        ],
        [
          376,
          378,
          264,
          102
        ],
        [
          123,
          379,
          244,
          101
        ],
        [
          0,
          382,
          117,
          98
        ]
      ]
    },
    "156": {
      "name": "sink",
      "visible_pos": [
        0,
        1,
        2,
        3,
        11,
        12,
        13,
        14,
        15,
        23
      ],
      "bbox2d": [
        [
          252,
          151,
          388,
          96
        ],
        [
          23,
          131,
          470,
          151
        ],
        [
          0,
          138,
          275,
          155
        ],
        [
          0,
          182,
          37,
          34
        ],
        [
          447,
          171,
          193,
          122
        ],
        [
          242,
          375,
          398,
          105
        ],
        [
          0,
          354,
          502,
          126
        ],
        [
          0,
          361,
          275,
          119
        ],
        [
          0,
          416,
          13,
          16
        ],
        [
          467,
          396,
          173,
          84
        ]
      ]
    },
    "158": {
      "name": "decoration",
      "visible_pos": [
        6,
        7,
        8,
        18,
        19,
        20,
        30,
        31,
        32
      ],
      "bbox2d": [
        [
          567,
          0,
          73,
          146
        ],
        [
          318,
          0,
          105,
          121
        ],
        [
          62,
          0,
          123,
          131
        ],
        [
          558,
          196,
          82,
          173
        ],
        [
          318,
          205,
          98,
          139
        ],
        [
          78,
          202,
          115,
          152
        ],
        [
          619,
          427,
          21,
          53
        ],
        [
          343,
          435,
          61,
          45
        ],
        [
          74,
          431,
          75,
          49
        ]
      ]
    },
    "160": {
      "name": "pan",
      "visible_pos": [
        5,
        6,
        7,
        17,
        18,
        19
      ],
      "bbox2d": [
        [
          413,
          122,
          227,
          108
        ],
        [
          196,
          111,
          214,
          83
        ],
        [
          0,
          122,
          194,
          105
        ],
        [
          415,
          345,
          225,
          113
        ],
        [
          192,
          334,
          220,
          89
        ],
        [
          0,
          345,
          188,
          114
        ]
      ]
    }
  }
}