{
  "fc94c2a0445640028200b2f96e1fe90c": {
    "233": {
      "name": "sofa#chair",
      "visible_pos": [
        0,
        1,
        2,
        3,
        11,
        12,
        13,
        14,
        23
      ],
      "bbox2d": [
        [
          316,
          188,
          324,
          292
        ],
        [
          124,
          192,
          381,
          288
        ],
        [
          0,
          211,
          320,
          269
        ],
        [
          0,
          298,
          163,
          182
        ],
        [
          476,
          221,
          164,
          259
        ],
        [
          325,
          415,
          293,
          65
        ],
        [
          96,
          420,
          289,
          60
        ],
        [
          25,
          443,
          108,
          37
        ],
        [
          579,
          455,
          61,
          25
        ]
      ]
    },
    "237": {
      "name": "pillow",
      "visible_pos": [
        0,
        1,
        2,
        11,
        12,
        13
      ],
      "bbox2d": [
        [
          401,
          209,
          98,
          147
        ],
        [
          206,
          208,
          116,
          118
        ],
        [
          0,
          263,
          149,
          103
        ],
        [
          630,
          283,
          10,
          72
        ],
        [
          413,
          440,
          68,
          40
        ],
        [
          189,
          439,
          77,
          41
        ]
      ]
    },
    "256": {
      "name": "sponge#stool",
      "visible_pos": [
        0,
        1,
        9,
        10,
        11,
        12,
        23
      ],
      "bbox2d": [
        [
          82,
          238,
          173,
          242
        ],
        [
          0,
          293,
          63,
          187
        ],
        [
          580,
          469,
          54,
          11
        ],
        [
          370,
          272,
          270,
          208
        ],
        [
          231,
          228,
          212,
          252
        ],
        [
          158,
          478,
          46,
          2
        ],
        [
          384,
          464,
          46,
          16
        ]
      ]
    }
  }
}