{
  "5e08b4f21d6342538a9a6361d4cbd1d6": {
    "859": {
      "name": "plant",
      "visible_pos": [
        4,
        5,
        6,
        7,
        8,
        18
      ],
      "bbox2d": [
        [
          565,
          335,
          75,
          145
        ],
        [
          387,
          263,
          194,
          208
        ],
        [
          217,
          234,
          177,
          201
        ],
        [
          10,
          255,
          222,
          225
        ],
        [
          0,
          422,
          48,
          58
        ],
        [
          328,
          472,
          14,
          8
        ]
      ]
    },
    "871": {
      "name": "pot",
      "visible_pos": [
        0,
        1,
        2,
        10,
        11
      ],
      "bbox2d": [
        [
          272,
          271,
          139,
          164
        ],
        [
          96,
          283,
          140,
          197
        ],
        [
          0,
          356,
          55,
          124
        ],
        [
          618,
          453,
          22,
          27
        ],
        [
          422,
          320,
          201,
          153
        ]
      ]
    },
    "865": {
      "name": "column",
      "visible_pos": [],
      "bbox2d": []
    },
    "866": {
      "name": "column",
      "visible_pos": [],
      "bbox2d": []
    }
  }
}