{
  "176424bc97d94b12a52aefbdfb8c00d9": {
    "438": {
      "name": "light",
      "visible_pos": [
        13,
        14,
        15,
        25,
        26,
        27
      ],
      "bbox2d": [
        [
          443,
          102,
          93,
          69
        ],
        [
          220,
          112,
          82,
          62
        ],
        [
          0,
          80,
          55,
          76
        ],
        [
          447,
          326,
          96,
          70
        ],
        [
          215,
          335,
          86,
          65
        ],
        [
          0,
          303,
          49,
          77
        ]
      ]
    },
    "449": {
      "name": "window",
      "visible_pos": [
        3,
        4,
        5,
        6,
        15,
        16,
        17,
        18,
        27,
        28,
        29,
        30
      ],
      "bbox2d": [
        [
          601,
          48,
          39,
          39
        ],
        [
          339,
          0,
          285,
          186
        ],
        [
          89,
          0,
          277,
          165
        ],
        [
          0,
          0,
          137,
          185
        ],
        [
          584,
          123,
          56,
          189
        ],
        [
          338,
          0,
          286,
          413
        ],
        [
          103,
          11,
          263,
          378
        ],
        [
          0,
          0,
          137,
          412
        ],
        [
          621,
          275,
          19,
          81
        ],
        [
          360,
          222,
          250,
          258
        ],
        [
          96,
          248,
          233,
          232
        ],
        [
          0,
          223,
          125,
          257
        ]
      ]
    },
    "454": {
      "name": "box#of#fruit",
      "visible_pos": [
        3,
        4,
        5,
        6,
        15,
        16,
        17,
        18
      ],
      "bbox2d": [
        [
          539,
          75,
          101,
          101
        ],
        [
          308,
          58,
          203,
          130
        ],
        [
          61,
          62,
          219,
          123
        ],
        [
          0,
          119,
          37,
          92
        ],
        [
          543,
          298,
          97,
          93
        ],
        [
          307,
          287,
          202,
          128
        ],
        [
          62,
          290,
          217,
          121
        ],
        [
          0,
          339,
          23,
          78
        ]
      ]
    },
    "457": {
      "name": "oven",
      "visible_pos": [
        5,
        6,
        7,
        8,
        9,
        17,
        18,
        19,
        20,
        21
      ],
      "bbox2d": [
        [
          453,
          141,
          187,
          339
        ],
        [
          307,
          121,
          333,
          343
        ],
        [
          94,
          103,
          419,
          377
        ],
        [
          0,
          98,
          292,
          382
        ],
        [
          0,
          122,
          109,
          358
        ],
        [
          557,
          364,
          83,
          116
        ],
        [
          318,
          343,
          322,
          137
        ],
        [
          77,
          326,
          435,
          154
        ],
        [
          0,
          322,
          282,
          158
        ],
        [
          0,
          345,
          26,
          135
        ]
      ]
    },
    "474": {
      "name": "bowl",
      "visible_pos": [
        4,
        5,
        6,
        7,
        16,
        17,
        18
      ],
      "bbox2d": [
        [
          548,
          140,
          92,
          133
        ],
        [
          322,
          115,
          162,
          108
        ],
        [
          90,
          118,
          174,
          114
        ],
        [
          0,
          160,
          17,
          42
        ],
        [
          563,
          363,
          77,
          117
        ],
        [
          322,
          338,
          167,
          120
        ],
        [
          83,
          341,
          179,
          128
        ]
      ]
    },
    "478": {
      "name": "window",
      "visible_pos": [
        16,
        29,
        30
      ],
      "bbox2d": [
        [
          460,
          50,
          1,
          2
        ],
        [
          243,
          285,
          1,
          1
        ],
        [
          1,
          239,
          3,
          3
        ]
      ]
    },
    "487": {
      "name": "kitchen#cabinet",
      "visible_pos": [
        0,
        9,
        10,
        11,
        12,
        22,
        23
      ],
      "bbox2d": [
        [
          0,
          189,
          186,
          291
        ],
        [
          467,
          269,
          173,
          211
        ],
        [
          320,
          207,
          284,
          254
        ],
        [
          124,
          176,
          246,
          304
        ],
        [
          59,
          416,
          87,
          64
        ],
        [
          524,
          439,
          113,
          41
        ],
        [
          254,
          401,
          119,
          79
        ]
      ]
    },
    "427": {
      "name": "kitchen#cabinet",
      "visible_pos": [],
      "bbox2d": []
    },
    "434": {
      "name": "kitchen#cabinet",
      "visible_pos": [],
      "bbox2d": []
    },
    "453": {
      "name": "window#frame",
      "visible_pos": [],
      "bbox2d": []
    }
  }
}