{
  "df9d294a3f8849f6ab267f658847f700": {
    "2": {
      "name": "toiletry",
      "visible_pos": [
        0,
        9,
        10,
        11,
        12,
        21,
        22,
        23
      ],
      "bbox2d": [
        [
          0,
          150,
          37,
          36
        ],
        [
          607,
          157,
          33,
          20
        ],
        [
          362,
          92,
          148,
          68
        ],
        [
          139,
          93,
          144,
          60
        ],
        [
          0,
          373,
          27,
          35
        ],
        [
          621,
          381,
          19,
          15
        ],
        [
          363,
          317,
          150,
          68
        ],
        [
          135,
          317,
          147,
          59
        ]
      ]
    },
    "10": {
      "name": "bath#cabinet",
      "visible_pos": [
        0,
        1,
        2,
        9,
        10,
        11,
        12,
        13,
        14,
        21,
        22,
        23
      ],
      "bbox2d": [
        [
          0,
          224,
          558,
          210
        ],
        [
          0,
          208,
          343,
          272
        ],
        [
          0,
          228,
          183,
          252
        ],
        [
          499,
          140,
          141,
          340
        ],
        [
          304,
          126,
          336,
          354
        ],
        [
          65,
          146,
          575,
          334
        ],
        [
          1,
          460,
          588,
          20
        ],
        [
          191,
          440,
          156,
          40
        ],
        [
          80,
          465,
          34,
          15
        ],
        [
          540,
          364,
          100,
          116
        ],
        [
          304,
          349,
          284,
          131
        ],
        [
          59,
          369,
          387,
          111
        ]
      ]
    },
    "22": {
      "name": "light",
      "visible_pos": [
        12,
        13,
        22,
        23,
        24,
        25,
        34,
        35
      ],
      "bbox2d": [
        [
          49,
          0,
          250,
          71
        ],
        [
          0,
          0,
          52,
          34
        ],
        [
          531,
          0,
          109,
          60
        ],
        [
          298,
          0,
          234,
          86
        ],
        [
          84,
          235,
          217,
          62
        ],
        [
          0,
          179,
          78,
          87
        ],
        [
          506,
          183,
          134,
          106
        ],
        [
          300,
          225,
          214,
          85
        ]
      ]
    },
    "23": {
      "name": "mirror",
      "visible_pos": [
        0,
        1,
        10,
        11,
        12,
        13,
        14,
        22,
        23,
        24,
        25,
        26,
        34,
        35
      ],
      "bbox2d": [
        [
          0,
          0,
          520,
          155
        ],
        [
          0,
          0,
          262,
          179
        ],
        [
          423,
          0,
          217,
          149
        ],
        [
          175,
          0,
          465,
          186
        ],
        [
          0,
          53,
          496,
          327
        ],
        [
          0,
          26,
          268,
          379
        ],
        [
          0,
          250,
          6,
          42
        ],
        [
          396,
          26,
          244,
          346
        ],
        [
          171,
          28,
          469,
          384
        ],
        [
          0,
          282,
          513,
          198
        ],
        [
          0,
          251,
          262,
          229
        ],
        [
          0,
          263,
          20,
          66
        ],
        [
          395,
          258,
          245,
          222
        ],
        [
          154,
          254,
          486,
          226
        ]
      ]
    },
    "24": {
      "name": "countertop",
      "visible_pos": [
        0,
        1,
        2,
        9,
        10,
        11,
        12,
        13,
        14,
        21,
        22,
        23
      ],
      "bbox2d": [
        [
          0,
          125,
          567,
          119
        ],
        [
          0,
          138,
          347,
          156
        ],
        [
          0,
          176,
          139,
          117
        ],
        [
          536,
          134,
          104,
          78
        ],
        [
          304,
          113,
          336,
          185
        ],
        [
          63,
          120,
          577,
          175
        ],
        [
          0,
          347,
          602,
          133
        ],
        [
          0,
          362,
          349,
          118
        ],
        [
          0,
          402,
          118,
          78
        ],
        [
          539,
          357,
          101,
          70
        ],
        [
          304,
          336,
          336,
          144
        ],
        [
          58,
          343,
          582,
          137
        ]
      ]
    },
    "26": {
      "name": "shower#rod",
      "visible_pos": [
        18,
        19,
        20,
        28,
        29,
        30,
        31,
        32
      ],
      "bbox2d": [
        [
          513,
          0,
          121,
          142
        ],
        [
          283,
          0,
          89,
          151
        ],
        [
          28,
          0,
          116,
          133
        ],
        [
          490,
          114,
          150,
          106
        ],
        [
          295,
          118,
          345,
          122
        ],
        [
          89,
          189,
          527,
          176
        ],
        [
          0,
          122,
          370,
          253
        ],
        [
          0,
          113,
          150,
          243
        ]
      ]
    },
    "27": {
      "name": "toiletry",
      "visible_pos": [
        0,
        1,
        11,
        12,
        13,
        23
      ],
      "bbox2d": [
        [
          260,
          128,
          181,
          92
        ],
        [
          19,
          142,
          216,
          87
        ],
        [
          471,
          144,
          169,
          121
        ],
        [
          256,
          351,
          195,
          102
        ],
        [
          0,
          365,
          228,
          101
        ],
        [
          482,
          367,
          158,
          113
        ]
      ]
    },
    "29": {
      "name": "sink",
      "visible_pos": [
        0,
        10,
        11,
        12,
        22,
        23
      ],
      "bbox2d": [
        [
          52,
          163,
          145,
          42
        ],
        [
          502,
          168,
          138,
          65
        ],
        [
          284,
          151,
          122,
          38
        ],
        [
          29,
          387,
          157,
          49
        ],
        [
          513,
          393,
          127,
          62
        ],
        [
          284,
          374,
          128,
          43
        ]
      ]
    },
    "30": {
      "name": "towel",
      "visible_pos": [
        0,
        1,
        2,
        12,
        13,
        14,
        24,
        25,
        26
      ],
      "bbox2d": [
        [
          483,
          0,
          106,
          160
        ],
        [
          257,
          0,
          67,
          147
        ],
        [
          0,
          0,
          90,
          172
        ],
        [
          483,
          203,
          83,
          181
        ],
        [
          257,
          207,
          67,
          163
        ],
        [
          0,
          201,
          85,
          197
        ],
        [
          535,
          433,
          54,
          47
        ],
        [
          274,
          438,
          43,
          42
        ],
        [
          0,
          431,
          48,
          49
        ]
      ]
    },
    "3": {
      "name": "shower",
      "visible_pos": [],
      "bbox2d": []
    },
    "18": {
      "name": "towel",
      "visible_pos": [],
      "bbox2d": []
    }
  }
}