{
  "cc896d0984cc4661bff9087a0df6967c": {
    "739": {
      "name": "picture",
      "visible_pos": [
        8,
        9,
        10,
        11,
        20,
        21,
        22,
        23,
        31,
        32,
        33,
        34,
        35
      ],
      "bbox2d": [
        [
          420,
          0,
          220,
          362
        ],
        [
          203,
          0,
          410,
          295
        ],
        [
          0,
          0,
          332,
          350
        ],
        [
          0,
          0,
          118,
          368
        ],
        [
          440,
          0,
          200,
          480
        ],
        [
          217,
          0,
          357,
          480
        ],
        [
          0,
          0,
          330,
          480
        ],
        [
          0,
          0,
          94,
          480
        ],
        [
          630,
          71,
          10,
          32
        ],
        [
          422,
          79,
          218,
          401
        ],
        [
          203,
          156,
          410,
          324
        ],
        [
          0,
          105,
          332,
          375
        ],
        [
          0,
          64,
          128,
          416
        ]
      ]
    },
    "741": {
      "name": "post",
      "visible_pos": [
        3,
        4,
        5,
        6,
        16,
        17,
        18,
        28,
        29,
        30
      ],
      "bbox2d": [
        [
          620,
          348,
          20,
          40
        ],
        [
          412,
          0,
          199,
          348
        ],
        [
          214,
          0,
          118,
          325
        ],
        [
          0,
          0,
          146,
          371
        ],
        [
          435,
          0,
          140,
          480
        ],
        [
          213,
          0,
          119,
          480
        ],
        [
          0,
          0,
          95,
          480
        ],
        [
          425,
          151,
          186,
          329
        ],
        [
          214,
          175,
          119,
          305
        ],
        [
          0,
          131,
          142,
          349
        ]
      ]
    },
    "761": {
      "name": "stair",
      "visible_pos": [
        1,
        2,
        3,
        4,
        5
      ],
      "bbox2d": [
        [
          466,
          352,
          174,
          128
        ],
        [
          313,
          299,
          327,
          181
        ],
        [
          156,
          301,
          347,
          160
        ],
        [
          0,
          287,
          341,
          193
        ],
        [
          0,
          329,
          189,
          151
        ]
      ]
    },
    "728": {
      "name": "picture",
      "visible_pos": [],
      "bbox2d": []
    },
    "749": {
      "name": "post",
      "visible_pos": [],
      "bbox2d": []
    },
    "751": {
      "name": "post",
      "visible_pos": [],
      "bbox2d": []
    },
    "758": {
      "name": "post",
      "visible_pos": [],
      "bbox2d": []
    }
  }
}