{
  "ca23f08d5698489da6a12607ebccecfc": {
    "91": {
      "name": "window",
      "visible_pos": [
        13,
        14,
        15,
        16,
        17,
        24,
        25,
        26,
        27,
        28,
        29,
        30
      ],
      "bbox2d": [
        [
          415,
          0,
          225,
          184
        ],
        [
          192,
          0,
          444,
          183
        ],
        [
          0,
          0,
          591,
          133
        ],
        [
          0,
          0,
          405,
          41
        ],
        [
          53,
          0,
          128,
          33
        ],
        [
          580,
          0,
          60,
          198
        ],
        [
          391,
          0,
          249,
          411
        ],
        [
          185,
          0,
          455,
          410
        ],
        [
          0,
          0,
          627,
          356
        ],
        [
          0,
          0,
          394,
          272
        ],
        [
          0,
          0,
          230,
          266
        ],
        [
          0,
          0,
          35,
          49
        ]
      ]
    },
    "98": {
      "name": "curtain",
      "visible_pos": [],
      "bbox2d": []
    },
    "83": {
      "name": "window#frame",
      "visible_pos": [],
      "bbox2d": []
    },
    "86": {
      "name": "shower#curtain",
      "visible_pos": [],
      "bbox2d": []
    },
    "89": {
      "name": "bathtub",
      "visible_pos": [],
      "bbox2d": []
    }
  }
}