{
  "4d574a196c884caa93b2da69dd36f201": {
    "100": {
      "name": "light",
      "visible_pos": [
        14,
        15,
        25,
        26,
        27,
        28
      ],
      "bbox2d": [
        [
          392,
          21,
          72,
          49
        ],
        [
          167,
          20,
          73,
          49
        ],
        [
          620,
          215,
          20,
          34
        ],
        [
          386,
          256,
          65,
          40
        ],
        [
          182,
          255,
          64,
          41
        ],
        [
          0,
          223,
          9,
          21
        ]
      ]
    }
  }
}