{
  "e47436300f4f4b90a2415ea87eee0903": {
    "151": {
      "name": "kitchen#counter",
      "visible_pos": [
        0,
        1,
        2,
        10,
        11,
        12,
        13,
        22,
        23
      ],
      "bbox2d": [
        [
          60,
          107,
          395,
          293
        ],
        [
          0,
          198,
          268,
          276
        ],
        [
          0,
          305,
          64,
          89
        ],
        [
          514,
          108,
          126,
          368
        ],
        [
          300,
          97,
          340,
          303
        ],
        [
          51,
          330,
          334,
          150
        ],
        [
          0,
          436,
          129,
          44
        ],
        [
          533,
          333,
          107,
          147
        ],
        [
          299,
          321,
          277,
          159
        ]
      ]
    },
    "152": {
      "name": "light",
      "visible_pos": [
        21,
        22,
        23,
        33,
        34,
        35
      ],
      "bbox2d": [
        [
          533,
          63,
          103,
          65
        ],
        [
          299,
          90,
          74,
          56
        ],
        [
          51,
          71,
          95,
          63
        ],
        [
          528,
          290,
          99,
          61
        ],
        [
          299,
          315,
          74,
          54
        ],
        [
          58,
          297,
          90,
          60
        ]
      ]
    },
    "177": {
      "name": "sink",
      "visible_pos": [
        0,
        1,
        10,
        11,
        12,
        23
      ],
      "bbox2d": [
        [
          204,
          224,
          179,
          102
        ],
        [
          0,
          249,
          202,
          136
        ],
        [
          595,
          313,
          45,
          103
        ],
        [
          387,
          235,
          203,
          126
        ],
        [
          229,
          459,
          127,
          21
        ],
        [
          479,
          474,
          8,
          6
        ]
      ]
    }
  }
}