{
  "42135c66aa4d464aa8a91630c187ed99": {
    "224": {
      "name": "plant",
      "visible_pos": [
        4,
        5,
        6,
        7
      ],
      "bbox2d": [
        [
          463,
          274,
          177,
          141
        ],
        [
          295,
          239,
          165,
          121
        ],
        [
          119,
          248,
          160,
          139
        ],
        [
          0,
          329,
          84,
          148
        ]
      ]
    }
  }
}