{
  "b70cb517baa54649b2c788c63c9db911": {
    "153": {
      "name": "kitchen#island",
      "visible_pos": [
        0,
        1,
        2,
        3,
        4,
        5,
        12,
        13,
        14,
        15,
        16
      ],
      "bbox2d": [
        [
          469,
          220,
          171,
          260
        ],
        [
          309,
          185,
          331,
          295
        ],
        [
          106,
          164,
          534,
          316
        ],
        [
          0,
          145,
          434,
          335
        ],
        [
          0,
          147,
          239,
          333
        ],
        [
          0,
          301,
          56,
          179
        ],
        [
          558,
          454,
          82,
          26
        ],
        [
          307,
          412,
          333,
          68
        ],
        [
          78,
          389,
          562,
          91
        ],
        [
          0,
          368,
          441,
          112
        ],
        [
          0,
          370,
          218,
          110
        ]
      ]
    },
    "154": {
      "name": "dining#chair",
      "visible_pos": [
        4,
        5,
        6,
        16,
        17,
        18
      ],
      "bbox2d": [
        [
          506,
          219,
          93,
          77
        ],
        [
          311,
          186,
          58,
          83
        ],
        [
          102,
          198,
          67,
          102
        ],
        [
          547,
          453,
          90,
          27
        ],
        [
          310,
          413,
          64,
          67
        ],
        [
          69,
          427,
          78,
          53
        ]
      ]
    },
    "155": {
      "name": "dining#table",
      "visible_pos": [
        3,
        4,
        5,
        6,
        7,
        8,
        17,
        18,
        19
      ],
      "bbox2d": [
        [
          614,
          441,
          26,
          39
        ],
        [
          415,
          254,
          225,
          226
        ],
        [
          270,
          200,
          357,
          280
        ],
        [
          88,
          190,
          330,
          290
        ],
        [
          0,
          214,
          256,
          266
        ],
        [
          0,
          337,
          90,
          143
        ],
        [
          354,
          429,
          244,
          51
        ],
        [
          145,
          417,
          202,
          63
        ],
        [
          0,
          447,
          115,
          33
        ]
      ]
    },
    "156": {
      "name": "dining#chair",
      "visible_pos": [
        5,
        6,
        7,
        8
      ],
      "bbox2d": [
        [
          579,
          390,
          61,
          90
        ],
        [
          383,
          259,
          99,
          221
        ],
        [
          248,
          251,
          75,
          229
        ],
        [
          37,
          301,
          129,
          179
        ]
      ]
    },
    "157": {
      "name": "dining#chair",
      "visible_pos": [
        3,
        4,
        5,
        6,
        17
      ],
      "bbox2d": [
        [
          572,
          356,
          68,
          124
        ],
        [
          388,
          250,
          129,
          195
        ],
        [
          238,
          228,
          77,
          206
        ],
        [
          24,
          257,
          97,
          223
        ],
        [
          270,
          464,
          44,
          16
        ]
      ]
    },
    "159": {
      "name": "window",
      "visible_pos": [
        0,
        1,
        10,
        11,
        12,
        13,
        22,
        23,
        24,
        25,
        34,
        35
      ],
      "bbox2d": [
        [
          0,
          0,
          318,
          342
        ],
        [
          0,
          0,
          91,
          240
        ],
        [
          433,
          0,
          207,
          297
        ],
        [
          224,
          0,
          364,
          288
        ],
        [
          0,
          0,
          318,
          480
        ],
        [
          0,
          72,
          78,
          376
        ],
        [
          458,
          5,
          182,
          475
        ],
        [
          234,
          17,
          324,
          463
        ],
        [
          0,
          206,
          314,
          274
        ],
        [
          0,
          283,
          78,
          197
        ],
        [
          452,
          244,
          188,
          236
        ],
        [
          224,
          253,
          364,
          227
        ]
      ]
    },
    "160": {
      "name": "dining#chair",
      "visible_pos": [
        5,
        6,
        7,
        8,
        18,
        19
      ],
      "bbox2d": [
        [
          612,
          346,
          28,
          126
        ],
        [
          406,
          203,
          66,
          173
        ],
        [
          226,
          198,
          54,
          163
        ],
        [
          0,
          243,
          106,
          172
        ],
        [
          450,
          433,
          43,
          47
        ],
        [
          226,
          427,
          41,
          53
        ]
      ]
    },
    "161": {
      "name": "dining#chair",
      "visible_pos": [
        4,
        5,
        6,
        7
      ],
      "bbox2d": [
        [
          393,
          415,
          32,
          65
        ],
        [
          251,
          411,
          94,
          69
        ],
        [
          95,
          437,
          297,
          43
        ],
        [
          250,
          436,
          3,
          3
        ]
      ]
    },
    "164": {
      "name": "toaster",
      "visible_pos": [
        0,
        1,
        2,
        12,
        13,
        14
      ],
      "bbox2d": [
        [
          564,
          152,
          60,
          76
        ],
        [
          332,
          131,
          44,
          62
        ],
        [
          105,
          142,
          62,
          63
        ],
        [
          576,
          376,
          64,
          88
        ],
        [
          332,
          354,
          48,
          67
        ],
        [
          96,
          365,
          57,
          71
        ]
      ]
    },
    "165": {
      "name": "light",
      "visible_pos": [
        13,
        14,
        15,
        25,
        26,
        27
      ],
      "bbox2d": [
        [
          410,
          40,
          108,
          72
        ],
        [
          187,
          49,
          100,
          67
        ],
        [
          0,
          9,
          34,
          72
        ],
        [
          406,
          271,
          101,
          64
        ],
        [
          193,
          279,
          95,
          60
        ],
        [
          0,
          232,
          56,
          75
        ]
      ]
    },
    "176": {
      "name": "plant",
      "visible_pos": [
        5,
        6,
        7,
        17,
        18,
        19
      ],
      "bbox2d": [
        [
          523,
          208,
          117,
          136
        ],
        [
          329,
          174,
          89,
          115
        ],
        [
          132,
          183,
          87,
          122
        ],
        [
          587,
          439,
          53,
          41
        ],
        [
          333,
          399,
          97,
          81
        ],
        [
          104,
          409,
          103,
          71
        ]
      ]
    },
    "180": {
      "name": "kettle",
      "visible_pos": [
        0,
        1,
        2,
        12,
        13,
        14
      ],
      "bbox2d": [
        [
          533,
          168,
          69,
          85
        ],
        [
          322,
          145,
          46,
          72
        ],
        [
          95,
          158,
          70,
          76
        ],
        [
          562,
          393,
          71,
          87
        ],
        [
          322,
          368,
          51,
          82
        ],
        [
          82,
          382,
          64,
          90
        ]
      ]
    },
    "181": {
      "name": "pan",
      "visible_pos": [
        0,
        1,
        2,
        3,
        12,
        13,
        14
      ],
      "bbox2d": [
        [
          599,
          193,
          41,
          62
        ],
        [
          368,
          159,
          88,
          52
        ],
        [
          155,
          161,
          92,
          53
        ],
        [
          0,
          222,
          9,
          31
        ],
        [
          634,
          429,
          6,
          36
        ],
        [
          371,
          383,
          95,
          60
        ],
        [
          144,
          385,
          97,
          61
        ]
      ]
    },
    "182": {
      "name": "plate",
      "visible_pos": [
        4,
        5,
        6,
        7
      ],
      "bbox2d": [
        [
          585,
          300,
          55,
          54
        ],
        [
          378,
          243,
          63,
          45
        ],
        [
          192,
          241,
          59,
          51
        ],
        [
          0,
          292,
          30,
          73
        ]
      ]
    },
    "183": {
      "name": "plate",
      "visible_pos": [
        5,
        6,
        7,
        17,
        18
      ],
      "bbox2d": [
        [
          443,
          239,
          84,
          39
        ],
        [
          250,
          226,
          76,
          27
        ],
        [
          29,
          258,
          101,
          36
        ],
        [
          482,
          479,
          2,
          1
        ],
        [
          240,
          462,
          85,
          18
        ]
      ]
    },
    "184": {
      "name": "plate",
      "visible_pos": [
        4,
        5,
        6,
        7
      ],
      "bbox2d": [
        [
          579,
          348,
          61,
          83
        ],
        [
          384,
          280,
          81,
          62
        ],
        [
          211,
          276,
          74,
          58
        ],
        [
          0,
          332,
          94,
          72
        ]
      ]
    },
    "185": {
      "name": "plate",
      "visible_pos": [
        5,
        6,
        7
      ],
      "bbox2d": [
        [
          449,
          264,
          82,
          61
        ],
        [
          263,
          247,
          76,
          48
        ],
        [
          56,
          279,
          99,
          48
        ]
      ]
    },
    "167": {
      "name": "window#frame",
      "visible_pos": [],
      "bbox2d": []
    }
  }
}