{
  "22916ceaf05b46a6bc0b961d80782da8": {
    "89": {
      "name": "bathtub",
      "visible_pos": [
        3,
        4,
        5,
        15,
        16,
        17,
        27,
        28,
        29
      ],
      "bbox2d": [
        [
          408,
          0,
          232,
          280
        ],
        [
          165,
          0,
          272,
          240
        ],
        [
          0,
          0,
          211,
          292
        ],
        [
          401,
          236,
          239,
          244
        ],
        [
          178,
          237,
          253,
          242
        ],
        [
          0,
          236,
          208,
          244
        ],
        [
          506,
          475,
          97,
          5
        ],
        [
          246,
          475,
          78,
          5
        ],
        [
          0,
          475,
          50,
          5
        ]
      ]
    },
    "94": {
      "name": "mirror",
      "visible_pos": [
        12,
        13,
        14,
        24,
        25,
        26,
        35
      ],
      "bbox2d": [
        [
          452,
          0,
          188,
          141
        ],
        [
          228,
          0,
          159,
          154
        ],
        [
          0,
          0,
          162,
          150
        ],
        [
          421,
          138,
          219,
          226
        ],
        [
          229,
          152,
          158,
          226
        ],
        [
          0,
          92,
          193,
          281
        ],
        [
          623,
          58,
          17,
          44
        ]
      ]
    },
    "96": {
      "name": "bath#cabinet",
      "visible_pos": [
        0,
        1,
        2,
        3,
        12,
        13,
        14,
        24,
        25,
        26
      ],
      "bbox2d": [
        [
          441,
          0,
          199,
          257
        ],
        [
          217,
          0,
          283,
          241
        ],
        [
          0,
          0,
          254,
          281
        ],
        [
          0,
          178,
          13,
          52
        ],
        [
          449,
          167,
          191,
          313
        ],
        [
          226,
          177,
          260,
          303
        ],
        [
          0,
          163,
          260,
          317
        ],
        [
          461,
          393,
          179,
          87
        ],
        [
          217,
          403,
          285,
          77
        ],
        [
          0,
          387,
          254,
          93
        ]
      ]
    },
    "97": {
      "name": "sink",
      "visible_pos": [],
      "bbox2d": []
    }
  }
}