{
  "ac3dc08c7a2646b991fda42ccc42bc47": {
    "356": {
      "name": "nightstand",
      "visible_pos": [
        6,
        7,
        8,
        9,
        10
      ],
      "bbox2d": [
        [
          619,
          429,
          21,
          51
        ],
        [
          423,
          313,
          215,
          167
        ],
        [
          263,
          284,
          163,
          196
        ],
        [
          79,
          295,
          183,
          185
        ],
        [
          0,
          359,
          102,
          121
        ]
      ]
    },
    "358": {
      "name": "chandelier",
      "visible_pos": [
        15,
        16,
        17,
        27,
        28,
        29,
        30
      ],
      "bbox2d": [
        [
          609,
          0,
          31,
          104
        ],
        [
          355,
          0,
          132,
          136
        ],
        [
          124,
          0,
          137,
          133
        ],
        [
          578,
          210,
          62,
          120
        ],
        [
          353,
          233,
          121,
          126
        ],
        [
          134,
          235,
          131,
          121
        ],
        [
          0,
          178,
          34,
          96
        ]
      ]
    },
    "370": {
      "name": "pillow",
      "visible_pos": [
        6,
        7,
        8,
        18,
        19,
        20
      ],
      "bbox2d": [
        [
          428,
          212,
          212,
          163
        ],
        [
          242,
          176,
          177,
          168
        ],
        [
          20,
          186,
          195,
          195
        ],
        [
          466,
          468,
          87,
          12
        ],
        [
          236,
          402,
          192,
          78
        ],
        [
          151,
          412,
          54,
          68
        ]
      ]
    },
    "378": {
      "name": "lamp",
      "visible_pos": [
        7,
        8,
        9,
        19,
        20,
        21
      ],
      "bbox2d": [
        [
          440,
          160,
          183,
          227
        ],
        [
          250,
          143,
          145,
          202
        ],
        [
          31,
          157,
          175,
          217
        ],
        [
          479,
          384,
          158,
          96
        ],
        [
          243,
          367,
          162,
          113
        ],
        [
          14,
          381,
          167,
          99
        ]
      ]
    },
    "389": {
      "name": "pillow",
      "visible_pos": [
        5,
        6,
        7,
        8,
        17,
        18,
        19
      ],
      "bbox2d": [
        [
          530,
          234,
          110,
          94
        ],
        [
          326,
          195,
          103,
          84
        ],
        [
          117,
          203,
          116,
          94
        ],
        [
          0,
          284,
          2,
          25
        ],
        [
          594,
          473,
          46,
          7
        ],
        [
          324,
          424,
          120,
          56
        ],
        [
          97,
          434,
          124,
          46
        ]
      ]
    },
    "390": {
      "name": "pillow",
      "visible_pos": [
        5,
        6,
        7,
        8,
        18,
        19
      ],
      "bbox2d": [
        [
          582,
          240,
          58,
          98
        ],
        [
          377,
          149,
          84,
          125
        ],
        [
          184,
          147,
          79,
          137
        ],
        [
          0,
          254,
          40,
          83
        ],
        [
          394,
          373,
          87,
          107
        ],
        [
          169,
          370,
          86,
          110
        ]
      ]
    },
    "391": {
      "name": "pillow",
      "visible_pos": [
        6,
        7,
        8,
        9,
        19,
        20
      ],
      "bbox2d": [
        [
          504,
          207,
          136,
          210
        ],
        [
          324,
          172,
          126,
          174
        ],
        [
          118,
          178,
          147,
          180
        ],
        [
          0,
          264,
          75,
          188
        ],
        [
          325,
          397,
          143,
          83
        ],
        [
          92,
          404,
          151,
          76
        ]
      ]
    },
    "392": {
      "name": "pillow",
      "visible_pos": [],
      "bbox2d": []
    },
    "360": {
      "name": "bed",
      "visible_pos": [],
      "bbox2d": []
    },
    "371": {
      "name": "curtains",
      "visible_pos": [],
      "bbox2d": []
    },
    "372": {
      "name": "curtains",
      "visible_pos": [],
      "bbox2d": []
    },
    "377": {
      "name": "curtains",
      "visible_pos": [],
      "bbox2d": []
    }
  }
}