{
  "0d579753613b46df874d1272a29fa2f6": {
    "747": {
      "name": "toilet",
      "visible_pos": [
        0,
        1,
        9,
        10,
        11,
        23
      ],
      "bbox2d": [
        [
          19,
          262,
          210,
          218
        ],
        [
          0,
          333,
          36,
          147
        ],
        [
          497,
          399,
          143,
          81
        ],
        [
          347,
          241,
          283,
          239
        ],
        [
          198,
          225,
          211,
          255
        ],
        [
          271,
          461,
          63,
          19
        ]
      ]
    },
    "757": {
      "name": "window",
      "visible_pos": [
        8,
        9,
        10,
        20,
        21,
        22,
        32,
        33,
        34
      ],
      "bbox2d": [
        [
          453,
          0,
          187,
          167
        ],
        [
          217,
          0,
          261,
          153
        ],
        [
          0,
          0,
          233,
          165
        ],
        [
          447,
          0,
          193,
          387
        ],
        [
          224,
          3,
          233,
          373
        ],
        [
          0,
          0,
          233,
          389
        ],
        [
          432,
          209,
          208,
          271
        ],
        [
          217,
          242,
          261,
          238
        ],
        [
          0,
          206,
          232,
          274
        ]
      ]
    },
    "769": {
      "name": "sink",
      "visible_pos": [],
      "bbox2d": []
    },
    "770": {
      "name": "toilet#paper",
      "visible_pos": [
        9,
        10,
        11
      ],
      "bbox2d": [
        [
          478,
          301,
          85,
          54
        ],
        [
          296,
          265,
          67,
          55
        ],
        [
          106,
          284,
          77,
          66
        ]
      ]
    },
    "734": {
      "name": "doorway",
      "visible_pos": [],
      "bbox2d": []
    },
    "767": {
      "name": "doorway",
      "visible_pos": [],
      "bbox2d": []
    }
  }
}