{
  "4e34693a636341a2bb423d6126c967e5": {
    "179": {
      "name": "lamp",
      "visible_pos": [
        15,
        25,
        26,
        27,
        28,
        29
      ],
      "bbox2d": [
        [
          252,
          0,
          74,
          20
        ],
        [
          585,
          0,
          55,
          116
        ],
        [
          395,
          51,
          160,
          185
        ],
        [
          227,
          73,
          145,
          182
        ],
        [
          28,
          25,
          178,
          198
        ],
        [
          0,
          18,
          5,
          26
        ]
      ]
    },
    "181": {
      "name": "rug",
      "visible_pos": [
        10,
        11
      ],
      "bbox2d": [
        [
          398,
          474,
          15,
          6
        ],
        [
          264,
          462,
          42,
          18
        ]
      ]
    }
  }
}