{
  "c3d775925a4b44da8704728ce4ca1ae7": {
    "548": {
      "name": "picture",
      "visible_pos": [
        6,
        7,
        8,
        18,
        19,
        20,
        30,
        31,
        32
      ],
      "bbox2d": [
        [
          447,
          0,
          115,
          142
        ],
        [
          199,
          0,
          101,
          129
        ],
        [
          0,
          0,
          59,
          150
        ],
        [
          437,
          102,
          97,
          264
        ],
        [
          214,
          115,
          86,
          237
        ],
        [
          0,
          88,
          53,
          286
        ],
        [
          442,
          326,
          117,
          154
        ],
        [
          199,
          338,
          100,
          142
        ],
        [
          0,
          313,
          56,
          167
        ]
      ]
    },
    "530": {
      "name": "doorway",
      "visible_pos": [],
      "bbox2d": []
    },
    "538": {
      "name": "curtain",
      "visible_pos": [],
      "bbox2d": []
    },
    "539": {
      "name": "window",
      "visible_pos": [],
      "bbox2d": []
    },
    "543": {
      "name": "curtain",
      "visible_pos": [],
      "bbox2d": []
    }
  }
}