{
  "a9d9d5e3d5e44d5080b643057d25fc27": {
    "92": {
      "name": "chair",
      "visible_pos": [
        8,
        9,
        10,
        11,
        21,
        22,
        23
      ],
      "bbox2d": [
        [
          614,
          403,
          26,
          52
        ],
        [
          422,
          122,
          177,
          305
        ],
        [
          225,
          113,
          136,
          280
        ],
        [
          0,
          135,
          172,
          291
        ],
        [
          445,
          345,
          179,
          135
        ],
        [
          222,
          336,
          143,
          144
        ],
        [
          0,
          358,
          137,
          122
        ]
      ]
    },
    "103": {
      "name": "chair",
      "visible_pos": [
        0,
        8,
        9,
        10,
        11,
        21,
        22
      ],
      "bbox2d": [
        [
          0,
          407,
          198,
          73
        ],
        [
          639,
          479,
          1,
          1
        ],
        [
          434,
          237,
          158,
          243
        ],
        [
          249,
          227,
          221,
          253
        ],
        [
          27,
          268,
          308,
          212
        ],
        [
          467,
          477,
          25,
          3
        ],
        [
          238,
          463,
          46,
          17
        ]
      ]
    },
    "105": {
      "name": "chair",
      "visible_pos": [
        0,
        1,
        11,
        12,
        13,
        23
      ],
      "bbox2d": [
        [
          275,
          127,
          116,
          186
        ],
        [
          62,
          135,
          110,
          218
        ],
        [
          452,
          153,
          188,
          191
        ],
        [
          279,
          349,
          113,
          131
        ],
        [
          29,
          357,
          138,
          123
        ],
        [
          513,
          376,
          127,
          104
        ]
      ]
    },
    "107": {
      "name": "chandelier",
      "visible_pos": [
        12,
        22,
        23,
        24,
        34,
        35
      ],
      "bbox2d": [
        [
          0,
          0,
          178,
          187
        ],
        [
          452,
          0,
          188,
          186
        ],
        [
          229,
          0,
          173,
          193
        ],
        [
          0,
          186,
          184,
          228
        ],
        [
          436,
          188,
          204,
          225
        ],
        [
          238,
          220,
          163,
          202
        ]
      ]
    },
    "112": {
      "name": "chair",
      "visible_pos": [
        0,
        1,
        2,
        10,
        11,
        12,
        13,
        23
      ],
      "bbox2d": [
        [
          198,
          180,
          237,
          300
        ],
        [
          83,
          183,
          158,
          297
        ],
        [
          0,
          274,
          43,
          206
        ],
        [
          607,
          441,
          33,
          39
        ],
        [
          316,
          218,
          324,
          262
        ],
        [
          347,
          407,
          101,
          73
        ],
        [
          132,
          410,
          93,
          70
        ],
        [
          630,
          460,
          10,
          20
        ]
      ]
    },
    "111": {
      "name": "column",
      "visible_pos": [],
      "bbox2d": []
    }
  }
}