{
  "90769276290547eaabfde2cc89a6cf59": {
    "127": {
      "name": "kitchen#island",
      "visible_pos": [
        0,
        1,
        7,
        8,
        9,
        10,
        11,
        12,
        20,
        21,
        22,
        23
      ],
      "bbox2d": [
        [
          0,
          76,
          245,
          404
        ],
        [
          0,
          264,
          20,
          47
        ],
        [
          550,
          345,
          90,
          135
        ],
        [
          376,
          126,
          264,
          354
        ],
        [
          217,
          116,
          423,
          364
        ],
        [
          0,
          79,
          640,
          401
        ],
        [
          0,
          68,
          479,
          412
        ],
        [
          0,
          302,
          247,
          178
        ],
        [
          478,
          348,
          162,
          132
        ],
        [
          253,
          338,
          387,
          142
        ],
        [
          0,
          304,
          640,
          176
        ],
        [
          0,
          295,
          472,
          185
        ]
      ]
    },
    "149": {
      "name": "picture",
      "visible_pos": [
        8,
        9,
        20,
        21,
        32,
        33
      ],
      "bbox2d": [
        [
          439,
          0,
          66,
          87
        ],
        [
          188,
          0,
          60,
          86
        ],
        [
          427,
          57,
          54,
          256
        ],
        [
          204,
          60,
          52,
          251
        ],
        [
          420,
          288,
          85,
          192
        ],
        [
          188,
          287,
          66,
          193
        ]
      ]
    },
    "126": {
      "name": "cabinet",
      "visible_pos": [],
      "bbox2d": []
    }
  }
}