{
  "49b3c844c10c4f1f8e36342aedb7bf94": {
    "84": {
      "name": "chair",
      "visible_pos": [
        5,
        6,
        7,
        8,
        17,
        18,
        19
      ],
      "bbox2d": [
        [
          535,
          147,
          105,
          249
        ],
        [
          308,
          129,
          131,
          195
        ],
        [
          73,
          146,
          190,
          193
        ],
        [
          0,
          317,
          68,
          100
        ],
        [
          544,
          370,
          75,
          110
        ],
        [
          308,
          352,
          115,
          128
        ],
        [
          63,
          369,
          136,
          111
        ]
      ]
    },
    "96": {
      "name": "chair",
      "visible_pos": [
        6,
        7,
        8,
        9,
        10,
        20,
        21
      ],
      "bbox2d": [
        [
          544,
          469,
          96,
          11
        ],
        [
          362,
          243,
          278,
          237
        ],
        [
          221,
          195,
          203,
          285
        ],
        [
          70,
          198,
          158,
          282
        ],
        [
          0,
          453,
          22,
          27
        ],
        [
          370,
          423,
          66,
          57
        ],
        [
          155,
          427,
          58,
          53
        ]
      ]
    },
    "108": {
      "name": "chair",
      "visible_pos": [
        5,
        6,
        7,
        8,
        17,
        18,
        19
      ],
      "bbox2d": [
        [
          476,
          206,
          164,
          274
        ],
        [
          275,
          187,
          248,
          293
        ],
        [
          53,
          210,
          314,
          270
        ],
        [
          0,
          355,
          232,
          125
        ],
        [
          498,
          437,
          82,
          43
        ],
        [
          271,
          414,
          75,
          66
        ],
        [
          12,
          442,
          91,
          38
        ]
      ]
    },
    "109": {
      "name": "chandelier",
      "visible_pos": [
        18,
        19,
        20,
        30,
        31,
        32
      ],
      "bbox2d": [
        [
          540,
          0,
          100,
          186
        ],
        [
          305,
          13,
          143,
          183
        ],
        [
          59,
          0,
          166,
          191
        ],
        [
          522,
          207,
          118,
          206
        ],
        [
          306,
          250,
          133,
          174
        ],
        [
          72,
          239,
          160,
          180
        ]
      ]
    },
    "115": {
      "name": "picture",
      "visible_pos": [
        9,
        10,
        11,
        21,
        22,
        23,
        24,
        33,
        34,
        35
      ],
      "bbox2d": [
        [
          579,
          0,
          61,
          94
        ],
        [
          322,
          0,
          183,
          103
        ],
        [
          46,
          0,
          213,
          101
        ],
        [
          559,
          85,
          81,
          234
        ],
        [
          319,
          77,
          170,
          250
        ],
        [
          79,
          83,
          183,
          241
        ],
        [
          0,
          270,
          7,
          16
        ],
        [
          558,
          293,
          82,
          187
        ],
        [
          319,
          302,
          179,
          178
        ],
        [
          46,
          308,
          205,
          172
        ]
      ]
    },
    "94": {
      "name": "column",
      "visible_pos": [],
      "bbox2d": []
    },
    "99": {
      "name": "doorway",
      "visible_pos": [],
      "bbox2d": []
    }
  }
}