{
  "6a512589ab024c6b899b73af496b0019": {
    "801": {
      "name": "mirror",
      "visible_pos": [],
      "bbox2d": []
    },
    "810": {
      "name": "countertop",
      "visible_pos": [],
      "bbox2d": []
    },
    "811": {
      "name": "light",
      "visible_pos": [
        22,
        23,
        24,
        33,
        34,
        35
      ],
      "bbox2d": [
        [
          385,
          0,
          66,
          8
        ],
        [
          181,
          0,
          77,
          8
        ],
        [
          0,
          74,
          96,
          122
        ],
        [
          542,
          73,
          98,
          125
        ],
        [
          350,
          155,
          131,
          91
        ],
        [
          163,
          155,
          130,
          91
        ]
      ]
    },
    "814": {
      "name": "thermostat",
      "visible_pos": [
        6,
        7,
        8,
        18,
        19,
        20
      ],
      "bbox2d": [
        [
          551,
          90,
          89,
          101
        ],
        [
          314,
          73,
          98,
          92
        ],
        [
          64,
          77,
          123,
          105
        ],
        [
          552,
          315,
          88,
          103
        ],
        [
          314,
          299,
          95,
          90
        ],
        [
          72,
          303,
          113,
          105
        ]
      ]
    },
    "815": {
      "name": "thermostat",
      "visible_pos": [],
      "bbox2d": []
    }
  }
}