{
  "ffedee2a7b1f45e3b8a5b38f68aca03f": {
    "104": {
      "name": "doorway",
      "visible_pos": [
        4,
        5,
        6,
        7,
        8,
        17,
        18,
        19,
        28,
        29,
        30,
        31
      ],
      "bbox2d": [
        [
          564,
          187,
          76,
          188
        ],
        [
          373,
          0,
          267,
          385
        ],
        [
          139,
          0,
          284,
          327
        ],
        [
          153,
          0,
          63,
          334
        ],
        [
          0,
          394,
          12,
          26
        ],
        [
          388,
          0,
          47,
          480
        ],
        [
          163,
          0,
          246,
          480
        ],
        [
          144,
          0,
          42,
          480
        ],
        [
          629,
          196,
          11,
          101
        ],
        [
          387,
          194,
          253,
          286
        ],
        [
          139,
          218,
          284,
          262
        ],
        [
          0,
          173,
          193,
          307
        ]
      ]
    }
  }
}