{
  "ee2c59f55aef4eafa2a4e437493748d5": {
    "6": {
      "name": "window",
      "visible_pos": [
        27,
        28,
        29,
        30,
        31,
        32,
        33
      ],
      "bbox2d": [
        [
          623,
          0,
          17,
          25
        ],
        [
          416,
          0,
          224,
          217
        ],
        [
          249,
          0,
          391,
          225
        ],
        [
          34,
          0,
          576,
          176
        ],
        [
          0,
          0,
          393,
          227
        ],
        [
          0,
          0,
          227,
          220
        ],
        [
          0,
          0,
          29,
          64
        ]
      ]
    },
    "13": {
      "name": "big#door#frame",
      "visible_pos": [
        3,
        4,
        5,
        7,
        8,
        9,
        15,
        16,
        17,
        18,
        19,
        20,
        21,
        27,
        28,
        29,
        30,
        31,
        32,
        33
      ],
      "bbox2d": [
        [
          422,
          0,
          77,
          245
        ],
        [
          196,
          0,
          64,
          237
        ],
        [
          0,
          182,
          41,
          109
        ],
        [
          607,
          214,
          33,
          85
        ],
        [
          386,
          0,
          63,
          244
        ],
        [
          144,
          0,
          81,
          250
        ],
        [
          430,
          0,
          210,
          480
        ],
        [
          208,
          0,
          391,
          477
        ],
        [
          0,
          0,
          535,
          145
        ],
        [
          0,
          0,
          640,
          37
        ],
        [
          100,
          0,
          540,
          138
        ],
        [
          35,
          0,
          401,
          480
        ],
        [
          0,
          0,
          213,
          480
        ],
        [
          436,
          181,
          204,
          299
        ],
        [
          196,
          91,
          444,
          389
        ],
        [
          0,
          98,
          640,
          268
        ],
        [
          0,
          135,
          640,
          134
        ],
        [
          0,
          98,
          640,
          263
        ],
        [
          0,
          87,
          449,
          393
        ],
        [
          0,
          175,
          205,
          305
        ]
      ]
    },
    "18": {
      "name": "big#door",
      "visible_pos": [
        3,
        4,
        5,
        6,
        7,
        8,
        9,
        15,
        16,
        17,
        18,
        19,
        20,
        21,
        27,
        28,
        29,
        30,
        31,
        32,
        33
      ],
      "bbox2d": [
        [
          449,
          0,
          191,
          480
        ],
        [
          237,
          0,
          403,
          480
        ],
        [
          0,
          0,
          640,
          480
        ],
        [
          0,
          0,
          640,
          480
        ],
        [
          0,
          0,
          640,
          480
        ],
        [
          0,
          0,
          406,
          480
        ],
        [
          0,
          0,
          192,
          480
        ],
        [
          472,
          81,
          168,
          399
        ],
        [
          247,
          0,
          393,
          480
        ],
        [
          0,
          0,
          640,
          480
        ],
        [
          0,
          0,
          640,
          480
        ],
        [
          0,
          0,
          640,
          480
        ],
        [
          0,
          0,
          401,
          480
        ],
        [
          0,
          77,
          177,
          403
        ],
        [
          479,
          291,
          161,
          189
        ],
        [
          237,
          205,
          403,
          275
        ],
        [
          0,
          173,
          640,
          307
        ],
        [
          0,
          229,
          640,
          251
        ],
        [
          0,
          196,
          640,
          284
        ],
        [
          0,
          179,
          405,
          301
        ],
        [
          0,
          286,
          164,
          194
        ]
      ]
    },
    "32": {
      "name": "pool#table",
      "visible_pos": [
        0,
        1,
        2,
        3,
        9,
        10,
        11,
        12,
        13,
        14,
        22,
        23
      ],
      "bbox2d": [
        [
          0,
          172,
          640,
          302
        ],
        [
          0,
          154,
          491,
          326
        ],
        [
          0,
          174,
          294,
          306
        ],
        [
          0,
          258,
          93,
          222
        ],
        [
          554,
          274,
          86,
          206
        ],
        [
          355,
          181,
          285,
          299
        ],
        [
          163,
          159,
          477,
          321
        ],
        [
          0,
          397,
          640,
          83
        ],
        [
          0,
          378,
          508,
          102
        ],
        [
          0,
          399,
          290,
          81
        ],
        [
          365,
          407,
          275,
          73
        ],
        [
          165,
          383,
          475,
          97
        ]
      ]
    }
  }
}