{
  "8240fb8bd3f248a99c70ad97b1b94458": {
    "154": {
      "name": "chair",
      "visible_pos": [
        0,
        1,
        10,
        11,
        12,
        23
      ],
      "bbox2d": [
        [
          180,
          161,
          201,
          316
        ],
        [
          0,
          287,
          249,
          193
        ],
        [
          518,
          234,
          122,
          246
        ],
        [
          349,
          161,
          117,
          305
        ],
        [
          163,
          386,
          59,
          94
        ],
        [
          383,
          385,
          62,
          95
        ]
      ]
    },
    "155": {
      "name": "window",
      "visible_pos": [
        9,
        10,
        11,
        21,
        22,
        23,
        32,
        33,
        34,
        35
      ],
      "bbox2d": [
        [
          409,
          0,
          231,
          203
        ],
        [
          172,
          0,
          224,
          198
        ],
        [
          0,
          0,
          166,
          230
        ],
        [
          412,
          0,
          228,
          427
        ],
        [
          189,
          0,
          203,
          427
        ],
        [
          0,
          0,
          167,
          453
        ],
        [
          620,
          142,
          20,
          60
        ],
        [
          403,
          205,
          237,
          275
        ],
        [
          174,
          208,
          222,
          272
        ],
        [
          0,
          141,
          179,
          339
        ]
      ]
    },
    "157": {
      "name": "chair",
      "visible_pos": [
        1,
        2,
        3,
        13,
        14,
        15
      ],
      "bbox2d": [
        [
          413,
          124,
          123,
          169
        ],
        [
          204,
          124,
          106,
          147
        ],
        [
          0,
          164,
          106,
          143
        ],
        [
          424,
          347,
          123,
          133
        ],
        [
          201,
          347,
          109,
          133
        ],
        [
          0,
          388,
          66,
          92
        ]
      ]
    },
    "161": {
      "name": "chair",
      "visible_pos": [
        0,
        1,
        2,
        3,
        4
      ],
      "bbox2d": [
        [
          380,
          460,
          54,
          20
        ],
        [
          246,
          333,
          394,
          147
        ],
        [
          200,
          268,
          241,
          212
        ],
        [
          108,
          266,
          173,
          214
        ],
        [
          3,
          326,
          120,
          154
        ]
      ]
    },
    "162": {
      "name": "plant",
      "visible_pos": [
        0,
        1,
        2,
        12,
        13,
        14
      ],
      "bbox2d": [
        [
          436,
          84,
          158,
          200
        ],
        [
          227,
          79,
          114,
          188
        ],
        [
          0,
          95,
          101,
          217
        ],
        [
          448,
          309,
          140,
          171
        ],
        [
          225,
          305,
          115,
          175
        ],
        [
          0,
          319,
          106,
          161
        ]
      ]
    },
    "163": {
      "name": "round#table",
      "visible_pos": [
        0,
        1,
        2,
        3,
        10,
        11,
        12,
        13,
        14
      ],
      "bbox2d": [
        [
          272,
          196,
          368,
          284
        ],
        [
          73,
          188,
          418,
          292
        ],
        [
          0,
          208,
          319,
          272
        ],
        [
          0,
          272,
          157,
          208
        ],
        [
          639,
          478,
          1,
          2
        ],
        [
          442,
          240,
          198,
          240
        ],
        [
          295,
          425,
          345,
          55
        ],
        [
          94,
          415,
          382,
          65
        ],
        [
          0,
          439,
          267,
          41
        ]
      ]
    },
    "164": {
      "name": "chandelier",
      "visible_pos": [
        12,
        13,
        14,
        23,
        24,
        25,
        26,
        35
      ],
      "bbox2d": [
        [
          367,
          115,
          273,
          82
        ],
        [
          139,
          135,
          262,
          66
        ],
        [
          0,
          128,
          177,
          67
        ],
        [
          628,
          144,
          12,
          26
        ],
        [
          370,
          339,
          270,
          87
        ],
        [
          132,
          357,
          273,
          73
        ],
        [
          0,
          351,
          171,
          73
        ],
        [
          636,
          370,
          4,
          6
        ]
      ]
    },
    "158": {
      "name": "window",
      "visible_pos": [],
      "bbox2d": []
    },
    "167": {
      "name": "window",
      "visible_pos": [],
      "bbox2d": []
    }
  }
}