{
  "73f0da2d03874506872aa6e9bd9fa899": {
    "402": {
      "name": "curtains",
      "visible_pos": [
        5,
        6,
        7,
        8,
        9,
        17,
        18,
        19,
        20,
        21,
        29,
        30,
        31,
        32,
        33
      ],
      "bbox2d": [
        [
          535,
          0,
          105,
          310
        ],
        [
          337,
          0,
          303,
          268
        ],
        [
          82,
          0,
          444,
          284
        ],
        [
          0,
          0,
          274,
          324
        ],
        [
          0,
          96,
          40,
          144
        ],
        [
          585,
          0,
          55,
          480
        ],
        [
          338,
          0,
          302,
          480
        ],
        [
          104,
          0,
          400,
          480
        ],
        [
          0,
          0,
          276,
          479
        ],
        [
          0,
          90,
          17,
          353
        ],
        [
          511,
          111,
          129,
          369
        ],
        [
          323,
          173,
          317,
          307
        ],
        [
          73,
          166,
          453,
          314
        ],
        [
          0,
          106,
          268,
          374
        ],
        [
          0,
          188,
          30,
          182
        ]
      ]
    },
    "416": {
      "name": "ceiling#light",
      "visible_pos": [
        32,
        33,
        34,
        35
      ],
      "bbox2d": [
        [
          465,
          0,
          114,
          68
        ],
        [
          320,
          12,
          88,
          101
        ],
        [
          165,
          0,
          96,
          99
        ],
        [
          14,
          0,
          86,
          22
        ]
      ]
    },
    "418": {
      "name": "bathtub",
      "visible_pos": [
        4,
        5,
        6,
        7,
        8,
        9,
        10,
        18,
        19,
        20,
        21
      ],
      "bbox2d": [
        [
          594,
          416,
          46,
          64
        ],
        [
          407,
          227,
          233,
          253
        ],
        [
          250,
          187,
          390,
          293
        ],
        [
          70,
          160,
          559,
          320
        ],
        [
          0,
          154,
          414,
          326
        ],
        [
          0,
          173,
          246,
          307
        ],
        [
          0,
          386,
          57,
          52
        ],
        [
          381,
          414,
          48,
          66
        ],
        [
          156,
          383,
          484,
          97
        ],
        [
          167,
          378,
          244,
          102
        ],
        [
          0,
          399,
          188,
          81
        ]
      ]
    },
    "421": {
      "name": "cabinet",
      "visible_pos": [
        0,
        1,
        2,
        9,
        10,
        11,
        21,
        22,
        23
      ],
      "bbox2d": [
        [
          0,
          344,
          382,
          136
        ],
        [
          0,
          357,
          236,
          123
        ],
        [
          0,
          441,
          40,
          39
        ],
        [
          451,
          186,
          189,
          294
        ],
        [
          274,
          173,
          366,
          307
        ],
        [
          42,
          204,
          519,
          276
        ],
        [
          499,
          414,
          71,
          66
        ],
        [
          271,
          399,
          94,
          81
        ],
        [
          10,
          435,
          87,
          45
        ]
      ]
    },
    "424": {
      "name": "back#splash",
      "visible_pos": [
        9,
        10,
        11,
        21,
        22,
        23
      ],
      "bbox2d": [
        [
          487,
          127,
          153,
          49
        ],
        [
          270,
          106,
          111,
          56
        ],
        [
          26,
          114,
          132,
          77
        ],
        [
          496,
          350,
          144,
          52
        ],
        [
          268,
          329,
          112,
          57
        ],
        [
          6,
          337,
          148,
          82
        ]
      ]
    },
    "426": {
      "name": "towel",
      "visible_pos": [
        5,
        6,
        7,
        17,
        18,
        19,
        29,
        30
      ],
      "bbox2d": [
        [
          484,
          0,
          60,
          136
        ],
        [
          254,
          0,
          36,
          127
        ],
        [
          0,
          31,
          43,
          123
        ],
        [
          437,
          166,
          86,
          193
        ],
        [
          215,
          170,
          76,
          180
        ],
        [
          0,
          160,
          39,
          217
        ],
        [
          445,
          391,
          98,
          89
        ],
        [
          207,
          395,
          71,
          85
        ]
      ]
    },
    "432": {
      "name": "back#splash",
      "visible_pos": [
        0,
        1,
        10,
        11,
        12,
        13,
        22,
        23
      ],
      "bbox2d": [
        [
          0,
          131,
          289,
          81
        ],
        [
          0,
          164,
          62,
          94
        ],
        [
          403,
          89,
          237,
          161
        ],
        [
          186,
          90,
          327,
          132
        ],
        [
          0,
          353,
          288,
          91
        ],
        [
          0,
          389,
          36,
          91
        ],
        [
          406,
          314,
          234,
          158
        ],
        [
          181,
          314,
          339,
          143
        ]
      ]
    },
    "433": {
      "name": "window",
      "visible_pos": [
        6,
        7,
        8,
        18,
        19,
        20,
        30,
        31,
        32
      ],
      "bbox2d": [
        [
          407,
          0,
          233,
          202
        ],
        [
          193,
          0,
          228,
          188
        ],
        [
          0,
          0,
          199,
          224
        ],
        [
          410,
          0,
          230,
          432
        ],
        [
          187,
          13,
          234,
          402
        ],
        [
          0,
          0,
          199,
          447
        ],
        [
          497,
          228,
          143,
          252
        ],
        [
          240,
          249,
          136,
          231
        ],
        [
          0,
          218,
          113,
          262
        ]
      ]
    },
    "436": {
      "name": "towel",
      "visible_pos": [],
      "bbox2d": []
    },
    "438": {
      "name": "medicine#cabinet",
      "visible_pos": [
        9,
        10,
        11,
        21,
        22,
        23,
        33,
        34,
        35
      ],
      "bbox2d": [
        [
          514,
          0,
          126,
          122
        ],
        [
          275,
          0,
          102,
          110
        ],
        [
          0,
          0,
          136,
          129
        ],
        [
          510,
          64,
          130,
          281
        ],
        [
          280,
          88,
          98,
          245
        ],
        [
          24,
          58,
          128,
          294
        ],
        [
          502,
          291,
          138,
          189
        ],
        [
          276,
          313,
          105,
          167
        ],
        [
          0,
          286,
          154,
          194
        ]
      ]
    },
    "439": {
      "name": "mirror",
      "visible_pos": [
        0,
        1,
        10,
        11,
        12,
        13,
        22,
        23,
        24,
        25,
        34,
        35
      ],
      "bbox2d": [
        [
          0,
          0,
          291,
          143
        ],
        [
          0,
          51,
          49,
          120
        ],
        [
          430,
          0,
          210,
          162
        ],
        [
          188,
          0,
          355,
          155
        ],
        [
          0,
          32,
          291,
          334
        ],
        [
          0,
          0,
          40,
          394
        ],
        [
          424,
          0,
          216,
          382
        ],
        [
          202,
          23,
          321,
          356
        ],
        [
          0,
          265,
          293,
          215
        ],
        [
          0,
          219,
          73,
          232
        ],
        [
          429,
          228,
          211,
          252
        ],
        [
          189,
          257,
          358,
          223
        ]
      ]
    },
    "440": {
      "name": "crown#molding",
      "visible_pos": [
        25,
        26,
        27,
        28,
        29
      ],
      "bbox2d": [
        [
          441,
          0,
          199,
          139
        ],
        [
          293,
          0,
          332,
          201
        ],
        [
          138,
          0,
          316,
          203
        ],
        [
          0,
          0,
          311,
          195
        ],
        [
          0,
          0,
          166,
          124
        ]
      ]
    },
    "442": {
      "name": "crown#molding",
      "visible_pos": [
        27,
        28,
        29
      ],
      "bbox2d": [
        [
          485,
          160,
          62,
          43
        ],
        [
          296,
          188,
          49,
          42
        ],
        [
          97,
          154,
          61,
          54
        ]
      ]
    },
    "443": {
      "name": "toilet",
      "visible_pos": [],
      "bbox2d": []
    },
    "444": {
      "name": "counter",
      "visible_pos": [
        0,
        1,
        2,
        9,
        10,
        11,
        12,
        13,
        21,
        22,
        23
      ],
      "bbox2d": [
        [
          0,
          177,
          386,
          177
        ],
        [
          0,
          237,
          221,
          202
        ],
        [
          0,
          412,
          27,
          44
        ],
        [
          484,
          166,
          156,
          204
        ],
        [
          269,
          144,
          371,
          315
        ],
        [
          29,
          150,
          546,
          260
        ],
        [
          0,
          401,
          335,
          79
        ],
        [
          0,
          477,
          70,
          3
        ],
        [
          494,
          391,
          146,
          89
        ],
        [
          267,
          367,
          373,
          113
        ],
        [
          4,
          374,
          555,
          106
        ]
      ]
    },
    "446": {
      "name": "cloth",
      "visible_pos": [
        1,
        2,
        3,
        14,
        15
      ],
      "bbox2d": [
        [
          617,
          214,
          23,
          68
        ],
        [
          381,
          166,
          29,
          63
        ],
        [
          173,
          170,
          38,
          64
        ],
        [
          385,
          390,
          36,
          76
        ],
        [
          160,
          395,
          38,
          77
        ]
      ]
    },
    "450": {
      "name": "window",
      "visible_pos": [
        13,
        14,
        15,
        25,
        26,
        27
      ],
      "bbox2d": [
        [
          524,
          0,
          60,
          114
        ],
        [
          292,
          0,
          46,
          133
        ],
        [
          42,
          0,
          61,
          117
        ],
        [
          480,
          174,
          96,
          162
        ],
        [
          293,
          195,
          44,
          160
        ],
        [
          53,
          157,
          87,
          185
        ]
      ]
    },
    "451": {
      "name": "door#hinge",
      "visible_pos": [
        14,
        15,
        26,
        27
      ],
      "bbox2d": [
        [
          450,
          163,
          15,
          31
        ],
        [
          227,
          166,
          14,
          29
        ],
        [
          457,
          388,
          19,
          34
        ],
        [
          220,
          390,
          17,
          33
        ]
      ]
    },
    "455": {
      "name": "picture",
      "visible_pos": [],
      "bbox2d": []
    },
    "463": {
      "name": "wall#molding",
      "visible_pos": [],
      "bbox2d": []
    },
    "464": {
      "name": "towel#shelf",
      "visible_pos": [],
      "bbox2d": []
    },
    "470": {
      "name": "faucet",
      "visible_pos": [
        10,
        11,
        22,
        23
      ],
      "bbox2d": [
        [
          413,
          132,
          43,
          46
        ],
        [
          196,
          130,
          47,
          44
        ],
        [
          416,
          355,
          47,
          49
        ],
        [
          192,
          352,
          47,
          48
        ]
      ]
    },
    "471": {
      "name": "towel",
      "visible_pos": [],
      "bbox2d": []
    },
    "473": {
      "name": "faucet",
      "visible_pos": [
        0,
        10,
        11,
        12,
        23
      ],
      "bbox2d": [
        [
          173,
          167,
          47,
          55
        ],
        [
          611,
          215,
          29,
          32
        ],
        [
          379,
          164,
          41,
          56
        ],
        [
          159,
          391,
          50,
          65
        ],
        [
          384,
          388,
          48,
          66
        ]
      ]
    },
    "474": {
      "name": "window",
      "visible_pos": [
        1,
        2,
        3,
        13,
        14,
        15,
        25,
        26,
        27
      ],
      "bbox2d": [
        [
          531,
          0,
          92,
          123
        ],
        [
          290,
          0,
          52,
          111
        ],
        [
          2,
          0,
          97,
          128
        ],
        [
          525,
          119,
          63,
          227
        ],
        [
          293,
          137,
          47,
          198
        ],
        [
          43,
          124,
          63,
          230
        ],
        [
          529,
          342,
          94,
          138
        ],
        [
          290,
          361,
          49,
          119
        ],
        [
          2,
          346,
          100,
          134
        ]
      ]
    },
    "476": {
      "name": "handle",
      "visible_pos": [
        0,
        1,
        11,
        12,
        13,
        23
      ],
      "bbox2d": [
        [
          242,
          199,
          30,
          26
        ],
        [
          5,
          238,
          43,
          33
        ],
        [
          440,
          207,
          36,
          29
        ],
        [
          232,
          429,
          36,
          32
        ],
        [
          0,
          478,
          4,
          2
        ],
        [
          455,
          437,
          40,
          37
        ]
      ]
    },
    "477": {
      "name": "towel",
      "visible_pos": [
        5,
        6,
        7,
        17,
        18,
        19,
        29,
        30,
        31
      ],
      "bbox2d": [
        [
          522,
          0,
          36,
          131
        ],
        [
          278,
          0,
          19,
          119
        ],
        [
          0,
          0,
          46,
          140
        ],
        [
          438,
          164,
          95,
          190
        ],
        [
          215,
          165,
          85,
          177
        ],
        [
          6,
          169,
          46,
          194
        ],
        [
          445,
          389,
          113,
          91
        ],
        [
          209,
          390,
          81,
          90
        ],
        [
          0,
          405,
          10,
          75
        ]
      ]
    },
    "479": {
      "name": "towel#bar",
      "visible_pos": [
        2,
        3,
        14,
        15
      ],
      "bbox2d": [
        [
          408,
          127,
          25,
          19
        ],
        [
          189,
          129,
          25,
          20
        ],
        [
          410,
          349,
          25,
          20
        ],
        [
          186,
          351,
          26,
          22
        ]
      ]
    },
    "481": {
      "name": "handle",
      "visible_pos": [
        10,
        11,
        22,
        23
      ],
      "bbox2d": [
        [
          404,
          144,
          16,
          25
        ],
        [
          190,
          147,
          16,
          25
        ],
        [
          410,
          367,
          14,
          27
        ],
        [
          185,
          370,
          17,
          27
        ]
      ]
    },
    "482": {
      "name": "faucet",
      "visible_pos": [
        2,
        3,
        14,
        15
      ],
      "bbox2d": [
        [
          472,
          40,
          18,
          28
        ],
        [
          225,
          39,
          21,
          26
        ],
        [
          457,
          271,
          19,
          24
        ],
        [
          234,
          270,
          17,
          23
        ]
      ]
    },
    "483": {
      "name": "window",
      "visible_pos": [
        1,
        2,
        3,
        13,
        14,
        15,
        25,
        26,
        27
      ],
      "bbox2d": [
        [
          598,
          0,
          42,
          101
        ],
        [
          341,
          0,
          31,
          85
        ],
        [
          72,
          0,
          50,
          94
        ],
        [
          525,
          102,
          106,
          223
        ],
        [
          293,
          117,
          76,
          194
        ],
        [
          42,
          93,
          99,
          225
        ],
        [
          520,
          326,
          120,
          154
        ],
        [
          293,
          340,
          83,
          140
        ],
        [
          50,
          317,
          88,
          163
        ]
      ]
    },
    "484": {
      "name": "handle",
      "visible_pos": [
        0,
        10,
        11,
        12,
        22,
        23
      ],
      "bbox2d": [
        [
          125,
          200,
          31,
          19
        ],
        [
          559,
          211,
          32,
          28
        ],
        [
          338,
          184,
          25,
          21
        ],
        [
          105,
          429,
          33,
          24
        ],
        [
          587,
          443,
          39,
          36
        ],
        [
          339,
          410,
          27,
          25
        ]
      ]
    },
    "423": {
      "name": "crown#molding",
      "visible_pos": [],
      "bbox2d": []
    }
  }
}