{
  "9078e2b999da46ffa741a3a2a954432a": {
    "531": {
      "name": "hallway#wall",
      "visible_pos": [],
      "bbox2d": []
    },
    "845": {
      "name": "desk",
      "visible_pos": [
        0,
        1,
        7,
        8,
        9,
        10,
        11,
        20,
        21,
        22
      ],
      "bbox2d": [
        [
          0,
          297,
          327,
          183
        ],
        [
          0,
          377,
          182,
          103
        ],
        [
          497,
          248,
          143,
          232
        ],
        [
          341,
          211,
          299,
          269
        ],
        [
          151,
          212,
          489,
          268
        ],
        [
          0,
          235,
          640,
          245
        ],
        [
          0,
          260,
          485,
          220
        ],
        [
          356,
          444,
          183,
          36
        ],
        [
          126,
          444,
          301,
          36
        ],
        [
          154,
          474,
          47,
          6
        ]
      ]
    },
    "846": {
      "name": "lamp",
      "visible_pos": [
        0,
        8,
        9,
        10,
        11,
        21,
        22,
        23
      ],
      "bbox2d": [
        [
          0,
          384,
          65,
          63
        ],
        [
          548,
          295,
          92,
          84
        ],
        [
          356,
          207,
          284,
          230
        ],
        [
          171,
          152,
          271,
          213
        ],
        [
          0,
          151,
          246,
          259
        ],
        [
          525,
          438,
          115,
          42
        ],
        [
          246,
          375,
          201,
          105
        ],
        [
          65,
          375,
          158,
          105
        ]
      ]
    },
    "847": {
      "name": "telephone",
      "visible_pos": [
        8,
        9,
        10,
        20,
        21,
        22
      ],
      "bbox2d": [
        [
          485,
          211,
          127,
          86
        ],
        [
          289,
          186,
          94,
          72
        ],
        [
          81,
          205,
          100,
          74
        ],
        [
          539,
          443,
          98,
          37
        ],
        [
          284,
          413,
          105,
          67
        ],
        [
          64,
          436,
          100,
          44
        ]
      ]
    }
  }
}