{
  "c757b3ad24ed4706bc84645a8e748bee": {
    "594": {
      "name": "tv",
      "visible_pos": [
        0,
        1,
        10,
        11,
        12,
        13,
        22,
        23,
        24,
        25,
        34,
        35
      ],
      "bbox2d": [
        [
          74,
          0,
          277,
          231
        ],
        [
          0,
          0,
          109,
          183
        ],
        [
          564,
          0,
          76,
          251
        ],
        [
          337,
          0,
          302,
          215
        ],
        [
          101,
          60,
          248,
          408
        ],
        [
          0,
          92,
          117,
          316
        ],
        [
          582,
          37,
          58,
          443
        ],
        [
          336,
          75,
          265,
          373
        ],
        [
          77,
          288,
          273,
          192
        ],
        [
          0,
          308,
          102,
          172
        ],
        [
          581,
          269,
          59,
          211
        ],
        [
          341,
          301,
          298,
          179
        ]
      ]
    },
    "598": {
      "name": "nightstand",
      "visible_pos": [
        4,
        5,
        6,
        7
      ],
      "bbox2d": [
        [
          453,
          282,
          187,
          175
        ],
        [
          279,
          245,
          160,
          153
        ],
        [
          87,
          263,
          182,
          148
        ],
        [
          0,
          342,
          85,
          138
        ]
      ]
    },
    "601": {
      "name": "telephone",
      "visible_pos": [
        7,
        8,
        9,
        10,
        20,
        21
      ],
      "bbox2d": [
        [
          553,
          293,
          87,
          125
        ],
        [
          363,
          238,
          97,
          98
        ],
        [
          186,
          239,
          94,
          89
        ],
        [
          0,
          291,
          94,
          118
        ],
        [
          411,
          478,
          22,
          2
        ],
        [
          210,
          479,
          1,
          1
        ]
      ]
    },
    "603": {
      "name": "picture",
      "visible_pos": [
        8,
        9,
        10,
        19,
        20,
        21,
        22,
        31,
        32,
        33,
        34
      ],
      "bbox2d": [
        [
          373,
          0,
          207,
          40
        ],
        [
          109,
          0,
          198,
          37
        ],
        [
          0,
          0,
          31,
          43
        ],
        [
          620,
          43,
          20,
          226
        ],
        [
          362,
          54,
          183,
          217
        ],
        [
          133,
          70,
          176,
          199
        ],
        [
          0,
          33,
          65,
          242
        ],
        [
          601,
          265,
          39,
          141
        ],
        [
          361,
          283,
          219,
          197
        ],
        [
          109,
          297,
          199,
          183
        ],
        [
          0,
          255,
          74,
          225
        ]
      ]
    },
    "606": {
      "name": "desk",
      "visible_pos": [
        6,
        7,
        8,
        9,
        10,
        11,
        20
      ],
      "bbox2d": [
        [
          477,
          337,
          163,
          143
        ],
        [
          319,
          253,
          321,
          227
        ],
        [
          141,
          237,
          480,
          243
        ],
        [
          0,
          265,
          451,
          215
        ],
        [
          0,
          275,
          313,
          205
        ],
        [
          0,
          344,
          162,
          136
        ],
        [
          273,
          476,
          12,
          4
        ]
      ]
    },
    "620": {
      "name": "pillow",
      "visible_pos": [
        3,
        4,
        5,
        6,
        15,
        16,
        17
      ],
      "bbox2d": [
        [
          482,
          156,
          158,
          180
        ],
        [
          290,
          121,
          163,
          149
        ],
        [
          76,
          124,
          176,
          173
        ],
        [
          0,
          243,
          24,
          95
        ],
        [
          524,
          384,
          116,
          96
        ],
        [
          289,
          344,
          179,
          136
        ],
        [
          43,
          347,
          201,
          133
        ]
      ]
    },
    "623": {
      "name": "chair",
      "visible_pos": [
        7,
        8
      ],
      "bbox2d": [
        [
          376,
          422,
          53,
          58
        ],
        [
          234,
          427,
          108,
          53
        ]
      ]
    },
    "586": {
      "name": "bed",
      "visible_pos": [],
      "bbox2d": []
    }
  }
}