{
  "ab0c7784e47b48ffbba8fab6d6422904": {
    "358": {
      "name": "chandelier",
      "visible_pos": [
        12,
        13,
        14,
        24,
        25,
        26
      ],
      "bbox2d": [
        [
          426,
          0,
          132,
          156
        ],
        [
          203,
          21,
          116,
          140
        ],
        [
          0,
          0,
          78,
          144
        ],
        [
          422,
          240,
          131,
          140
        ],
        [
          207,
          256,
          112,
          130
        ],
        [
          0,
          214,
          96,
          153
        ]
      ]
    },
    "373": {
      "name": "pillow",
      "visible_pos": [
        8,
        9,
        10,
        11,
        21,
        22,
        23
      ],
      "bbox2d": [
        [
          612,
          253,
          28,
          182
        ],
        [
          395,
          191,
          209,
          167
        ],
        [
          197,
          163,
          187,
          174
        ],
        [
          0,
          176,
          205,
          224
        ],
        [
          406,
          419,
          233,
          61
        ],
        [
          182,
          388,
          204,
          92
        ],
        [
          0,
          401,
          159,
          79
        ]
      ]
    },
    "379": {
      "name": "reading#table",
      "visible_pos": [
        2,
        3,
        4,
        5,
        15,
        16
      ],
      "bbox2d": [
        [
          447,
          254,
          193,
          217
        ],
        [
          263,
          229,
          155,
          201
        ],
        [
          55,
          239,
          178,
          223
        ],
        [
          0,
          322,
          31,
          158
        ],
        [
          277,
          465,
          109,
          15
        ],
        [
          156,
          479,
          3,
          1
        ]
      ]
    },
    "385": {
      "name": "light",
      "visible_pos": [
        2,
        3,
        4,
        14,
        15,
        16
      ],
      "bbox2d": [
        [
          601,
          112,
          39,
          83
        ],
        [
          357,
          60,
          81,
          102
        ],
        [
          131,
          62,
          78,
          105
        ],
        [
          612,
          324,
          28,
          88
        ],
        [
          357,
          289,
          74,
          97
        ],
        [
          127,
          290,
          81,
          102
        ]
      ]
    },
    "389": {
      "name": "pillow",
      "visible_pos": [
        0,
        9,
        10,
        11,
        23
      ],
      "bbox2d": [
        [
          16,
          257,
          144,
          122
        ],
        [
          628,
          346,
          12,
          27
        ],
        [
          413,
          240,
          132,
          123
        ],
        [
          231,
          223,
          116,
          114
        ],
        [
          263,
          458,
          45,
          22
        ]
      ]
    },
    "390": {
      "name": "pillow",
      "visible_pos": [
        0,
        9,
        10,
        11,
        21,
        22,
        23
      ],
      "bbox2d": [
        [
          0,
          231,
          74,
          143
        ],
        [
          586,
          198,
          54,
          173
        ],
        [
          358,
          159,
          126,
          144
        ],
        [
          144,
          160,
          142,
          144
        ],
        [
          617,
          427,
          23,
          53
        ],
        [
          360,
          383,
          136,
          97
        ],
        [
          131,
          384,
          150,
          96
        ]
      ]
    },
    "392": {
      "name": "pillow",
      "visible_pos": [
        9,
        10,
        11,
        21,
        22,
        23
      ],
      "bbox2d": [
        [
          545,
          165,
          95,
          50
        ],
        [
          320,
          135,
          96,
          41
        ],
        [
          92,
          140,
          112,
          55
        ],
        [
          559,
          390,
          81,
          50
        ],
        [
          320,
          358,
          101,
          44
        ],
        [
          79,
          363,
          120,
          60
        ]
      ]
    },
    "360": {
      "name": "bed",
      "visible_pos": [],
      "bbox2d": []
    },
    "382": {
      "name": "window",
      "visible_pos": [],
      "bbox2d": []
    },
    "387": {
      "name": "picture",
      "visible_pos": [],
      "bbox2d": []
    }
  }
}