{
  "573bfc7970ee40829523ed2b6eec8ca0": {
    "59": {
      "name": "couch",
      "visible_pos": [
        0,
        1,
        7,
        8,
        9,
        10,
        11,
        12,
        20,
        21,
        22,
        23
      ],
      "bbox2d": [
        [
          0,
          166,
          271,
          314
        ],
        [
          0,
          264,
          97,
          216
        ],
        [
          487,
          377,
          153,
          103
        ],
        [
          315,
          237,
          325,
          243
        ],
        [
          195,
          197,
          445,
          283
        ],
        [
          38,
          155,
          602,
          325
        ],
        [
          0,
          145,
          455,
          335
        ],
        [
          0,
          391,
          235,
          89
        ],
        [
          490,
          476,
          40,
          4
        ],
        [
          253,
          426,
          387,
          54
        ],
        [
          98,
          378,
          542,
          102
        ],
        [
          0,
          368,
          459,
          112
        ]
      ]
    },
    "72": {
      "name": "armchair",
      "visible_pos": [
        2,
        3,
        4,
        5,
        6,
        7,
        16,
        17,
        18
      ],
      "bbox2d": [
        [
          556,
          426,
          84,
          54
        ],
        [
          390,
          172,
          250,
          308
        ],
        [
          234,
          78,
          406,
          402
        ],
        [
          50,
          71,
          369,
          409
        ],
        [
          0,
          82,
          234,
          398
        ],
        [
          0,
          413,
          48,
          67
        ],
        [
          380,
          304,
          260,
          176
        ],
        [
          154,
          297,
          270,
          183
        ],
        [
          0,
          307,
          201,
          173
        ]
      ]
    },
    "80": {
      "name": "plant",
      "visible_pos": [
        0,
        1,
        2,
        3
      ],
      "bbox2d": [
        [
          509,
          332,
          110,
          128
        ],
        [
          333,
          283,
          84,
          114
        ],
        [
          160,
          294,
          88,
          114
        ],
        [
          0,
          379,
          69,
          101
        ]
      ]
    },
    "82": {
      "name": "coffee#table",
      "visible_pos": [
        0,
        1,
        2,
        3,
        4,
        11
      ],
      "bbox2d": [
        [
          350,
          300,
          290,
          180
        ],
        [
          181,
          261,
          439,
          219
        ],
        [
          0,
          277,
          441,
          203
        ],
        [
          0,
          369,
          286,
          111
        ],
        [
          0,
          425,
          126,
          55
        ],
        [
          516,
          350,
          124,
          130
        ]
      ]
    }
  }
}