{
  "f672e020e2a043b2ac119e8d09e7df89": {
    "349": {
      "name": "window",
      "visible_pos": [
        0,
        9,
        10,
        11,
        12,
        21,
        22,
        23,
        24,
        33,
        34,
        35
      ],
      "bbox2d": [
        [
          0,
          0,
          100,
          346
        ],
        [
          532,
          14,
          108,
          331
        ],
        [
          341,
          0,
          257,
          300
        ],
        [
          87,
          0,
          234,
          320
        ],
        [
          0,
          0,
          84,
          480
        ],
        [
          597,
          0,
          43,
          480
        ],
        [
          346,
          0,
          219,
          480
        ],
        [
          114,
          0,
          209,
          480
        ],
        [
          0,
          158,
          99,
          322
        ],
        [
          555,
          154,
          85,
          311
        ],
        [
          347,
          215,
          251,
          265
        ],
        [
          87,
          206,
          236,
          274
        ]
      ]
    }
  }
}