{
  "62c8e9eebaed4671a0f2806126ed4ca2": {
    "151": {
      "name": "chair",
      "visible_pos": [
        1,
        2,
        3,
        4,
        13,
        14,
        15
      ],
      "bbox2d": [
        [
          442,
          170,
          161,
          299
        ],
        [
          258,
          145,
          160,
          335
        ],
        [
          24,
          158,
          262,
          322
        ],
        [
          0,
          479,
          1,
          1
        ],
        [
          478,
          395,
          138,
          85
        ],
        [
          252,
          368,
          112,
          112
        ],
        [
          0,
          381,
          130,
          99
        ]
      ]
    },
    "153": {
      "name": "table",
      "visible_pos": [
        0,
        1,
        8,
        9,
        10,
        11,
        12,
        22,
        23
      ],
      "bbox2d": [
        [
          0,
          166,
          271,
          314
        ],
        [
          0,
          209,
          74,
          271
        ],
        [
          601,
          451,
          39,
          29
        ],
        [
          417,
          314,
          223,
          166
        ],
        [
          260,
          203,
          380,
          277
        ],
        [
          84,
          166,
          394,
          314
        ],
        [
          20,
          390,
          244,
          90
        ],
        [
          472,
          433,
          168,
          47
        ],
        [
          222,
          391,
          268,
          89
        ]
      ]
    },
    "154": {
      "name": "chair",
      "visible_pos": [
        2,
        3,
        4,
        5,
        6
      ],
      "bbox2d": [
        [
          383,
          431,
          39,
          49
        ],
        [
          243,
          434,
          397,
          46
        ],
        [
          254,
          338,
          243,
          142
        ],
        [
          170,
          316,
          154,
          164
        ],
        [
          60,
          349,
          112,
          131
        ]
      ]
    },
    "161": {
      "name": "chair",
      "visible_pos": [
        3,
        4,
        5,
        6,
        16,
        17,
        18
      ],
      "bbox2d": [
        [
          589,
          225,
          51,
          222
        ],
        [
          373,
          134,
          141,
          223
        ],
        [
          170,
          138,
          127,
          206
        ],
        [
          0,
          180,
          111,
          221
        ],
        [
          379,
          357,
          147,
          123
        ],
        [
          160,
          360,
          133,
          120
        ],
        [
          0,
          407,
          43,
          73
        ]
      ]
    },
    "162": {
      "name": "plant",
      "visible_pos": [
        2,
        3,
        4,
        5,
        14,
        15,
        16
      ],
      "bbox2d": [
        [
          558,
          138,
          82,
          209
        ],
        [
          329,
          82,
          126,
          205
        ],
        [
          98,
          83,
          150,
          211
        ],
        [
          0,
          269,
          20,
          91
        ],
        [
          572,
          361,
          68,
          57
        ],
        [
          329,
          307,
          133,
          173
        ],
        [
          92,
          308,
          146,
          172
        ]
      ]
    },
    "163": {
      "name": "round#table",
      "visible_pos": [
        1,
        2,
        3,
        4,
        5,
        6,
        14,
        15,
        16,
        17
      ],
      "bbox2d": [
        [
          524,
          301,
          116,
          179
        ],
        [
          355,
          222,
          285,
          258
        ],
        [
          178,
          195,
          454,
          285
        ],
        [
          0,
          198,
          423,
          282
        ],
        [
          0,
          234,
          257,
          246
        ],
        [
          0,
          337,
          82,
          143
        ],
        [
          430,
          457,
          210,
          23
        ],
        [
          208,
          424,
          365,
          56
        ],
        [
          32,
          427,
          360,
          53
        ],
        [
          0,
          472,
          136,
          8
        ]
      ]
    },
    "164": {
      "name": "chandelier",
      "visible_pos": [
        14,
        15,
        16,
        17,
        26,
        27,
        28,
        29
      ],
      "bbox2d": [
        [
          495,
          94,
          145,
          96
        ],
        [
          268,
          113,
          283,
          85
        ],
        [
          5,
          92,
          308,
          104
        ],
        [
          0,
          117,
          71,
          65
        ],
        [
          501,
          318,
          139,
          99
        ],
        [
          265,
          336,
          295,
          91
        ],
        [
          0,
          317,
          313,
          107
        ],
        [
          0,
          340,
          68,
          65
        ]
      ]
    },
    "167": {
      "name": "window",
      "visible_pos": [
        5,
        6,
        7,
        8,
        17,
        18,
        19,
        20,
        29,
        30,
        31,
        32
      ],
      "bbox2d": [
        [
          569,
          0,
          71,
          220
        ],
        [
          338,
          0,
          215,
          218
        ],
        [
          71,
          0,
          229,
          213
        ],
        [
          0,
          16,
          79,
          244
        ],
        [
          585,
          0,
          55,
          438
        ],
        [
          338,
          0,
          205,
          452
        ],
        [
          104,
          0,
          203,
          445
        ],
        [
          0,
          0,
          62,
          457
        ],
        [
          550,
          122,
          90,
          358
        ],
        [
          338,
          187,
          215,
          293
        ],
        [
          71,
          195,
          236,
          285
        ],
        [
          0,
          133,
          110,
          330
        ]
      ]
    },
    "155": {
      "name": "window",
      "visible_pos": [],
      "bbox2d": []
    }
  }
}