{
  "1da6bc4a3acc48868c4ea1904c26c92f": {
    "227": {
      "name": "chair",
      "visible_pos": [
        4,
        5,
        6,
        7,
        8
      ],
      "bbox2d": [
        [
          474,
          298,
          166,
          182
        ],
        [
          309,
          268,
          259,
          212
        ],
        [
          120,
          294,
          256,
          186
        ],
        [
          0,
          310,
          237,
          170
        ],
        [
          0,
          440,
          20,
          40
        ]
      ]
    }
  }
}