{
  "f113a975447c4f9dbac6564c10ed67d1": {
    "640": {
      "name": "window#frame",
      "visible_pos": [
        4,
        5,
        6,
        7,
        16,
        17,
        18,
        19,
        28,
        29,
        30,
        31
      ],
      "bbox2d": [
        [
          464,
          0,
          176,
          365
        ],
        [
          259,
          0,
          359,
          316
        ],
        [
          55,
          0,
          299,
          296
        ],
        [
          0,
          0,
          144,
          355
        ],
        [
          456,
          0,
          184,
          480
        ],
        [
          232,
          0,
          373,
          480
        ],
        [
          0,
          0,
          352,
          480
        ],
        [
          0,
          0,
          121,
          480
        ],
        [
          451,
          199,
          189,
          281
        ],
        [
          233,
          227,
          379,
          253
        ],
        [
          0,
          240,
          336,
          240
        ],
        [
          0,
          184,
          99,
          296
        ]
      ]
    },
    "641": {
      "name": "window#frame",
      "visible_pos": [
        0,
        1,
        2,
        11,
        12,
        13,
        14,
        23,
        24,
        25,
        26,
        35
      ],
      "bbox2d": [
        [
          327,
          0,
          313,
          179
        ],
        [
          81,
          0,
          390,
          154
        ],
        [
          0,
          0,
          233,
          184
        ],
        [
          575,
          51,
          65,
          117
        ],
        [
          327,
          0,
          313,
          398
        ],
        [
          89,
          0,
          372,
          377
        ],
        [
          0,
          0,
          237,
          411
        ],
        [
          569,
          0,
          71,
          390
        ],
        [
          329,
          190,
          311,
          290
        ],
        [
          97,
          168,
          374,
          312
        ],
        [
          0,
          128,
          234,
          352
        ],
        [
          518,
          132,
          122,
          300
        ]
      ]
    },
    "642": {
      "name": "window",
      "visible_pos": [
        0,
        1,
        2,
        12,
        13,
        14,
        24,
        25,
        26,
        35
      ],
      "bbox2d": [
        [
          385,
          0,
          255,
          76
        ],
        [
          127,
          0,
          287,
          68
        ],
        [
          90,
          0,
          69,
          68
        ],
        [
          379,
          9,
          261,
          293
        ],
        [
          152,
          5,
          254,
          289
        ],
        [
          0,
          0,
          182,
          295
        ],
        [
          373,
          247,
          267,
          233
        ],
        [
          127,
          244,
          288,
          236
        ],
        [
          0,
          205,
          192,
          275
        ],
        [
          595,
          192,
          45,
          143
        ]
      ]
    },
    "643": {
      "name": "light",
      "visible_pos": [
        27,
        28
      ],
      "bbox2d": [
        [
          301,
          0,
          113,
          25
        ],
        [
          208,
          0,
          98,
          17
        ]
      ]
    },
    "648": {
      "name": "statue",
      "visible_pos": [
        0,
        1,
        2,
        12,
        13,
        14,
        24,
        25,
        26
      ],
      "bbox2d": [
        [
          524,
          0,
          116,
          72
        ],
        [
          263,
          0,
          92,
          61
        ],
        [
          26,
          0,
          73,
          67
        ],
        [
          493,
          111,
          109,
          187
        ],
        [
          266,
          125,
          84,
          164
        ],
        [
          3,
          103,
          116,
          192
        ],
        [
          501,
          334,
          139,
          146
        ],
        [
          263,
          348,
          92,
          132
        ],
        [
          0,
          326,
          91,
          154
        ]
      ]
    },
    "653": {
      "name": "pedestal",
      "visible_pos": [
        0,
        1,
        2,
        3,
        11
      ],
      "bbox2d": [
        [
          374,
          388,
          235,
          92
        ],
        [
          244,
          337,
          198,
          143
        ],
        [
          88,
          349,
          220,
          131
        ],
        [
          0,
          435,
          152,
          45
        ],
        [
          577,
          472,
          18,
          8
        ]
      ]
    },
    "658": {
      "name": "pot",
      "visible_pos": [
        4,
        5,
        6,
        7
      ],
      "bbox2d": [
        [
          601,
          473,
          39,
          7
        ],
        [
          418,
          377,
          92,
          103
        ],
        [
          266,
          360,
          82,
          116
        ],
        [
          98,
          392,
          97,
          88
        ]
      ]
    }
  }
}