{
  "10fc40630355439f8ef619f700073a84": {
    "336": {
      "name": "light",
      "visible_pos": [
        18,
        19,
        20,
        21,
        22,
        29,
        30,
        31,
        32,
        33,
        34
      ],
      "bbox2d": [
        [
          382,
          0,
          220,
          85
        ],
        [
          157,
          0,
          371,
          80
        ],
        [
          0,
          0,
          603,
          33
        ],
        [
          105,
          0,
          246,
          62
        ],
        [
          9,
          0,
          110,
          37
        ],
        [
          616,
          240,
          24,
          27
        ],
        [
          379,
          166,
          261,
          144
        ],
        [
          168,
          172,
          472,
          134
        ],
        [
          0,
          219,
          565,
          47
        ],
        [
          0,
          166,
          348,
          124
        ],
        [
          0,
          174,
          142,
          95
        ]
      ]
    },
    "344": {
      "name": "cooker#unit",
      "visible_pos": [
        1,
        2,
        3,
        4,
        5,
        6,
        14,
        15,
        16,
        17
      ],
      "bbox2d": [
        [
          637,
          479,
          2,
          1
        ],
        [
          424,
          202,
          216,
          278
        ],
        [
          283,
          180,
          319,
          300
        ],
        [
          82,
          167,
          300,
          313
        ],
        [
          0,
          193,
          234,
          287
        ],
        [
          0,
          418,
          36,
          62
        ],
        [
          531,
          432,
          109,
          48
        ],
        [
          297,
          406,
          307,
          74
        ],
        [
          54,
          391,
          336,
          89
        ],
        [
          0,
          421,
          164,
          59
        ]
      ]
    },
    "345": {
      "name": "mixer",
      "visible_pos": [
        4,
        5,
        6,
        16,
        17,
        18
      ],
      "bbox2d": [
        [
          471,
          80,
          142,
          129
        ],
        [
          255,
          71,
          119,
          112
        ],
        [
          7,
          81,
          153,
          123
        ],
        [
          478,
          305,
          162,
          136
        ],
        [
          253,
          297,
          123,
          113
        ],
        [
          0,
          306,
          149,
          128
        ]
      ]
    },
    "351": {
      "name": "chair",
      "visible_pos": [
        0,
        8,
        9,
        10,
        11
      ],
      "bbox2d": [
        [
          0,
          457,
          19,
          23
        ],
        [
          534,
          373,
          106,
          107
        ],
        [
          360,
          318,
          220,
          162
        ],
        [
          193,
          280,
          185,
          200
        ],
        [
          0,
          290,
          225,
          190
        ]
      ]
    },
    "329": {
      "name": "spice#racks",
      "visible_pos": [],
      "bbox2d": []
    },
    "337": {
      "name": "refrigerator",
      "visible_pos": [],
      "bbox2d": []
    },
    "338": {
      "name": "kitchen#cabinet",
      "visible_pos": [],
      "bbox2d": []
    },
    "347": {
      "name": "light",
      "visible_pos": [],
      "bbox2d": []
    }
  }
}