{
  "a5f4055ab7134ffcbbe8b33150552301": {
    "1": {
      "name": "dining#chair",
      "visible_pos": [
        6,
        7,
        8,
        9,
        18,
        19,
        20
      ],
      "bbox2d": [
        [
          421,
          213,
          209,
          228
        ],
        [
          276,
          185,
          127,
          240
        ],
        [
          121,
          201,
          93,
          277
        ],
        [
          18,
          469,
          10,
          11
        ],
        [
          589,
          445,
          51,
          35
        ],
        [
          325,
          412,
          83,
          68
        ],
        [
          101,
          430,
          83,
          50
        ]
      ]
    },
    "2": {
      "name": "table",
      "visible_pos": [
        0,
        1,
        2,
        9,
        10,
        11,
        12,
        13,
        14,
        22,
        23
      ],
      "bbox2d": [
        [
          40,
          211,
          537,
          269
        ],
        [
          0,
          211,
          374,
          269
        ],
        [
          0,
          229,
          204,
          251
        ],
        [
          635,
          384,
          5,
          70
        ],
        [
          426,
          230,
          214,
          250
        ],
        [
          248,
          204,
          392,
          276
        ],
        [
          62,
          443,
          380,
          37
        ],
        [
          168,
          443,
          190,
          37
        ],
        [
          114,
          466,
          8,
          14
        ],
        [
          517,
          466,
          54,
          14
        ],
        [
          262,
          434,
          246,
          46
        ]
      ]
    },
    "24": {
      "name": "dining#chair",
      "visible_pos": [
        3,
        4,
        5,
        6,
        16,
        17,
        18
      ],
      "bbox2d": [
        [
          592,
          367,
          18,
          6
        ],
        [
          394,
          199,
          213,
          281
        ],
        [
          218,
          180,
          161,
          241
        ],
        [
          8,
          198,
          227,
          232
        ],
        [
          460,
          428,
          102,
          52
        ],
        [
          236,
          406,
          143,
          74
        ],
        [
          0,
          427,
          152,
          53
        ]
      ]
    }
  }
}