{
  "01d25fc368954800bc6eaf8c58145c14": {
    "154": {
      "name": "mirror",
      "visible_pos": [
        7,
        8,
        18,
        19,
        20,
        21,
        30,
        31,
        32,
        33
      ],
      "bbox2d": [
        [
          388,
          0,
          125,
          123
        ],
        [
          138,
          0,
          125,
          128
        ],
        [
          507,
          39,
          133,
          144
        ],
        [
          277,
          74,
          267,
          272
        ],
        [
          20,
          48,
          288,
          303
        ],
        [
          0,
          90,
          63,
          107
        ],
        [
          502,
          263,
          138,
          148
        ],
        [
          278,
          300,
          273,
          180
        ],
        [
          31,
          278,
          276,
          202
        ],
        [
          0,
          298,
          59,
          128
        ]
      ]
    },
    "164": {
      "name": "picture",
      "visible_pos": [
        2,
        3,
        4,
        5,
        13,
        14,
        15,
        16,
        17,
        25,
        26,
        27,
        28,
        29
      ],
      "bbox2d": [
        [
          357,
          0,
          283,
          21
        ],
        [
          90,
          0,
          547,
          18
        ],
        [
          0,
          0,
          350,
          21
        ],
        [
          0,
          0,
          84,
          14
        ],
        [
          598,
          0,
          42,
          251
        ],
        [
          347,
          0,
          293,
          257
        ],
        [
          115,
          2,
          490,
          252
        ],
        [
          0,
          0,
          352,
          256
        ],
        [
          0,
          0,
          121,
          256
        ],
        [
          565,
          188,
          75,
          271
        ],
        [
          346,
          185,
          294,
          295
        ],
        [
          90,
          242,
          550,
          238
        ],
        [
          0,
          190,
          356,
          290
        ],
        [
          0,
          194,
          136,
          286
        ]
      ]
    },
    "167": {
      "name": "robe",
      "visible_pos": [
        5,
        6,
        7,
        8
      ],
      "bbox2d": [
        [
          437,
          352,
          203,
          128
        ],
        [
          290,
          308,
          161,
          159
        ],
        [
          124,
          318,
          183,
          162
        ],
        [
          0,
          386,
          162,
          94
        ]
      ]
    },
    "171": {
      "name": "towel",
      "visible_pos": [
        5,
        6,
        7,
        17,
        18,
        19
      ],
      "bbox2d": [
        [
          512,
          37,
          97,
          60
        ],
        [
          273,
          34,
          71,
          55
        ],
        [
          0,
          39,
          97,
          67
        ],
        [
          503,
          269,
          88,
          52
        ],
        [
          275,
          266,
          67,
          48
        ],
        [
          16,
          270,
          93,
          60
        ]
      ]
    },
    "174": {
      "name": "sink",
      "visible_pos": [
        6,
        7,
        8,
        9,
        18,
        19,
        20,
        21
      ],
      "bbox2d": [
        [
          569,
          239,
          71,
          82
        ],
        [
          351,
          133,
          287,
          147
        ],
        [
          146,
          121,
          244,
          149
        ],
        [
          0,
          141,
          176,
          181
        ],
        [
          609,
          479,
          6,
          1
        ],
        [
          354,
          356,
          286,
          124
        ],
        [
          123,
          344,
          270,
          136
        ],
        [
          0,
          364,
          168,
          116
        ]
      ]
    },
    "178": {
      "name": "toilet",
      "visible_pos": [
        3,
        4,
        5,
        6,
        7
      ],
      "bbox2d": [
        [
          500,
          399,
          140,
          81
        ],
        [
          352,
          272,
          257,
          208
        ],
        [
          207,
          250,
          195,
          230
        ],
        [
          21,
          281,
          218,
          199
        ],
        [
          0,
          361,
          62,
          119
        ]
      ]
    },
    "181": {
      "name": "towel",
      "visible_pos": [
        5,
        6,
        7,
        17,
        18,
        19
      ],
      "bbox2d": [
        [
          567,
          176,
          73,
          147
        ],
        [
          359,
          138,
          80,
          127
        ],
        [
          157,
          140,
          67,
          133
        ],
        [
          631,
          423,
          9,
          57
        ],
        [
          370,
          361,
          72,
          119
        ],
        [
          142,
          363,
          78,
          117
        ]
      ]
    },
    "182": {
      "name": "trash#can",
      "visible_pos": [
        6,
        7,
        8,
        9
      ],
      "bbox2d": [
        [
          510,
          386,
          76,
          94
        ],
        [
          341,
          338,
          70,
          84
        ],
        [
          177,
          350,
          81,
          80
        ],
        [
          0,
          431,
          95,
          49
        ]
      ]
    },
    "183": {
      "name": "towel",
      "visible_pos": [
        5,
        6,
        7,
        17,
        18,
        19
      ],
      "bbox2d": [
        [
          480,
          156,
          94,
          136
        ],
        [
          274,
          140,
          66,
          122
        ],
        [
          40,
          158,
          98,
          134
        ],
        [
          499,
          380,
          91,
          100
        ],
        [
          271,
          363,
          71,
          117
        ],
        [
          10,
          381,
          98,
          99
        ]
      ]
    }
  }
}