{
  "4518d285d4c54195a70ba5c4697ba3f2": {
    "395": {
      "name": "stand",
      "visible_pos": [
        1,
        2,
        3,
        4,
        5,
        14,
        15,
        16
      ],
      "bbox2d": [
        [
          598,
          412,
          42,
          68
        ],
        [
          407,
          143,
          196,
          325
        ],
        [
          249,
          132,
          119,
          280
        ],
        [
          2,
          145,
          215,
          328
        ],
        [
          0,
          466,
          18,
          14
        ],
        [
          467,
          366,
          162,
          114
        ],
        [
          243,
          355,
          125,
          125
        ],
        [
          0,
          368,
          140,
          112
        ]
      ]
    },
    "400": {
      "name": "window",
      "visible_pos": [
        1,
        2,
        3,
        4,
        5,
        13,
        14,
        15,
        16,
        17,
        25,
        26,
        27,
        28,
        29
      ],
      "bbox2d": [
        [
          461,
          0,
          179,
          265
        ],
        [
          234,
          0,
          406,
          255
        ],
        [
          0,
          0,
          640,
          239
        ],
        [
          0,
          0,
          416,
          251
        ],
        [
          0,
          0,
          191,
          288
        ],
        [
          467,
          0,
          173,
          480
        ],
        [
          242,
          0,
          398,
          480
        ],
        [
          0,
          0,
          640,
          479
        ],
        [
          0,
          0,
          406,
          469
        ],
        [
          0,
          0,
          182,
          468
        ],
        [
          446,
          92,
          194,
          388
        ],
        [
          234,
          96,
          406,
          384
        ],
        [
          0,
          171,
          640,
          309
        ],
        [
          0,
          100,
          416,
          380
        ],
        [
          0,
          90,
          194,
          390
        ]
      ]
    },
    "411": {
      "name": "chair",
      "visible_pos": [
        7,
        8,
        9,
        10,
        11,
        20,
        21,
        22
      ],
      "bbox2d": [
        [
          594,
          386,
          46,
          80
        ],
        [
          411,
          164,
          207,
          260
        ],
        [
          221,
          162,
          156,
          211
        ],
        [
          0,
          175,
          203,
          262
        ],
        [
          0,
          476,
          7,
          4
        ],
        [
          438,
          388,
          202,
          92
        ],
        [
          215,
          386,
          166,
          94
        ],
        [
          0,
          400,
          155,
          80
        ]
      ]
    },
    "421": {
      "name": "monitor",
      "visible_pos": [
        2,
        3,
        4,
        14,
        15,
        16,
        26,
        27,
        28
      ],
      "bbox2d": [
        [
          491,
          0,
          149,
          63
        ],
        [
          241,
          0,
          130,
          56
        ],
        [
          0,
          0,
          120,
          65
        ],
        [
          474,
          129,
          152,
          162
        ],
        [
          249,
          138,
          117,
          147
        ],
        [
          0,
          122,
          138,
          173
        ],
        [
          478,
          351,
          162,
          129
        ],
        [
          242,
          361,
          129,
          119
        ],
        [
          0,
          342,
          123,
          138
        ]
      ]
    }
  }
}