{
  "a92ada1b9db2420ca7e1b55d372f8ffa": {
    "496": {
      "name": "trash#can",
      "visible_pos": [
        3,
        4,
        5,
        6,
        16,
        17
      ],
      "bbox2d": [
        [
          450,
          270,
          190,
          210
        ],
        [
          289,
          233,
          189,
          247
        ],
        [
          94,
          236,
          199,
          244
        ],
        [
          0,
          286,
          128,
          194
        ],
        [
          335,
          470,
          111,
          10
        ],
        [
          177,
          475,
          75,
          5
        ]
      ]
    },
    "497": {
      "name": "stand",
      "visible_pos": [
        0,
        1,
        2,
        3,
        12,
        13,
        14
      ],
      "bbox2d": [
        [
          459,
          144,
          181,
          336
        ],
        [
          289,
          120,
          170,
          309
        ],
        [
          49,
          129,
          222,
          320
        ],
        [
          0,
          220,
          104,
          260
        ],
        [
          519,
          367,
          121,
          113
        ],
        [
          288,
          343,
          177,
          137
        ],
        [
          36,
          352,
          205,
          128
        ]
      ]
    }
  }
}