{
  "ffacc18a27644508a6e4223823a0e2a4": {
    "159": {
      "name": "chair",
      "visible_pos": [
        5,
        6,
        7,
        8,
        9,
        18,
        19,
        20
      ],
      "bbox2d": [
        [
          521,
          334,
          119,
          146
        ],
        [
          362,
          221,
          278,
          259
        ],
        [
          193,
          196,
          230,
          284
        ],
        [
          0,
          215,
          245,
          265
        ],
        [
          0,
          310,
          56,
          170
        ],
        [
          555,
          455,
          58,
          25
        ],
        [
          311,
          424,
          114,
          56
        ],
        [
          75,
          447,
          121,
          33
        ]
      ]
    },
    "166": {
      "name": "towel",
      "visible_pos": [
        1,
        2,
        3,
        4,
        13,
        14,
        15,
        16,
        26,
        27,
        28
      ],
      "bbox2d": [
        [
          596,
          73,
          44,
          196
        ],
        [
          358,
          0,
          264,
          255
        ],
        [
          92,
          0,
          256,
          235
        ],
        [
          0,
          0,
          106,
          288
        ],
        [
          607,
          188,
          33,
          290
        ],
        [
          353,
          187,
          242,
          293
        ],
        [
          123,
          193,
          222,
          280
        ],
        [
          0,
          183,
          112,
          297
        ],
        [
          358,
          414,
          229,
          66
        ],
        [
          92,
          421,
          222,
          59
        ],
        [
          0,
          411,
          46,
          69
        ]
      ]
    },
    "175": {
      "name": "rack",
      "visible_pos": [
        8,
        9,
        10,
        11
      ],
      "bbox2d": [
        [
          428,
          433,
          123,
          47
        ],
        [
          287,
          406,
          203,
          74
        ],
        [
          136,
          373,
          274,
          107
        ],
        [
          86,
          404,
          192,
          76
        ]
      ]
    },
    "176": {
      "name": "towel",
      "visible_pos": [
        1,
        2,
        3,
        4
      ],
      "bbox2d": [
        [
          496,
          407,
          137,
          73
        ],
        [
          343,
          354,
          181,
          126
        ],
        [
          189,
          364,
          176,
          116
        ],
        [
          1,
          402,
          217,
          78
        ]
      ]
    },
    "156": {
      "name": "shower#wall",
      "visible_pos": [],
      "bbox2d": []
    },
    "165": {
      "name": "window",
      "visible_pos": [],
      "bbox2d": []
    },
    "177": {
      "name": "window",
      "visible_pos": [],
      "bbox2d": []
    }
  }
}