{
  "89906283ef034ac095252101f2854b87": {
    "449": {
      "name": "dining#chair",
      "visible_pos": [
        4,
        5,
        6,
        16,
        17,
        18
      ],
      "bbox2d": [
        [
          502,
          171,
          98,
          148
        ],
        [
          306,
          148,
          73,
          141
        ],
        [
          91,
          164,
          92,
          154
        ],
        [
          539,
          396,
          95,
          84
        ],
        [
          304,
          372,
          83,
          108
        ],
        [
          58,
          388,
          104,
          92
        ]
      ]
    },
    "453": {
      "name": "dining#chair",
      "visible_pos": [
        6,
        7,
        8,
        18,
        19,
        20
      ],
      "bbox2d": [
        [
          475,
          176,
          165,
          293
        ],
        [
          330,
          147,
          81,
          282
        ],
        [
          130,
          156,
          79,
          296
        ],
        [
          594,
          402,
          46,
          78
        ],
        [
          337,
          370,
          83,
          110
        ],
        [
          103,
          380,
          94,
          100
        ]
      ]
    },
    "461": {
      "name": "canvas",
      "visible_pos": [
        9,
        10,
        11,
        21,
        22,
        23,
        24,
        32,
        33,
        34,
        35
      ],
      "bbox2d": [
        [
          394,
          0,
          246,
          234
        ],
        [
          140,
          0,
          305,
          192
        ],
        [
          0,
          0,
          211,
          220
        ],
        [
          389,
          0,
          251,
          460
        ],
        [
          164,
          0,
          265,
          420
        ],
        [
          0,
          0,
          206,
          454
        ],
        [
          0,
          103,
          6,
          30
        ],
        [
          619,
          224,
          21,
          70
        ],
        [
          385,
          122,
          255,
          358
        ],
        [
          140,
          183,
          305,
          297
        ],
        [
          0,
          152,
          222,
          328
        ]
      ]
    },
    "463": {
      "name": "decoration",
      "visible_pos": [
        5,
        6,
        7,
        17,
        18,
        19
      ],
      "bbox2d": [
        [
          521,
          127,
          114,
          102
        ],
        [
          302,
          109,
          84,
          86
        ],
        [
          73,
          120,
          100,
          91
        ],
        [
          536,
          350,
          104,
          116
        ],
        [
          302,
          332,
          87,
          91
        ],
        [
          55,
          343,
          109,
          101
        ]
      ]
    },
    "466": {
      "name": "canvas#stand",
      "visible_pos": [
        0,
        8,
        9,
        10,
        11,
        21,
        22,
        23
      ],
      "bbox2d": [
        [
          0,
          396,
          21,
          84
        ],
        [
          463,
          287,
          177,
          193
        ],
        [
          309,
          159,
          286,
          321
        ],
        [
          153,
          160,
          238,
          320
        ],
        [
          0,
          202,
          213,
          278
        ],
        [
          397,
          383,
          230,
          97
        ],
        [
          173,
          384,
          189,
          96
        ],
        [
          0,
          434,
          134,
          46
        ]
      ]
    },
    "470": {
      "name": "dining#chair",
      "visible_pos": [
        4,
        5,
        6,
        7,
        8,
        9
      ],
      "bbox2d": [
        [
          462,
          442,
          131,
          38
        ],
        [
          320,
          392,
          320,
          88
        ],
        [
          177,
          368,
          364,
          112
        ],
        [
          63,
          358,
          315,
          122
        ],
        [
          38,
          383,
          192,
          97
        ],
        [
          16,
          478,
          15,
          2
        ]
      ]
    },
    "476": {
      "name": "desk",
      "visible_pos": [
        0,
        1,
        2,
        3,
        4,
        10,
        11,
        12,
        13,
        14,
        15
      ],
      "bbox2d": [
        [
          93,
          216,
          547,
          264
        ],
        [
          0,
          175,
          640,
          305
        ],
        [
          0,
          170,
          427,
          310
        ],
        [
          0,
          210,
          245,
          270
        ],
        [
          0,
          287,
          70,
          193
        ],
        [
          369,
          295,
          271,
          185
        ],
        [
          231,
          242,
          409,
          238
        ],
        [
          392,
          449,
          49,
          31
        ],
        [
          170,
          400,
          427,
          80
        ],
        [
          133,
          395,
          310,
          85
        ],
        [
          0,
          462,
          220,
          18
        ]
      ]
    },
    "482": {
      "name": "screen",
      "visible_pos": [
        0,
        1,
        2,
        12,
        13,
        14
      ],
      "bbox2d": [
        [
          412,
          102,
          228,
          160
        ],
        [
          204,
          90,
          201,
          167
        ],
        [
          0,
          94,
          199,
          224
        ],
        [
          428,
          325,
          212,
          155
        ],
        [
          205,
          314,
          204,
          166
        ],
        [
          0,
          318,
          186,
          162
        ]
      ]
    },
    "484": {
      "name": "candle",
      "visible_pos": [
        5,
        6,
        7,
        17,
        18,
        19
      ],
      "bbox2d": [
        [
          540,
          176,
          62,
          108
        ],
        [
          339,
          149,
          25,
          101
        ],
        [
          134,
          161,
          30,
          109
        ],
        [
          603,
          401,
          23,
          79
        ],
        [
          348,
          372,
          18,
          108
        ],
        [
          119,
          385,
          19,
          95
        ]
      ]
    },
    "468": {
      "name": "window",
      "visible_pos": [],
      "bbox2d": []
    }
  }
}