{
  "1a0d730696cc4057b0037a75c8ef6b59": {
    "77": {
      "name": "cupboard",
      "visible_pos": [
        7,
        8,
        9,
        10,
        11,
        19,
        20,
        21,
        22,
        23,
        31,
        32,
        33,
        34,
        35
      ],
      "bbox2d": [
        [
          425,
          0,
          215,
          146
        ],
        [
          172,
          0,
          468,
          159
        ],
        [
          0,
          0,
          566,
          134
        ],
        [
          0,
          0,
          299,
          156
        ],
        [
          0,
          0,
          51,
          147
        ],
        [
          415,
          0,
          225,
          368
        ],
        [
          192,
          0,
          448,
          381
        ],
        [
          0,
          0,
          542,
          357
        ],
        [
          0,
          0,
          306,
          378
        ],
        [
          0,
          0,
          53,
          369
        ],
        [
          412,
          174,
          228,
          306
        ],
        [
          172,
          173,
          468,
          307
        ],
        [
          0,
          231,
          566,
          249
        ],
        [
          0,
          172,
          308,
          308
        ],
        [
          0,
          175,
          98,
          305
        ]
      ]
    },
    "87": {
      "name": "pot",
      "visible_pos": [
        0,
        1,
        11,
        12,
        13
      ],
      "bbox2d": [
        [
          328,
          210,
          33,
          49
        ],
        [
          129,
          228,
          37,
          52
        ],
        [
          529,
          241,
          47,
          56
        ],
        [
          333,
          442,
          34,
          38
        ],
        [
          106,
          465,
          31,
          15
        ]
      ]
    },
    "90": {
      "name": "curtain",
      "visible_pos": [
        4,
        5,
        6,
        16,
        17,
        18,
        28,
        29,
        30
      ],
      "bbox2d": [
        [
          635,
          0,
          5,
          3
        ],
        [
          347,
          0,
          154,
          54
        ],
        [
          78,
          0,
          163,
          53
        ],
        [
          578,
          156,
          62,
          91
        ],
        [
          334,
          164,
          148,
          119
        ],
        [
          97,
          168,
          158,
          114
        ],
        [
          594,
          382,
          46,
          98
        ],
        [
          335,
          388,
          166,
          92
        ],
        [
          74,
          392,
          179,
          88
        ]
      ]
    },
    "96": {
      "name": "bowl",
      "visible_pos": [
        8,
        9,
        10,
        20,
        21,
        22
      ],
      "bbox2d": [
        [
          456,
          164,
          89,
          53
        ],
        [
          248,
          152,
          78,
          45
        ],
        [
          6,
          179,
          104,
          53
        ],
        [
          467,
          388,
          101,
          62
        ],
        [
          242,
          375,
          84,
          51
        ],
        [
          0,
          405,
          89,
          64
        ]
      ]
    },
    "97": {
      "name": "kettle",
      "visible_pos": [
        0,
        1,
        11,
        12,
        13,
        23,
        24,
        25,
        35
      ],
      "bbox2d": [
        [
          271,
          0,
          67,
          59
        ],
        [
          0,
          18,
          76,
          51
        ],
        [
          520,
          0,
          92,
          65
        ],
        [
          275,
          228,
          61,
          59
        ],
        [
          16,
          225,
          84,
          71
        ],
        [
          504,
          226,
          77,
          67
        ],
        [
          271,
          464,
          41,
          16
        ],
        [
          0,
          461,
          35,
          16
        ],
        [
          536,
          462,
          47,
          18
        ]
      ]
    },
    "99": {
      "name": "spice#rack",
      "visible_pos": [
        0,
        1,
        2,
        12,
        13,
        14,
        24,
        25,
        26
      ],
      "bbox2d": [
        [
          605,
          35,
          35,
          121
        ],
        [
          347,
          0,
          89,
          145
        ],
        [
          88,
          0,
          124,
          148
        ],
        [
          595,
          191,
          45,
          189
        ],
        [
          346,
          193,
          87,
          175
        ],
        [
          113,
          191,
          97,
          180
        ],
        [
          638,
          419,
          2,
          4
        ],
        [
          354,
          421,
          84,
          59
        ],
        [
          88,
          419,
          101,
          61
        ]
      ]
    },
    "100": {
      "name": "kettle",
      "visible_pos": [
        0,
        1,
        12,
        13
      ],
      "bbox2d": [
        [
          444,
          4,
          58,
          53
        ],
        [
          191,
          4,
          65,
          52
        ],
        [
          430,
          243,
          57,
          43
        ],
        [
          208,
          243,
          53,
          41
        ]
      ]
    },
    "101": {
      "name": "telephone",
      "visible_pos": [
        5,
        6,
        7,
        17,
        18,
        19,
        29,
        30,
        31
      ],
      "bbox2d": [
        [
          569,
          0,
          71,
          134
        ],
        [
          312,
          0,
          77,
          110
        ],
        [
          36,
          0,
          119,
          121
        ],
        [
          551,
          156,
          89,
          201
        ],
        [
          313,
          170,
          73,
          164
        ],
        [
          71,
          162,
          89,
          182
        ],
        [
          578,
          379,
          62,
          101
        ],
        [
          315,
          395,
          76,
          85
        ],
        [
          39,
          385,
          110,
          95
        ]
      ]
    },
    "105": {
      "name": "plate",
      "visible_pos": [
        5,
        6,
        7,
        17,
        18,
        19
      ],
      "bbox2d": [
        [
          594,
          201,
          46,
          47
        ],
        [
          364,
          163,
          58,
          39
        ],
        [
          153,
          169,
          62,
          38
        ],
        [
          628,
          436,
          12,
          30
        ],
        [
          367,
          387,
          63,
          44
        ],
        [
          139,
          393,
          68,
          45
        ]
      ]
    },
    "107": {
      "name": "pan",
      "visible_pos": [
        0,
        1,
        2,
        12,
        13
      ],
      "bbox2d": [
        [
          425,
          210,
          119,
          67
        ],
        [
          224,
          207,
          114,
          52
        ],
        [
          9,
          246,
          133,
          67
        ],
        [
          436,
          442,
          101,
          38
        ],
        [
          213,
          438,
          128,
          42
        ]
      ]
    },
    "109": {
      "name": "clock",
      "visible_pos": [
        1,
        2,
        3,
        13,
        14,
        15,
        25,
        26,
        27
      ],
      "bbox2d": [
        [
          623,
          0,
          17,
          19
        ],
        [
          339,
          0,
          30,
          18
        ],
        [
          68,
          0,
          36,
          21
        ],
        [
          574,
          164,
          54,
          93
        ],
        [
          330,
          177,
          38,
          78
        ],
        [
          93,
          169,
          47,
          86
        ],
        [
          596,
          388,
          44,
          92
        ],
        [
          331,
          403,
          43,
          77
        ],
        [
          64,
          395,
          57,
          85
        ]
      ]
    },
    "110": {
      "name": "pot",
      "visible_pos": [
        0,
        1,
        2,
        12,
        13,
        14
      ],
      "bbox2d": [
        [
          430,
          174,
          60,
          56
        ],
        [
          230,
          166,
          49,
          59
        ],
        [
          0,
          198,
          58,
          78
        ],
        [
          443,
          399,
          60,
          68
        ],
        [
          220,
          390,
          55,
          70
        ],
        [
          0,
          428,
          16,
          52
        ]
      ]
    },
    "111": {
      "name": "pot",
      "visible_pos": [
        0,
        1,
        2,
        11,
        12,
        13
      ],
      "bbox2d": [
        [
          376,
          213,
          68,
          60
        ],
        [
          180,
          218,
          75,
          54
        ],
        [
          0,
          274,
          41,
          58
        ],
        [
          589,
          262,
          51,
          70
        ],
        [
          384,
          446,
          73,
          34
        ],
        [
          159,
          452,
          77,
          28
        ]
      ]
    },
    "79": {
      "name": "stove",
      "visible_pos": [],
      "bbox2d": []
    },
    "89": {
      "name": "countertop",
      "visible_pos": [],
      "bbox2d": []
    },
    "94": {
      "name": "kitchen#cabinet",
      "visible_pos": [],
      "bbox2d": []
    }
  }
}