{
  "548d13fef345430ba0ca030f8edf4543": {
    "148": {
      "name": "picture",
      "visible_pos": [
        8,
        9,
        10,
        20,
        21,
        22,
        32,
        33,
        34
      ],
      "bbox2d": [
        [
          620,
          0,
          9,
          6
        ],
        [
          337,
          0,
          7,
          3
        ],
        [
          66,
          0,
          9,
          5
        ],
        [
          552,
          95,
          51,
          149
        ],
        [
          314,
          118,
          37,
          125
        ],
        [
          72,
          99,
          48,
          145
        ],
        [
          546,
          315,
          82,
          165
        ],
        [
          314,
          340,
          38,
          140
        ],
        [
          65,
          323,
          59,
          157
        ]
      ]
    },
    "149": {
      "name": "picture",
      "visible_pos": [
        7,
        8,
        18,
        19,
        20,
        30,
        31,
        32
      ],
      "bbox2d": [
        [
          380,
          0,
          1,
          1
        ],
        [
          115,
          0,
          4,
          2
        ],
        [
          402,
          85,
          238,
          156
        ],
        [
          178,
          86,
          202,
          154
        ],
        [
          0,
          59,
          154,
          182
        ],
        [
          400,
          310,
          240,
          170
        ],
        [
          160,
          311,
          224,
          169
        ],
        [
          0,
          283,
          155,
          197
        ]
      ]
    },
    "151": {
      "name": "picture",
      "visible_pos": [
        2,
        3,
        4,
        5,
        14,
        15,
        16,
        17,
        26,
        27,
        28,
        29
      ],
      "bbox2d": [
        [
          472,
          0,
          168,
          267
        ],
        [
          255,
          0,
          269,
          219
        ],
        [
          0,
          0,
          270,
          252
        ],
        [
          0,
          113,
          43,
          152
        ],
        [
          486,
          82,
          154,
          398
        ],
        [
          260,
          100,
          240,
          353
        ],
        [
          0,
          74,
          272,
          406
        ],
        [
          0,
          118,
          12,
          359
        ],
        [
          488,
          303,
          152,
          177
        ],
        [
          254,
          324,
          270,
          156
        ],
        [
          0,
          301,
          268,
          179
        ],
        [
          0,
          312,
          8,
          54
        ]
      ]
    },
    "152": {
      "name": "picture",
      "visible_pos": [
        8,
        9,
        10,
        20,
        21,
        22,
        33,
        34
      ],
      "bbox2d": [
        [
          617,
          71,
          23,
          97
        ],
        [
          363,
          0,
          28,
          139
        ],
        [
          103,
          0,
          49,
          147
        ],
        [
          618,
          186,
          22,
          207
        ],
        [
          361,
          189,
          27,
          172
        ],
        [
          132,
          185,
          31,
          185
        ],
        [
          366,
          417,
          28,
          63
        ],
        [
          103,
          414,
          47,
          66
        ]
      ]
    },
    "153": {
      "name": "thermostat",
      "visible_pos": [
        2,
        3,
        4,
        5,
        15,
        16,
        17,
        27,
        28,
        29
      ],
      "bbox2d": [
        [
          512,
          246,
          128,
          147
        ],
        [
          310,
          0,
          233,
          316
        ],
        [
          102,
          0,
          197,
          334
        ],
        [
          0,
          35,
          110,
          366
        ],
        [
          308,
          30,
          209,
          450
        ],
        [
          159,
          48,
          132,
          432
        ],
        [
          7,
          1,
          26,
          479
        ],
        [
          483,
          262,
          58,
          218
        ],
        [
          265,
          277,
          21,
          203
        ],
        [
          0,
          241,
          65,
          165
        ]
      ]
    },
    "155": {
      "name": "picture",
      "visible_pos": [],
      "bbox2d": []
    },
    "143": {
      "name": "cupboard",
      "visible_pos": [],
      "bbox2d": []
    }
  }
}