{
  "2235ba2794bb4c68a1fb0ba0e2bb5743": {
    "130": {
      "name": "chair",
      "visible_pos": [
        0,
        8,
        9,
        10,
        11,
        21
      ],
      "bbox2d": [
        [
          0,
          392,
          162,
          88
        ],
        [
          479,
          276,
          161,
          204
        ],
        [
          334,
          238,
          306,
          242
        ],
        [
          143,
          250,
          323,
          230
        ],
        [
          0,
          287,
          308,
          193
        ],
        [
          356,
          477,
          28,
          3
        ]
      ]
    },
    "132": {
      "name": "chair#pillow",
      "visible_pos": [
        8,
        9,
        10,
        11,
        21,
        22
      ],
      "bbox2d": [
        [
          594,
          278,
          46,
          184
        ],
        [
          387,
          224,
          134,
          202
        ],
        [
          202,
          226,
          149,
          162
        ],
        [
          0,
          280,
          193,
          144
        ],
        [
          409,
          459,
          59,
          21
        ],
        [
          187,
          461,
          72,
          19
        ]
      ]
    }
  }
}