{
  "69da3742bce54199a1f2a49ecabf8618": {
    "368": {
      "name": "cushion",
      "visible_pos": [
        2,
        3,
        4,
        5,
        6
      ],
      "bbox2d": [
        [
          597,
          345,
          43,
          87
        ],
        [
          402,
          255,
          234,
          138
        ],
        [
          230,
          244,
          246,
          120
        ],
        [
          19,
          245,
          264,
          158
        ],
        [
          48,
          284,
          27,
          11
        ]
      ]
    },
    "378": {
      "name": "couch",
      "visible_pos": [
        2,
        3,
        4,
        5,
        6,
        7
      ],
      "bbox2d": [
        [
          438,
          364,
          202,
          116
        ],
        [
          296,
          311,
          226,
          169
        ],
        [
          138,
          314,
          502,
          166
        ],
        [
          0,
          310,
          518,
          170
        ],
        [
          97,
          304,
          257,
          176
        ],
        [
          0,
          353,
          214,
          127
        ]
      ]
    },
    "382": {
      "name": "cushion",
      "visible_pos": [
        4,
        5,
        6,
        7
      ],
      "bbox2d": [
        [
          445,
          255,
          195,
          153
        ],
        [
          261,
          243,
          163,
          98
        ],
        [
          47,
          251,
          204,
          138
        ],
        [
          0,
          322,
          59,
          111
        ]
      ]
    },
    "383": {
      "name": "chair",
      "visible_pos": [
        0,
        1,
        2,
        3,
        11
      ],
      "bbox2d": [
        [
          291,
          317,
          261,
          163
        ],
        [
          134,
          311,
          242,
          169
        ],
        [
          0,
          332,
          221,
          148
        ],
        [
          0,
          441,
          41,
          39
        ],
        [
          434,
          395,
          206,
          85
        ]
      ]
    },
    "385": {
      "name": "picture",
      "visible_pos": [
        5,
        6,
        7,
        8,
        17,
        18,
        19,
        20,
        29,
        30,
        31,
        32
      ],
      "bbox2d": [
        [
          394,
          0,
          246,
          196
        ],
        [
          147,
          0,
          374,
          165
        ],
        [
          0,
          0,
          267,
          202
        ],
        [
          0,
          114,
          15,
          74
        ],
        [
          394,
          107,
          246,
          314
        ],
        [
          169,
          129,
          330,
          260
        ],
        [
          0,
          107,
          271,
          318
        ],
        [
          0,
          124,
          10,
          258
        ],
        [
          396,
          330,
          244,
          150
        ],
        [
          147,
          352,
          374,
          128
        ],
        [
          0,
          330,
          266,
          150
        ],
        [
          0,
          346,
          4,
          14
        ]
      ]
    },
    "386": {
      "name": "cushion",
      "visible_pos": [
        3,
        4,
        5,
        6,
        17
      ],
      "bbox2d": [
        [
          461,
          267,
          179,
          213
        ],
        [
          297,
          243,
          156,
          147
        ],
        [
          95,
          236,
          195,
          190
        ],
        [
          0,
          286,
          122,
          194
        ],
        [
          229,
          475,
          18,
          5
        ]
      ]
    },
    "387": {
      "name": "cushion",
      "visible_pos": [
        3,
        4,
        5,
        6
      ],
      "bbox2d": [
        [
          511,
          412,
          127,
          68
        ],
        [
          351,
          356,
          97,
          69
        ],
        [
          192,
          346,
          104,
          90
        ],
        [
          4,
          401,
          135,
          79
        ]
      ]
    },
    "366": {
      "name": "column",
      "visible_pos": [],
      "bbox2d": []
    },
    "390": {
      "name": "rug",
      "visible_pos": [],
      "bbox2d": []
    }
  }
}