{
  "0a41d3482c2b4bccb3f7503fbd34969e": {
    "233": {
      "name": "switch",
      "visible_pos": [
        3,
        4,
        15,
        16,
        27,
        28
      ],
      "bbox2d": [
        [
          483,
          0,
          19,
          18
        ],
        [
          225,
          0,
          19,
          17
        ],
        [
          461,
          212,
          20,
          42
        ],
        [
          237,
          214,
          18,
          39
        ],
        [
          480,
          444,
          25,
          36
        ],
        [
          225,
          446,
          22,
          34
        ]
      ]
    },
    "228": {
      "name": "picture",
      "visible_pos": [],
      "bbox2d": []
    }
  }
}