{
  "25fd42e757ba44a3ac83a72232f46b78": {
    "97": {
      "name": "footstool",
      "visible_pos": [
        4,
        5,
        6,
        7
      ],
      "bbox2d": [
        [
          487,
          434,
          153,
          46
        ],
        [
          340,
          379,
          185,
          101
        ],
        [
          190,
          356,
          206,
          124
        ],
        [
          34,
          397,
          227,
          83
        ]
      ]
    },
    "101": {
      "name": "sofa#chair",
      "visible_pos": [
        1,
        2,
        3,
        4,
        5,
        6,
        15,
        16
      ],
      "bbox2d": [
        [
          626,
          468,
          14,
          12
        ],
        [
          414,
          291,
          226,
          189
        ],
        [
          276,
          234,
          351,
          246
        ],
        [
          105,
          231,
          342,
          249
        ],
        [
          0,
          278,
          308,
          202
        ],
        [
          0,
          406,
          161,
          74
        ],
        [
          405,
          472,
          63,
          8
        ],
        [
          194,
          468,
          75,
          12
        ]
      ]
    },
    "104": {
      "name": "picture",
      "visible_pos": [
        2,
        3,
        4,
        5,
        14,
        15,
        16,
        17,
        26,
        27,
        28,
        29
      ],
      "bbox2d": [
        [
          523,
          0,
          117,
          230
        ],
        [
          305,
          0,
          335,
          199
        ],
        [
          25,
          0,
          388,
          205
        ],
        [
          0,
          0,
          173,
          226
        ],
        [
          540,
          144,
          100,
          316
        ],
        [
          305,
          160,
          335,
          267
        ],
        [
          59,
          149,
          342,
          286
        ],
        [
          0,
          161,
          177,
          287
        ],
        [
          552,
          367,
          88,
          113
        ],
        [
          307,
          384,
          333,
          96
        ],
        [
          25,
          372,
          388,
          108
        ],
        [
          0,
          389,
          162,
          91
        ]
      ]
    },
    "93": {
      "name": "picture",
      "visible_pos": [],
      "bbox2d": []
    }
  }
}