{
  "91a3d213de5a4516bdad5c8693919fb7": {
    "348": {
      "name": "chair",
      "visible_pos": [
        1,
        2,
        3,
        4,
        14,
        15,
        16
      ],
      "bbox2d": [
        [
          559,
          255,
          81,
          187
        ],
        [
          377,
          209,
          178,
          170
        ],
        [
          181,
          210,
          163,
          144
        ],
        [
          0,
          231,
          169,
          208
        ],
        [
          387,
          440,
          195,
          40
        ],
        [
          162,
          442,
          185,
          38
        ],
        [
          56,
          469,
          58,
          11
        ]
      ]
    }
  }
}