{
  "0d31b7f9341e40c9ab508eb53168dfde": {
    "255": {
      "name": "kitchen#cabinet",
      "visible_pos": [
        0,
        1,
        2,
        3,
        4,
        10,
        11,
        12,
        13,
        14,
        15,
        23
      ],
      "bbox2d": [
        [
          239,
          166,
          401,
          314
        ],
        [
          64,
          107,
          576,
          373
        ],
        [
          0,
          98,
          462,
          382
        ],
        [
          0,
          111,
          255,
          369
        ],
        [
          0,
          235,
          35,
          245
        ],
        [
          572,
          424,
          65,
          55
        ],
        [
          372,
          196,
          268,
          284
        ],
        [
          269,
          390,
          317,
          90
        ],
        [
          104,
          331,
          536,
          149
        ],
        [
          0,
          322,
          469,
          158
        ],
        [
          0,
          335,
          246,
          145
        ],
        [
          586,
          425,
          45,
          55
        ]
      ]
    },
    "260": {
      "name": "sink",
      "visible_pos": [
        0,
        1,
        2,
        3,
        13,
        14
      ],
      "bbox2d": [
        [
          478,
          261,
          162,
          83
        ],
        [
          286,
          212,
          190,
          88
        ],
        [
          80,
          215,
          200,
          107
        ],
        [
          0,
          274,
          69,
          79
        ],
        [
          317,
          444,
          157,
          36
        ],
        [
          134,
          448,
          140,
          32
        ]
      ]
    },
    "264": {
      "name": "countertop",
      "visible_pos": [
        0,
        1,
        2,
        3,
        10,
        11,
        12,
        13,
        14,
        15
      ],
      "bbox2d": [
        [
          251,
          224,
          389,
          191
        ],
        [
          54,
          155,
          586,
          323
        ],
        [
          0,
          126,
          451,
          354
        ],
        [
          0,
          124,
          228,
          354
        ],
        [
          572,
          421,
          68,
          59
        ],
        [
          402,
          243,
          238,
          237
        ],
        [
          262,
          459,
          322,
          21
        ],
        [
          206,
          379,
          434,
          101
        ],
        [
          50,
          349,
          401,
          131
        ],
        [
          0,
          347,
          228,
          133
        ]
      ]
    },
    "267": {
      "name": "plate",
      "visible_pos": [
        0,
        1,
        2,
        3,
        13,
        14,
        15
      ],
      "bbox2d": [
        [
          603,
          222,
          37,
          18
        ],
        [
          372,
          159,
          140,
          46
        ],
        [
          164,
          155,
          128,
          49
        ],
        [
          0,
          183,
          64,
          59
        ],
        [
          376,
          383,
          147,
          53
        ],
        [
          149,
          378,
          142,
          56
        ],
        [
          0,
          409,
          40,
          58
        ]
      ]
    },
    "268": {
      "name": "faucet",
      "visible_pos": [
        0,
        1,
        2,
        12,
        13,
        14
      ],
      "bbox2d": [
        [
          544,
          155,
          63,
          105
        ],
        [
          335,
          133,
          38,
          94
        ],
        [
          109,
          146,
          59,
          101
        ],
        [
          584,
          379,
          56,
          101
        ],
        [
          337,
          356,
          40,
          107
        ],
        [
          103,
          369,
          47,
          111
        ]
      ]
    },
    "259": {
      "name": "wine#bottles",
      "visible_pos": [],
      "bbox2d": []
    },
    "262": {
      "name": "mirror",
      "visible_pos": [],
      "bbox2d": []
    }
  }
}