{
  "48197e3233eb443e8f25733e323b8ea4": {
    "149": {
      "name": "shelf",
      "visible_pos": [
        9,
        10,
        11,
        21,
        22,
        23
      ],
      "bbox2d": [
        [
          459,
          205,
          17,
          61
        ],
        [
          258,
          195,
          15,
          58
        ],
        [
          27,
          232,
          38,
          65
        ],
        [
          477,
          436,
          16,
          44
        ],
        [
          252,
          423,
          14,
          57
        ],
        [
          0,
          469,
          2,
          11
        ]
      ]
    },
    "152": {
      "name": "sink",
      "visible_pos": [
        2,
        3,
        4,
        5,
        15,
        16,
        17
      ],
      "bbox2d": [
        [
          568,
          250,
          72,
          67
        ],
        [
          352,
          201,
          171,
          54
        ],
        [
          153,
          194,
          163,
          66
        ],
        [
          0,
          229,
          108,
          87
        ],
        [
          358,
          431,
          197,
          49
        ],
        [
          127,
          422,
          189,
          58
        ],
        [
          0,
          466,
          70,
          14
        ]
      ]
    },
    "166": {
      "name": "drawer",
      "visible_pos": [
        1,
        2,
        3,
        4,
        5,
        14,
        15,
        16
      ],
      "bbox2d": [
        [
          592,
          390,
          48,
          90
        ],
        [
          409,
          218,
          231,
          262
        ],
        [
          241,
          212,
          343,
          256
        ],
        [
          6,
          231,
          362,
          249
        ],
        [
          0,
          244,
          188,
          236
        ],
        [
          455,
          451,
          8,
          29
        ],
        [
          231,
          445,
          12,
          35
        ],
        [
          319,
          467,
          56,
          13
        ]
      ]
    }
  }
}