{
  "a77784b955454209857d745976a1676d": {
    "64": {
      "name": "sofa#chair",
      "visible_pos": [
        0,
        1,
        2,
        3,
        4,
        14,
        15
      ],
      "bbox2d": [
        [
          580,
          422,
          60,
          58
        ],
        [
          406,
          296,
          234,
          184
        ],
        [
          249,
          235,
          244,
          245
        ],
        [
          62,
          223,
          249,
          254
        ],
        [
          0,
          261,
          152,
          219
        ],
        [
          445,
          473,
          63,
          7
        ],
        [
          219,
          458,
          73,
          22
        ]
      ]
    }
  }
}