{
  "2c21d73561894c189713c15db5bcecab": {
    "2": {
      "name": "plant",
      "visible_pos": [
        0,
        1,
        2,
        12,
        13,
        14
      ],
      "bbox2d": [
        [
          609,
          20,
          31,
          225
        ],
        [
          338,
          5,
          120,
          203
        ],
        [
          77,
          5,
          162,
          203
        ],
        [
          583,
          251,
          57,
          108
        ],
        [
          336,
          244,
          125,
          195
        ],
        [
          101,
          244,
          135,
          196
        ]
      ]
    },
    "11": {
      "name": "oven",
      "visible_pos": [
        0,
        1,
        2,
        3,
        14
      ],
      "bbox2d": [
        [
          474,
          353,
          166,
          127
        ],
        [
          328,
          248,
          205,
          232
        ],
        [
          177,
          223,
          156,
          257
        ],
        [
          0,
          250,
          163,
          230
        ],
        [
          288,
          458,
          35,
          22
        ]
      ]
    },
    "13": {
      "name": "ventilation#hood",
      "visible_pos": [
        16,
        17,
        18,
        19,
        20,
        28,
        29,
        30,
        31,
        32,
        33
      ],
      "bbox2d": [
        [
          437,
          0,
          203,
          182
        ],
        [
          214,
          0,
          426,
          193
        ],
        [
          0,
          0,
          640,
          190
        ],
        [
          0,
          0,
          475,
          195
        ],
        [
          0,
          0,
          250,
          187
        ],
        [
          430,
          0,
          210,
          405
        ],
        [
          213,
          0,
          427,
          421
        ],
        [
          0,
          0,
          640,
          418
        ],
        [
          0,
          0,
          478,
          424
        ],
        [
          0,
          0,
          253,
          414
        ],
        [
          0,
          232,
          15,
          62
        ]
      ]
    },
    "16": {
      "name": "plant",
      "visible_pos": [
        5,
        6,
        7,
        17,
        18,
        19,
        29,
        30,
        31
      ],
      "bbox2d": [
        [
          510,
          0,
          130,
          252
        ],
        [
          270,
          0,
          178,
          213
        ],
        [
          1,
          0,
          212,
          230
        ],
        [
          501,
          173,
          139,
          307
        ],
        [
          273,
          186,
          168,
          259
        ],
        [
          12,
          179,
          206,
          288
        ],
        [
          569,
          400,
          71,
          80
        ],
        [
          314,
          413,
          98,
          67
        ],
        [
          44,
          405,
          116,
          75
        ]
      ]
    },
    "21": {
      "name": "range",
      "visible_pos": [
        4,
        5,
        6,
        7,
        8,
        9,
        17,
        18,
        19
      ],
      "bbox2d": [
        [
          446,
          292,
          194,
          188
        ],
        [
          269,
          227,
          371,
          253
        ],
        [
          75,
          212,
          565,
          228
        ],
        [
          0,
          225,
          465,
          255
        ],
        [
          0,
          263,
          289,
          217
        ],
        [
          0,
          349,
          101,
          131
        ],
        [
          444,
          462,
          79,
          18
        ],
        [
          217,
          444,
          283,
          36
        ],
        [
          151,
          460,
          144,
          20
        ]
      ]
    },
    "28": {
      "name": "oven",
      "visible_pos": [
        0,
        9,
        10,
        11,
        21,
        22,
        23
      ],
      "bbox2d": [
        [
          0,
          328,
          116,
          152
        ],
        [
          498,
          225,
          142,
          241
        ],
        [
          306,
          201,
          167,
          197
        ],
        [
          101,
          224,
          197,
          183
        ],
        [
          552,
          461,
          25,
          19
        ],
        [
          304,
          430,
          79,
          50
        ],
        [
          72,
          459,
          57,
          21
        ]
      ]
    },
    "32": {
      "name": "countertop",
      "visible_pos": [
        0,
        1,
        2,
        3,
        9,
        10,
        11,
        12,
        13,
        14,
        15,
        21,
        22,
        23
      ],
      "bbox2d": [
        [
          0,
          184,
          640,
          160
        ],
        [
          0,
          185,
          520,
          225
        ],
        [
          0,
          183,
          311,
          249
        ],
        [
          0,
          225,
          98,
          115
        ],
        [
          538,
          211,
          102,
          132
        ],
        [
          323,
          171,
          317,
          253
        ],
        [
          110,
          164,
          530,
          254
        ],
        [
          0,
          411,
          640,
          69
        ],
        [
          0,
          411,
          546,
          69
        ],
        [
          0,
          409,
          309,
          71
        ],
        [
          0,
          460,
          66,
          20
        ],
        [
          565,
          443,
          75,
          37
        ],
        [
          324,
          396,
          316,
          84
        ],
        [
          85,
          389,
          555,
          91
        ]
      ]
    },
    "33": {
      "name": "sink",
      "visible_pos": [
        0,
        1,
        10,
        11,
        12,
        13,
        22,
        23
      ],
      "bbox2d": [
        [
          86,
          212,
          271,
          96
        ],
        [
          0,
          232,
          176,
          152
        ],
        [
          476,
          234,
          164,
          156
        ],
        [
          286,
          200,
          287,
          146
        ],
        [
          113,
          444,
          249,
          36
        ],
        [
          85,
          469,
          48,
          11
        ],
        [
          616,
          472,
          11,
          8
        ],
        [
          317,
          430,
          230,
          50
        ]
      ]
    },
    "8": {
      "name": "kitchen#island",
      "visible_pos": [],
      "bbox2d": []
    },
    "15": {
      "name": "kitchen#counter",
      "visible_pos": [],
      "bbox2d": []
    },
    "22": {
      "name": "kitchen#island",
      "visible_pos": [],
      "bbox2d": []
    }
  }
}