{
  "e687b96cff1b4a3abc1a6a9b75a483d0": {
    "241": {
      "name": "picture",
      "visible_pos": [
        0,
        1,
        11,
        12,
        13,
        23,
        24,
        25,
        35
      ],
      "bbox2d": [
        [
          290,
          0,
          189,
          106
        ],
        [
          9,
          0,
          220,
          122
        ],
        [
          532,
          0,
          108,
          123
        ],
        [
          292,
          151,
          167,
          178
        ],
        [
          41,
          138,
          194,
          207
        ],
        [
          524,
          132,
          116,
          214
        ],
        [
          291,
          374,
          188,
          106
        ],
        [
          9,
          361,
          215,
          119
        ],
        [
          529,
          355,
          111,
          125
        ]
      ]
    },
    "246": {
      "name": "picture",
      "visible_pos": [
        7,
        8,
        9,
        19,
        20,
        21,
        31,
        32,
        33
      ],
      "bbox2d": [
        [
          494,
          0,
          146,
          132
        ],
        [
          245,
          0,
          229,
          113
        ],
        [
          0,
          0,
          227,
          126
        ],
        [
          472,
          64,
          168,
          291
        ],
        [
          247,
          96,
          213,
          240
        ],
        [
          0,
          76,
          236,
          273
        ],
        [
          477,
          291,
          163,
          189
        ],
        [
          242,
          320,
          232,
          160
        ],
        [
          0,
          302,
          238,
          178
        ]
      ]
    },
    "250": {
      "name": "nightstand",
      "visible_pos": [
        0,
        1,
        2,
        11,
        12,
        13,
        14
      ],
      "bbox2d": [
        [
          370,
          214,
          232,
          202
        ],
        [
          185,
          192,
          194,
          221
        ],
        [
          0,
          216,
          199,
          264
        ],
        [
          543,
          266,
          97,
          214
        ],
        [
          389,
          446,
          208,
          34
        ],
        [
          170,
          420,
          217,
          60
        ],
        [
          26,
          450,
          135,
          30
        ]
      ]
    }
  }
}