{
  "ffbed768a549496c9752a736bff9efd5": {
    "324": {
      "name": "tv",
      "visible_pos": [],
      "bbox2d": []
    },
    "330": {
      "name": "side#table",
      "visible_pos": [
        8,
        9,
        10,
        11,
        21,
        22
      ],
      "bbox2d": [
        [
          600,
          240,
          40,
          81
        ],
        [
          374,
          195,
          101,
          66
        ],
        [
          171,
          192,
          109,
          69
        ],
        [
          0,
          241,
          70,
          79
        ],
        [
          380,
          423,
          113,
          57
        ],
        [
          153,
          420,
          122,
          60
        ]
      ]
    },
    "337": {
      "name": "picture",
      "visible_pos": [
        2,
        3,
        4,
        5
      ],
      "bbox2d": [
        [
          440,
          424,
          193,
          56
        ],
        [
          292,
          374,
          186,
          43
        ],
        [
          137,
          358,
          182,
          103
        ],
        [
          29,
          396,
          131,
          84
        ]
      ]
    },
    "341": {
      "name": "plant",
      "visible_pos": [
        8,
        9,
        10,
        21,
        22
      ],
      "bbox2d": [
        [
          607,
          209,
          33,
          53
        ],
        [
          379,
          156,
          51,
          58
        ],
        [
          175,
          161,
          46,
          58
        ],
        [
          385,
          380,
          53,
          66
        ],
        [
          160,
          385,
          55,
          68
        ]
      ]
    }
  }
}