{
  "14f59b257d4c4d958b7624975f29a758": {
    "386": {
      "name": "countertop",
      "visible_pos": [
        0,
        1,
        2,
        3,
        4,
        5,
        12,
        13,
        14,
        15
      ],
      "bbox2d": [
        [
          456,
          195,
          184,
          285
        ],
        [
          257,
          164,
          383,
          316
        ],
        [
          30,
          174,
          610,
          306
        ],
        [
          0,
          219,
          526,
          212
        ],
        [
          0,
          258,
          358,
          222
        ],
        [
          24,
          307,
          177,
          173
        ],
        [
          473,
          424,
          167,
          56
        ],
        [
          249,
          388,
          367,
          92
        ],
        [
          31,
          399,
          433,
          81
        ],
        [
          10,
          453,
          287,
          27
        ]
      ]
    },
    "387": {
      "name": "window",
      "visible_pos": [
        5,
        6,
        7,
        8,
        17,
        18,
        19,
        20,
        29,
        30,
        31,
        32
      ],
      "bbox2d": [
        [
          415,
          0,
          225,
          231
        ],
        [
          164,
          0,
          409,
          193
        ],
        [
          0,
          0,
          324,
          223
        ],
        [
          0,
          0,
          98,
          222
        ],
        [
          405,
          56,
          235,
          404
        ],
        [
          182,
          88,
          383,
          334
        ],
        [
          0,
          57,
          324,
          400
        ],
        [
          0,
          94,
          85,
          352
        ],
        [
          405,
          282,
          235,
          198
        ],
        [
          163,
          313,
          408,
          167
        ],
        [
          0,
          279,
          302,
          201
        ],
        [
          0,
          283,
          30,
          197
        ]
      ]
    },
    "388": {
      "name": "cabinet",
      "visible_pos": [
        0,
        1,
        2,
        3,
        4,
        5,
        11,
        12,
        13,
        14
      ],
      "bbox2d": [
        [
          433,
          222,
          186,
          258
        ],
        [
          255,
          206,
          283,
          274
        ],
        [
          28,
          238,
          477,
          242
        ],
        [
          0,
          419,
          525,
          61
        ],
        [
          130,
          370,
          230,
          110
        ],
        [
          113,
          388,
          107,
          92
        ],
        [
          621,
          447,
          19,
          33
        ],
        [
          472,
          457,
          47,
          23
        ],
        [
          247,
          415,
          117,
          65
        ],
        [
          33,
          477,
          3,
          2
        ]
      ]
    },
    "392": {
      "name": "molding",
      "visible_pos": [
        12,
        13,
        14,
        19,
        20,
        21,
        22,
        23,
        24,
        25,
        26,
        27,
        31,
        32,
        33,
        34,
        35
      ],
      "bbox2d": [
        [
          149,
          0,
          491,
          140
        ],
        [
          0,
          0,
          474,
          144
        ],
        [
          0,
          0,
          249,
          122
        ],
        [
          560,
          0,
          80,
          62
        ],
        [
          320,
          0,
          320,
          86
        ],
        [
          79,
          0,
          494,
          69
        ],
        [
          0,
          0,
          375,
          82
        ],
        [
          0,
          0,
          640,
          135
        ],
        [
          0,
          60,
          640,
          303
        ],
        [
          0,
          221,
          455,
          145
        ],
        [
          0,
          239,
          257,
          106
        ],
        [
          0,
          180,
          31,
          58
        ],
        [
          539,
          195,
          101,
          94
        ],
        [
          320,
          195,
          320,
          116
        ],
        [
          99,
          0,
          541,
          295
        ],
        [
          0,
          75,
          640,
          232
        ],
        [
          0,
          109,
          640,
          249
        ]
      ]
    },
    "396": {
      "name": "bathtub",
      "visible_pos": [
        6,
        7,
        8,
        9,
        10,
        11
      ],
      "bbox2d": [
        [
          502,
          454,
          138,
          26
        ],
        [
          345,
          335,
          295,
          145
        ],
        [
          203,
          305,
          437,
          175
        ],
        [
          53,
          336,
          444,
          144
        ],
        [
          0,
          326,
          385,
          154
        ],
        [
          0,
          375,
          255,
          105
        ]
      ]
    },
    "397": {
      "name": "shower#wall#cubby",
      "visible_pos": [
        8,
        9,
        10,
        20,
        21,
        22,
        33,
        34
      ],
      "bbox2d": [
        [
          535,
          0,
          105,
          156
        ],
        [
          293,
          0,
          97,
          129
        ],
        [
          18,
          0,
          136,
          140
        ],
        [
          528,
          239,
          112,
          140
        ],
        [
          295,
          239,
          88,
          113
        ],
        [
          45,
          239,
          112,
          124
        ],
        [
          357,
          479,
          1,
          1
        ],
        [
          90,
          479,
          1,
          1
        ]
      ]
    },
    "399": {
      "name": "towel",
      "visible_pos": [
        4,
        5,
        6,
        7,
        8,
        18
      ],
      "bbox2d": [
        [
          623,
          444,
          17,
          36
        ],
        [
          433,
          255,
          166,
          215
        ],
        [
          257,
          237,
          134,
          176
        ],
        [
          51,
          255,
          175,
          204
        ],
        [
          0,
          400,
          47,
          80
        ],
        [
          283,
          476,
          75,
          4
        ]
      ]
    },
    "403": {
      "name": "molding",
      "visible_pos": [
        17,
        19,
        20,
        21,
        28,
        29,
        30,
        31,
        32,
        33
      ],
      "bbox2d": [
        [
          331,
          0,
          5,
          4
        ],
        [
          308,
          0,
          273,
          62
        ],
        [
          180,
          0,
          156,
          85
        ],
        [
          0,
          0,
          101,
          62
        ],
        [
          508,
          20,
          132,
          193
        ],
        [
          317,
          28,
          323,
          215
        ],
        [
          126,
          117,
          514,
          102
        ],
        [
          0,
          34,
          552,
          255
        ],
        [
          0,
          17,
          334,
          293
        ],
        [
          0,
          104,
          127,
          186
        ]
      ]
    },
    "409": {
      "name": "sink",
      "visible_pos": [
        0,
        1,
        2,
        3,
        4
      ],
      "bbox2d": [
        [
          572,
          341,
          68,
          139
        ],
        [
          383,
          270,
          224,
          152
        ],
        [
          211,
          246,
          195,
          136
        ],
        [
          0,
          257,
          237,
          163
        ],
        [
          0,
          372,
          42,
          107
        ]
      ]
    },
    "410": {
      "name": "towel",
      "visible_pos": [
        2,
        3,
        4,
        5
      ],
      "bbox2d": [
        [
          538,
          305,
          102,
          110
        ],
        [
          347,
          258,
          91,
          88
        ],
        [
          162,
          260,
          95,
          92
        ],
        [
          0,
          323,
          56,
          115
        ]
      ]
    },
    "411": {
      "name": "blinds",
      "visible_pos": [
        4,
        5,
        6,
        7,
        16,
        17,
        18,
        19,
        28,
        29,
        30
      ],
      "bbox2d": [
        [
          557,
          0,
          83,
          261
        ],
        [
          337,
          0,
          279,
          264
        ],
        [
          82,
          0,
          306,
          219
        ],
        [
          0,
          138,
          187,
          128
        ],
        [
          583,
          0,
          57,
          480
        ],
        [
          337,
          35,
          303,
          445
        ],
        [
          102,
          13,
          293,
          440
        ],
        [
          0,
          361,
          172,
          119
        ],
        [
          556,
          233,
          84,
          247
        ],
        [
          336,
          267,
          27,
          213
        ],
        [
          82,
          249,
          72,
          231
        ]
      ]
    },
    "413": {
      "name": "towel",
      "visible_pos": [
        2,
        3,
        4,
        15,
        16
      ],
      "bbox2d": [
        [
          502,
          252,
          95,
          75
        ],
        [
          311,
          220,
          67,
          68
        ],
        [
          108,
          234,
          82,
          79
        ],
        [
          309,
          454,
          77,
          26
        ],
        [
          112,
          472,
          48,
          8
        ]
      ]
    },
    "414": {
      "name": "tray",
      "visible_pos": [
        2,
        3,
        4,
        5
      ],
      "bbox2d": [
        [
          446,
          304,
          194,
          143
        ],
        [
          270,
          291,
          168,
          94
        ],
        [
          74,
          289,
          187,
          106
        ],
        [
          0,
          342,
          71,
          138
        ]
      ]
    },
    "416": {
      "name": "window#frame",
      "visible_pos": [
        4,
        5,
        6,
        7,
        8,
        16,
        17,
        18,
        19,
        20,
        28,
        29,
        30,
        31,
        32
      ],
      "bbox2d": [
        [
          559,
          212,
          81,
          57
        ],
        [
          340,
          0,
          300,
          277
        ],
        [
          128,
          0,
          417,
          233
        ],
        [
          0,
          172,
          328,
          104
        ],
        [
          0,
          197,
          114,
          79
        ],
        [
          590,
          444,
          40,
          36
        ],
        [
          326,
          0,
          314,
          480
        ],
        [
          88,
          0,
          501,
          471
        ],
        [
          0,
          0,
          342,
          480
        ],
        [
          0,
          0,
          108,
          480
        ],
        [
          531,
          148,
          109,
          183
        ],
        [
          325,
          152,
          315,
          328
        ],
        [
          118,
          213,
          435,
          267
        ],
        [
          0,
          149,
          339,
          124
        ],
        [
          0,
          152,
          137,
          102
        ]
      ]
    },
    "419": {
      "name": "towel",
      "visible_pos": [
        2,
        3,
        4
      ],
      "bbox2d": [
        [
          450,
          295,
          110,
          88
        ],
        [
          270,
          271,
          100,
          63
        ],
        [
          74,
          303,
          122,
          52
        ]
      ]
    },
    "421": {
      "name": "faucet",
      "visible_pos": [
        7,
        8,
        9
      ],
      "bbox2d": [
        [
          433,
          305,
          36,
          40
        ],
        [
          263,
          289,
          32,
          41
        ],
        [
          73,
          333,
          41,
          51
        ]
      ]
    },
    "422": {
      "name": "bottle",
      "visible_pos": [
        1,
        2,
        3,
        13,
        14
      ],
      "bbox2d": [
        [
          420,
          180,
          37,
          63
        ],
        [
          225,
          176,
          29,
          61
        ],
        [
          0,
          232,
          29,
          59
        ],
        [
          435,
          406,
          36,
          74
        ],
        [
          212,
          402,
          35,
          74
        ]
      ]
    },
    "426": {
      "name": "plant",
      "visible_pos": [
        2,
        3,
        4,
        5,
        15,
        16
      ],
      "bbox2d": [
        [
          639,
          324,
          1,
          1
        ],
        [
          415,
          224,
          39,
          48
        ],
        [
          227,
          218,
          37,
          50
        ],
        [
          0,
          267,
          56,
          58
        ],
        [
          440,
          460,
          29,
          20
        ],
        [
          217,
          453,
          34,
          27
        ]
      ]
    },
    "404": {
      "name": "shower#wall",
      "visible_pos": [],
      "bbox2d": []
    },
    "408": {
      "name": "shower#door",
      "visible_pos": [],
      "bbox2d": []
    }
  }
}