{
  "e3ad01378dab48c2a4b6f65d67a771ed": {
    "704": {
      "name": "chair",
      "visible_pos": [
        7,
        8,
        9,
        10,
        11
      ],
      "bbox2d": [
        [
          381,
          406,
          161,
          74
        ],
        [
          238,
          394,
          282,
          86
        ],
        [
          90,
          416,
          376,
          64
        ],
        [
          111,
          414,
          217,
          66
        ],
        [
          112,
          461,
          79,
          19
        ]
      ]
    },
    "706": {
      "name": "chair",
      "visible_pos": [
        6,
        7,
        8,
        9,
        19,
        20,
        21
      ],
      "bbox2d": [
        [
          577,
          177,
          63,
          303
        ],
        [
          377,
          128,
          158,
          258
        ],
        [
          160,
          122,
          179,
          244
        ],
        [
          0,
          161,
          150,
          252
        ],
        [
          379,
          350,
          164,
          130
        ],
        [
          153,
          345,
          168,
          135
        ],
        [
          0,
          434,
          41,
          46
        ]
      ]
    },
    "710": {
      "name": "table",
      "visible_pos": [
        0,
        7,
        8,
        9,
        10,
        11,
        12,
        20,
        21,
        22,
        23
      ],
      "bbox2d": [
        [
          0,
          213,
          166,
          267
        ],
        [
          444,
          250,
          196,
          230
        ],
        [
          288,
          200,
          352,
          280
        ],
        [
          107,
          198,
          533,
          245
        ],
        [
          0,
          160,
          580,
          320
        ],
        [
          0,
          164,
          360,
          316
        ],
        [
          0,
          446,
          136,
          34
        ],
        [
          372,
          429,
          268,
          51
        ],
        [
          158,
          427,
          482,
          53
        ],
        [
          0,
          384,
          616,
          96
        ],
        [
          31,
          388,
          334,
          92
        ]
      ]
    },
    "711": {
      "name": "chair",
      "visible_pos": [
        0,
        1,
        8,
        9,
        10,
        11
      ],
      "bbox2d": [
        [
          10,
          266,
          192,
          214
        ],
        [
          0,
          467,
          3,
          13
        ],
        [
          472,
          453,
          4,
          4
        ],
        [
          325,
          416,
          315,
          64
        ],
        [
          178,
          293,
          413,
          187
        ],
        [
          101,
          253,
          281,
          227
        ]
      ]
    },
    "724": {
      "name": "table#tray",
      "visible_pos": [
        8,
        9,
        10,
        11,
        21,
        22
      ],
      "bbox2d": [
        [
          593,
          264,
          47,
          137
        ],
        [
          376,
          215,
          220,
          105
        ],
        [
          179,
          220,
          207,
          97
        ],
        [
          0,
          250,
          200,
          135
        ],
        [
          384,
          448,
          113,
          32
        ],
        [
          159,
          454,
          199,
          26
        ]
      ]
    },
    "727": {
      "name": "chair",
      "visible_pos": [
        0,
        1,
        9,
        10,
        11,
        12,
        23
      ],
      "bbox2d": [
        [
          53,
          162,
          195,
          262
        ],
        [
          0,
          212,
          40,
          268
        ],
        [
          589,
          422,
          51,
          21
        ],
        [
          402,
          239,
          238,
          220
        ],
        [
          239,
          165,
          220,
          241
        ],
        [
          157,
          387,
          86,
          93
        ],
        [
          379,
          390,
          88,
          90
        ]
      ]
    },
    "728": {
      "name": "chandelier",
      "visible_pos": [
        21,
        22,
        23,
        32,
        33,
        34,
        35
      ],
      "bbox2d": [
        [
          416,
          0,
          224,
          143
        ],
        [
          193,
          0,
          199,
          152
        ],
        [
          0,
          0,
          167,
          139
        ],
        [
          601,
          40,
          39,
          107
        ],
        [
          397,
          109,
          234,
          257
        ],
        [
          202,
          139,
          186,
          236
        ],
        [
          0,
          82,
          189,
          280
        ]
      ]
    },
    "735": {
      "name": "chair#bottom",
      "visible_pos": [
        0,
        10,
        11
      ],
      "bbox2d": [
        [
          192,
          437,
          8,
          43
        ],
        [
          479,
          457,
          17,
          15
        ],
        [
          318,
          413,
          27,
          67
        ]
      ]
    },
    "740": {
      "name": "chair#bottom",
      "visible_pos": [],
      "bbox2d": []
    }
  }
}