{
  "ee9fe1ab9d3c49569be2ab4d0e51bf2a": {
    "164": {
      "name": "stool",
      "visible_pos": [
        0,
        1,
        2,
        3
      ],
      "bbox2d": [
        [
          404,
          448,
          150,
          32
        ],
        [
          271,
          406,
          218,
          74
        ],
        [
          164,
          403,
          182,
          77
        ],
        [
          88,
          434,
          120,
          46
        ]
      ]
    }
  }
}