{
  "6a961a6eca63401e92f7b99c122193e9": {
    "547": {
      "name": "tree",
      "visible_pos": [
        3,
        4,
        5,
        6,
        16,
        17,
        18
      ],
      "bbox2d": [
        [
          559,
          320,
          81,
          160
        ],
        [
          381,
          45,
          259,
          350
        ],
        [
          202,
          41,
          222,
          341
        ],
        [
          0,
          49,
          215,
          403
        ],
        [
          424,
          275,
          216,
          205
        ],
        [
          201,
          272,
          219,
          208
        ],
        [
          0,
          279,
          198,
          201
        ]
      ]
    },
    "587": {
      "name": "tree",
      "visible_pos": [
        13,
        14,
        25,
        26,
        27,
        28
      ],
      "bbox2d": [
        [
          496,
          0,
          47,
          19
        ],
        [
          268,
          0,
          69,
          36
        ],
        [
          470,
          5,
          170,
          249
        ],
        [
          274,
          105,
          296,
          163
        ],
        [
          54,
          115,
          315,
          119
        ],
        [
          0,
          48,
          188,
          155
        ]
      ]
    },
    "588": {
      "name": "grass",
      "visible_pos": [
        0,
        1,
        2,
        3,
        4,
        5,
        6,
        7,
        8,
        9,
        10,
        11,
        12,
        13,
        14,
        15,
        16,
        19,
        20,
        21,
        22,
        23
      ],
      "bbox2d": [
        [
          0,
          233,
          640,
          247
        ],
        [
          0,
          156,
          640,
          324
        ],
        [
          0,
          108,
          640,
          372
        ],
        [
          0,
          109,
          638,
          371
        ],
        [
          0,
          204,
          640,
          276
        ],
        [
          0,
          257,
          640,
          223
        ],
        [
          0,
          255,
          640,
          225
        ],
        [
          50,
          218,
          590,
          262
        ],
        [
          0,
          230,
          640,
          250
        ],
        [
          0,
          224,
          640,
          256
        ],
        [
          81,
          209,
          559,
          271
        ],
        [
          0,
          228,
          640,
          252
        ],
        [
          497,
          470,
          143,
          10
        ],
        [
          259,
          380,
          381,
          100
        ],
        [
          126,
          331,
          404,
          149
        ],
        [
          0,
          331,
          335,
          149
        ],
        [
          0,
          446,
          353,
          34
        ],
        [
          335,
          452,
          83,
          28
        ],
        [
          133,
          467,
          62,
          13
        ],
        [
          481,
          459,
          30,
          21
        ],
        [
          241,
          441,
          232,
          39
        ],
        [
          229,
          465,
          21,
          15
        ]
      ]
    },
    "551": {
      "name": "tree",
      "visible_pos": [],
      "bbox2d": []
    },
    "554": {
      "name": "tree",
      "visible_pos": [],
      "bbox2d": []
    }
  }
}