{
  "78f568d9bcaa4ddb92d9b6195a634232": {
    "600": {
      "name": "patio#chair",
      "visible_pos": [
        7,
        8,
        9,
        10,
        19,
        20,
        21
      ],
      "bbox2d": [
        [
          482,
          200,
          158,
          280
        ],
        [
          276,
          184,
          224,
          228
        ],
        [
          49,
          210,
          269,
          220
        ],
        [
          0,
          290,
          138,
          190
        ],
        [
          500,
          430,
          89,
          50
        ],
        [
          272,
          411,
          175,
          69
        ],
        [
          11,
          442,
          217,
          38
        ]
      ]
    },
    "601": {
      "name": "bushes",
      "visible_pos": [
        0,
        1,
        2,
        3,
        4,
        5
      ],
      "bbox2d": [
        [
          494,
          396,
          146,
          84
        ],
        [
          343,
          305,
          297,
          175
        ],
        [
          196,
          272,
          352,
          208
        ],
        [
          30,
          286,
          347,
          194
        ],
        [
          0,
          352,
          229,
          128
        ],
        [
          0,
          461,
          38,
          19
        ]
      ]
    },
    "581": {
      "name": "tree",
      "visible_pos": [],
      "bbox2d": []
    }
  }
}