{
  "f65c611015d049408dc31d5358dce6e8": {
    "849": {
      "name": "armchair",
      "visible_pos": [
        0,
        1,
        2,
        10,
        11,
        12,
        13,
        23
      ],
      "bbox2d": [
        [
          140,
          165,
          291,
          315
        ],
        [
          0,
          197,
          258,
          283
        ],
        [
          0,
          354,
          92,
          126
        ],
        [
          521,
          246,
          119,
          234
        ],
        [
          340,
          175,
          300,
          305
        ],
        [
          113,
          390,
          186,
          90
        ],
        [
          0,
          425,
          50,
          55
        ],
        [
          343,
          400,
          190,
          80
        ]
      ]
    },
    "860": {
      "name": "plant",
      "visible_pos": [
        0,
        1,
        9,
        10,
        11
      ],
      "bbox2d": [
        [
          73,
          359,
          219,
          121
        ],
        [
          13,
          458,
          50,
          22
        ],
        [
          614,
          425,
          26,
          51
        ],
        [
          412,
          337,
          144,
          143
        ],
        [
          258,
          324,
          170,
          156
        ]
      ]
    },
    "861": {
      "name": "armchair",
      "visible_pos": [
        3,
        4,
        5,
        6,
        7,
        8,
        17,
        18,
        19
      ],
      "bbox2d": [
        [
          595,
          478,
          12,
          2
        ],
        [
          405,
          357,
          235,
          123
        ],
        [
          262,
          211,
          378,
          269
        ],
        [
          96,
          200,
          375,
          280
        ],
        [
          15,
          234,
          276,
          246
        ],
        [
          0,
          301,
          136,
          179
        ],
        [
          457,
          443,
          93,
          37
        ],
        [
          232,
          429,
          164,
          51
        ],
        [
          0,
          472,
          143,
          8
        ]
      ]
    },
    "869": {
      "name": "picture",
      "visible_pos": [
        0,
        10,
        11,
        12,
        22,
        23,
        24,
        34,
        35
      ],
      "bbox2d": [
        [
          55,
          0,
          90,
          102
        ],
        [
          578,
          0,
          62,
          105
        ],
        [
          324,
          0,
          69,
          91
        ],
        [
          85,
          166,
          74,
          160
        ],
        [
          565,
          163,
          75,
          165
        ],
        [
          324,
          174,
          60,
          141
        ],
        [
          50,
          390,
          97,
          90
        ],
        [
          578,
          387,
          62,
          93
        ],
        [
          324,
          400,
          69,
          80
        ]
      ]
    },
    "872": {
      "name": "table",
      "visible_pos": [
        3,
        4,
        5,
        6
      ],
      "bbox2d": [
        [
          559,
          395,
          81,
          85
        ],
        [
          393,
          310,
          99,
          126
        ],
        [
          240,
          293,
          71,
          136
        ],
        [
          44,
          330,
          86,
          150
        ]
      ]
    },
    "874": {
      "name": "pillow",
      "visible_pos": [
        4,
        5,
        6,
        7,
        8
      ],
      "bbox2d": [
        [
          591,
          373,
          49,
          107
        ],
        [
          399,
          300,
          193,
          180
        ],
        [
          231,
          296,
          184,
          184
        ],
        [
          33,
          353,
          230,
          127
        ],
        [
          29,
          446,
          72,
          34
        ]
      ]
    },
    "875": {
      "name": "pillow",
      "visible_pos": [
        4,
        5,
        6,
        7
      ],
      "bbox2d": [
        [
          430,
          313,
          210,
          167
        ],
        [
          282,
          282,
          163,
          198
        ],
        [
          120,
          309,
          164,
          171
        ],
        [
          0,
          385,
          134,
          95
        ]
      ]
    },
    "876": {
      "name": "pillow",
      "visible_pos": [
        0,
        1,
        10,
        11,
        12,
        13,
        23
      ],
      "bbox2d": [
        [
          243,
          209,
          112,
          159
        ],
        [
          41,
          237,
          138,
          179
        ],
        [
          604,
          411,
          36,
          65
        ],
        [
          410,
          231,
          140,
          163
        ],
        [
          273,
          441,
          65,
          39
        ],
        [
          57,
          476,
          15,
          4
        ],
        [
          527,
          468,
          28,
          12
        ]
      ]
    }
  }
}