{
  "f90d7585138a40719d8718ad6148eb64": {
    "965": {
      "name": "side#table",
      "visible_pos": [
        6,
        7,
        8,
        9,
        10
      ],
      "bbox2d": [
        [
          534,
          340,
          106,
          140
        ],
        [
          364,
          281,
          216,
          199
        ],
        [
          186,
          274,
          196,
          179
        ],
        [
          0,
          300,
          224,
          180
        ],
        [
          0,
          452,
          39,
          28
        ]
      ]
    },
    "976": {
      "name": "chair",
      "visible_pos": [
        0,
        1,
        8,
        9,
        10,
        11,
        23
      ],
      "bbox2d": [
        [
          0,
          250,
          265,
          230
        ],
        [
          0,
          304,
          75,
          176
        ],
        [
          616,
          466,
          24,
          14
        ],
        [
          424,
          338,
          216,
          142
        ],
        [
          272,
          249,
          368,
          231
        ],
        [
          100,
          228,
          351,
          252
        ],
        [
          286,
          464,
          26,
          16
        ]
      ]
    },
    "978": {
      "name": "lamp",
      "visible_pos": [
        6,
        7,
        8,
        9,
        19,
        20,
        21
      ],
      "bbox2d": [
        [
          627,
          218,
          13,
          145
        ],
        [
          389,
          89,
          164,
          237
        ],
        [
          182,
          88,
          144,
          222
        ],
        [
          0,
          110,
          114,
          248
        ],
        [
          395,
          314,
          173,
          166
        ],
        [
          170,
          313,
          156,
          167
        ],
        [
          0,
          333,
          88,
          147
        ]
      ]
    }
  }
}