{
  "88a8406fd5eb4efeb4c5d5911c68dede": {
    "504": {
      "name": "light",
      "visible_pos": [
        15,
        16,
        17,
        27,
        28,
        29
      ],
      "bbox2d": [
        [
          435,
          96,
          68,
          72
        ],
        [
          212,
          107,
          63,
          65
        ],
        [
          0,
          75,
          16,
          63
        ],
        [
          435,
          321,
          66,
          72
        ],
        [
          212,
          330,
          63,
          68
        ],
        [
          0,
          298,
          28,
          54
        ]
      ]
    }
  }
}