{
  "e97378ce8d9e40efa487ab8f254a8620": {
    "1009": {
      "name": "floor#/#other#room",
      "visible_pos": [
        6,
        7,
        8,
        9,
        10,
        19,
        20,
        21,
        22
      ],
      "bbox2d": [
        [
          540,
          321,
          100,
          128
        ],
        [
          347,
          188,
          293,
          214
        ],
        [
          164,
          162,
          344,
          199
        ],
        [
          0,
          169,
          298,
          229
        ],
        [
          0,
          208,
          81,
          60
        ],
        [
          587,
          416,
          53,
          49
        ],
        [
          339,
          387,
          190,
          93
        ],
        [
          106,
          394,
          190,
          71
        ],
        [
          0,
          451,
          47,
          29
        ]
      ]
    },
    "1016": {
      "name": "handrail#/#other#room",
      "visible_pos": [
        5,
        6,
        7,
        8,
        9,
        18,
        19,
        20,
        21
      ],
      "bbox2d": [
        [
          605,
          293,
          1,
          1
        ],
        [
          434,
          123,
          130,
          186
        ],
        [
          245,
          109,
          386,
          186
        ],
        [
          17,
          101,
          354,
          248
        ],
        [
          0,
          115,
          137,
          52
        ],
        [
          458,
          346,
          123,
          134
        ],
        [
          235,
          332,
          394,
          148
        ],
        [
          4,
          325,
          365,
          155
        ],
        [
          0,
          339,
          137,
          52
        ]
      ]
    }
  }
}