{
  "f6f4628612b2444e80b41e015247178e": {
    "507": {
      "name": "chair",
      "visible_pos": [
        0,
        1,
        2,
        10,
        11
      ],
      "bbox2d": [
        [
          196,
          245,
          237,
          235
        ],
        [
          28,
          265,
          224,
          215
        ],
        [
          0,
          325,
          84,
          155
        ],
        [
          488,
          432,
          152,
          48
        ],
        [
          343,
          274,
          297,
          206
        ]
      ]
    },
    "513": {
      "name": "light",
      "visible_pos": [
        18,
        19,
        20,
        30,
        31,
        32
      ],
      "bbox2d": [
        [
          462,
          0,
          162,
          58
        ],
        [
          238,
          0,
          160,
          82
        ],
        [
          19,
          0,
          155,
          58
        ],
        [
          425,
          148,
          190,
          138
        ],
        [
          242,
          171,
          147,
          136
        ],
        [
          24,
          128,
          173,
          158
        ]
      ]
    }
  }
}