{
  "b6253e23df1c477da5acc09cbb7b2510": {
    "852": {
      "name": "pillow",
      "visible_pos": [
        5,
        6,
        7,
        17,
        18,
        19
      ],
      "bbox2d": [
        [
          453,
          169,
          75,
          113
        ],
        [
          244,
          160,
          81,
          100
        ],
        [
          0,
          192,
          124,
          110
        ],
        [
          463,
          394,
          85,
          86
        ],
        [
          239,
          384,
          87,
          96
        ],
        [
          0,
          419,
          65,
          61
        ]
      ]
    },
    "857": {
      "name": "plant",
      "visible_pos": [
        2,
        3
      ],
      "bbox2d": [
        [
          331,
          464,
          123,
          16
        ],
        [
          236,
          447,
          93,
          33
        ]
      ]
    },
    "859": {
      "name": "pillow",
      "visible_pos": [
        4,
        5,
        6,
        7,
        16,
        17,
        18
      ],
      "bbox2d": [
        [
          560,
          207,
          80,
          169
        ],
        [
          360,
          142,
          111,
          160
        ],
        [
          159,
          143,
          114,
          157
        ],
        [
          0,
          226,
          58,
          146
        ],
        [
          633,
          443,
          7,
          37
        ],
        [
          366,
          365,
          125,
          115
        ],
        [
          138,
          366,
          128,
          114
        ]
      ]
    },
    "862": {
      "name": "picture",
      "visible_pos": [
        1,
        2,
        3,
        4,
        5,
        14,
        15,
        16,
        26,
        27,
        28
      ],
      "bbox2d": [
        [
          635,
          247,
          5,
          2
        ],
        [
          397,
          0,
          243,
          255
        ],
        [
          167,
          0,
          304,
          212
        ],
        [
          0,
          0,
          251,
          256
        ],
        [
          0,
          194,
          1,
          3
        ],
        [
          404,
          139,
          236,
          341
        ],
        [
          181,
          156,
          292,
          288
        ],
        [
          0,
          138,
          248,
          342
        ],
        [
          409,
          362,
          231,
          118
        ],
        [
          167,
          380,
          304,
          100
        ],
        [
          0,
          361,
          228,
          119
        ]
      ]
    },
    "868": {
      "name": "table#lamp",
      "visible_pos": [
        2,
        3,
        4,
        5,
        6,
        15,
        16,
        17
      ],
      "bbox2d": [
        [
          595,
          423,
          45,
          57
        ],
        [
          414,
          160,
          226,
          303
        ],
        [
          233,
          135,
          183,
          294
        ],
        [
          0,
          146,
          220,
          317
        ],
        [
          0,
          435,
          24,
          45
        ],
        [
          449,
          384,
          191,
          96
        ],
        [
          226,
          358,
          197,
          122
        ],
        [
          0,
          369,
          200,
          111
        ]
      ]
    },
    "873": {
      "name": "nightstand",
      "visible_pos": [
        2,
        3,
        4,
        5,
        6
      ],
      "bbox2d": [
        [
          457,
          392,
          183,
          88
        ],
        [
          317,
          321,
          323,
          159
        ],
        [
          169,
          309,
          297,
          171
        ],
        [
          0,
          324,
          318,
          156
        ],
        [
          0,
          398,
          175,
          82
        ]
      ]
    },
    "879": {
      "name": "pillow",
      "visible_pos": [
        4,
        5,
        6,
        16,
        17,
        18
      ],
      "bbox2d": [
        [
          427,
          158,
          140,
          140
        ],
        [
          220,
          140,
          121,
          142
        ],
        [
          0,
          157,
          135,
          170
        ],
        [
          436,
          382,
          154,
          98
        ],
        [
          213,
          363,
          129,
          117
        ],
        [
          0,
          380,
          108,
          100
        ]
      ]
    },
    "853": {
      "name": "bed",
      "visible_pos": [],
      "bbox2d": []
    }
  }
}