{
  "e51817dd7c914c66a74365729c79c211": {
    "448": {
      "name": "picture",
      "visible_pos": [
        0,
        1,
        2,
        11,
        12,
        13,
        23
      ],
      "bbox2d": [
        [
          247,
          72,
          224,
          211
        ],
        [
          0,
          77,
          256,
          243
        ],
        [
          0,
          200,
          43,
          155
        ],
        [
          448,
          77,
          192,
          273
        ],
        [
          246,
          298,
          225,
          182
        ],
        [
          0,
          303,
          246,
          177
        ],
        [
          471,
          303,
          169,
          177
        ]
      ]
    },
    "451": {
      "name": "window",
      "visible_pos": [
        0,
        9,
        10,
        11,
        21,
        22,
        23,
        33,
        34,
        35
      ],
      "bbox2d": [
        [
          0,
          217,
          59,
          138
        ],
        [
          490,
          0,
          150,
          367
        ],
        [
          261,
          0,
          228,
          302
        ],
        [
          0,
          0,
          259,
          294
        ],
        [
          494,
          100,
          146,
          380
        ],
        [
          267,
          91,
          200,
          389
        ],
        [
          4,
          96,
          240,
          384
        ],
        [
          503,
          317,
          137,
          163
        ],
        [
          264,
          316,
          225,
          164
        ],
        [
          0,
          320,
          244,
          160
        ]
      ]
    },
    "463": {
      "name": "sofa#chair",
      "visible_pos": [
        5,
        6,
        7,
        8,
        9,
        18,
        19,
        20
      ],
      "bbox2d": [
        [
          561,
          227,
          79,
          253
        ],
        [
          373,
          186,
          267,
          294
        ],
        [
          166,
          192,
          297,
          288
        ],
        [
          0,
          239,
          287,
          241
        ],
        [
          0,
          331,
          118,
          149
        ],
        [
          377,
          413,
          85,
          67
        ],
        [
          151,
          420,
          221,
          60
        ],
        [
          128,
          479,
          6,
          1
        ]
      ]
    },
    "480": {
      "name": "picture",
      "visible_pos": [
        0,
        1,
        11,
        12,
        13,
        23,
        24,
        25,
        26,
        35
      ],
      "bbox2d": [
        [
          235,
          0,
          250,
          92
        ],
        [
          0,
          0,
          236,
          93
        ],
        [
          486,
          0,
          154,
          96
        ],
        [
          242,
          57,
          234,
          260
        ],
        [
          0,
          12,
          251,
          309
        ],
        [
          466,
          20,
          174,
          302
        ],
        [
          235,
          285,
          250,
          195
        ],
        [
          0,
          249,
          254,
          231
        ],
        [
          0,
          259,
          8,
          38
        ],
        [
          456,
          250,
          184,
          230
        ]
      ]
    },
    "473": {
      "name": "window#frame",
      "visible_pos": [],
      "bbox2d": []
    }
  }
}