{
  "cc4bf768772e4a1c95902db23c2a62ce": {
    "604": {
      "name": "chair",
      "visible_pos": [
        1,
        2,
        3,
        4,
        14,
        15
      ],
      "bbox2d": [
        [
          399,
          266,
          241,
          214
        ],
        [
          258,
          200,
          226,
          280
        ],
        [
          97,
          201,
          195,
          279
        ],
        [
          0,
          252,
          95,
          228
        ],
        [
          413,
          429,
          89,
          51
        ],
        [
          190,
          430,
          93,
          50
        ]
      ]
    },
    "671": {
      "name": "light#switch",
      "visible_pos": [
        8,
        9,
        10,
        11
      ],
      "bbox2d": [
        [
          633,
          382,
          7,
          13
        ],
        [
          423,
          298,
          96,
          22
        ],
        [
          248,
          272,
          79,
          38
        ],
        [
          48,
          298,
          93,
          69
        ]
      ]
    }
  }
}