{
  "80441351ae5746919130882c990cdb3a": {
    "47": {
      "name": "picture",
      "visible_pos": [
        9,
        10,
        11,
        21,
        22,
        23,
        33,
        34,
        35
      ],
      "bbox2d": [
        [
          506,
          0,
          109,
          109
        ],
        [
          257,
          0,
          76,
          97
        ],
        [
          0,
          0,
          83,
          112
        ],
        [
          491,
          179,
          85,
          154
        ],
        [
          264,
          187,
          68,
          134
        ],
        [
          0,
          178,
          95,
          157
        ],
        [
          512,
          405,
          103,
          75
        ],
        [
          256,
          414,
          77,
          66
        ],
        [
          0,
          404,
          72,
          76
        ]
      ]
    },
    "84": {
      "name": "countertop",
      "visible_pos": [
        7,
        8,
        9,
        10,
        11,
        19,
        20,
        21,
        22,
        23
      ],
      "bbox2d": [
        [
          563,
          231,
          77,
          48
        ],
        [
          346,
          131,
          294,
          159
        ],
        [
          141,
          111,
          365,
          123
        ],
        [
          0,
          121,
          300,
          158
        ],
        [
          0,
          204,
          85,
          80
        ],
        [
          601,
          468,
          39,
          12
        ],
        [
          349,
          354,
          291,
          126
        ],
        [
          117,
          334,
          415,
          138
        ],
        [
          0,
          344,
          298,
          136
        ],
        [
          0,
          442,
          50,
          38
        ]
      ]
    },
    "102": {
      "name": "pillow",
      "visible_pos": [
        3,
        4,
        5,
        6,
        16,
        17
      ],
      "bbox2d": [
        [
          591,
          292,
          49,
          86
        ],
        [
          388,
          210,
          89,
          95
        ],
        [
          209,
          200,
          71,
          105
        ],
        [
          0,
          239,
          68,
          142
        ],
        [
          419,
          442,
          80,
          38
        ],
        [
          197,
          429,
          78,
          51
        ]
      ]
    },
    "109": {
      "name": "bath#cabinet",
      "visible_pos": [
        7,
        8,
        9,
        10,
        11,
        19,
        20,
        21,
        22,
        23
      ],
      "bbox2d": [
        [
          512,
          238,
          128,
          242
        ],
        [
          341,
          205,
          299,
          275
        ],
        [
          136,
          220,
          373,
          168
        ],
        [
          0,
          208,
          312,
          272
        ],
        [
          0,
          238,
          138,
          242
        ],
        [
          595,
          477,
          22,
          3
        ],
        [
          344,
          436,
          145,
          44
        ],
        [
          111,
          454,
          422,
          26
        ],
        [
          156,
          440,
          150,
          40
        ],
        [
          47,
          478,
          3,
          2
        ]
      ]
    },
    "111": {
      "name": "armchair",
      "visible_pos": [
        3,
        4,
        5,
        6,
        16,
        17,
        18
      ],
      "bbox2d": [
        [
          511,
          302,
          129,
          145
        ],
        [
          330,
          213,
          193,
          160
        ],
        [
          148,
          203,
          167,
          170
        ],
        [
          0,
          234,
          107,
          214
        ],
        [
          488,
          445,
          64,
          35
        ],
        [
          260,
          431,
          54,
          49
        ],
        [
          0,
          471,
          72,
          9
        ]
      ]
    },
    "136": {
      "name": "dishwasher",
      "visible_pos": [
        8,
        9,
        10,
        11
      ],
      "bbox2d": [
        [
          541,
          311,
          99,
          148
        ],
        [
          368,
          261,
          130,
          103
        ],
        [
          190,
          243,
          116,
          129
        ],
        [
          0,
          278,
          128,
          187
        ]
      ]
    }
  }
}