{
  "98e9862442534be690344123a0ce6662": {
    "706": {
      "name": "chair",
      "visible_pos": [
        3,
        4,
        5,
        6,
        15,
        16,
        17,
        18
      ],
      "bbox2d": [
        [
          471,
          166,
          169,
          277
        ],
        [
          288,
          131,
          202,
          266
        ],
        [
          94,
          137,
          180,
          283
        ],
        [
          0,
          186,
          81,
          294
        ],
        [
          630,
          436,
          10,
          44
        ],
        [
          362,
          354,
          138,
          126
        ],
        [
          133,
          360,
          139,
          120
        ],
        [
          0,
          413,
          11,
          67
        ]
      ]
    },
    "710": {
      "name": "table",
      "visible_pos": [
        0,
        1,
        2,
        3,
        4,
        5,
        12,
        13,
        14,
        15,
        16
      ],
      "bbox2d": [
        [
          456,
          205,
          184,
          275
        ],
        [
          254,
          163,
          386,
          317
        ],
        [
          22,
          163,
          618,
          317
        ],
        [
          0,
          207,
          518,
          269
        ],
        [
          0,
          212,
          349,
          268
        ],
        [
          0,
          273,
          196,
          207
        ],
        [
          471,
          435,
          169,
          45
        ],
        [
          247,
          387,
          387,
          93
        ],
        [
          0,
          387,
          592,
          93
        ],
        [
          0,
          438,
          460,
          42
        ],
        [
          48,
          444,
          193,
          36
        ]
      ]
    },
    "713": {
      "name": "chair",
      "visible_pos": [
        0,
        1,
        2,
        3,
        11,
        12,
        13
      ],
      "bbox2d": [
        [
          429,
          237,
          142,
          243
        ],
        [
          244,
          227,
          213,
          253
        ],
        [
          21,
          268,
          292,
          212
        ],
        [
          0,
          425,
          167,
          55
        ],
        [
          627,
          421,
          13,
          59
        ],
        [
          464,
          476,
          27,
          4
        ],
        [
          233,
          463,
          54,
          17
        ]
      ]
    },
    "717": {
      "name": "chair",
      "visible_pos": [
        1,
        2,
        3,
        4,
        5
      ],
      "bbox2d": [
        [
          424,
          454,
          87,
          26
        ],
        [
          291,
          417,
          192,
          63
        ],
        [
          159,
          434,
          379,
          46
        ],
        [
          159,
          402,
          240,
          78
        ],
        [
          128,
          417,
          138,
          63
        ]
      ]
    },
    "724": {
      "name": "table#tray",
      "visible_pos": [
        0,
        1,
        2,
        3,
        4,
        14,
        15
      ],
      "bbox2d": [
        [
          636,
          325,
          4,
          9
        ],
        [
          413,
          240,
          227,
          133
        ],
        [
          226,
          210,
          203,
          106
        ],
        [
          2,
          225,
          231,
          108
        ],
        [
          0,
          283,
          8,
          115
        ],
        [
          259,
          442,
          185,
          38
        ],
        [
          102,
          460,
          120,
          20
        ]
      ]
    },
    "725": {
      "name": "chair",
      "visible_pos": [
        0,
        1,
        2,
        11,
        12,
        13
      ],
      "bbox2d": [
        [
          391,
          155,
          66,
          255
        ],
        [
          179,
          158,
          108,
          237
        ],
        [
          0,
          235,
          127,
          217
        ],
        [
          598,
          211,
          42,
          269
        ],
        [
          396,
          379,
          81,
          101
        ],
        [
          172,
          382,
          80,
          98
        ]
      ]
    },
    "728": {
      "name": "chandelier",
      "visible_pos": [
        13,
        14,
        15,
        24,
        25,
        26,
        27,
        28
      ],
      "bbox2d": [
        [
          475,
          0,
          165,
          141
        ],
        [
          250,
          0,
          163,
          152
        ],
        [
          0,
          0,
          190,
          136
        ],
        [
          601,
          21,
          39,
          103
        ],
        [
          405,
          87,
          235,
          277
        ],
        [
          229,
          122,
          177,
          253
        ],
        [
          0,
          74,
          211,
          284
        ],
        [
          0,
          46,
          3,
          16
        ]
      ]
    },
    "738": {
      "name": "chair#bottom",
      "visible_pos": [],
      "bbox2d": []
    },
    "739": {
      "name": "chair#bottom",
      "visible_pos": [
        0,
        1,
        2
      ],
      "bbox2d": [
        [
          400,
          423,
          45,
          57
        ],
        [
          260,
          413,
          51,
          52
        ],
        [
          110,
          462,
          40,
          18
        ]
      ]
    },
    "741": {
      "name": "chair#bottom",
      "visible_pos": [
        3,
        4,
        5
      ],
      "bbox2d": [
        [
          499,
          443,
          7,
          8
        ],
        [
          343,
          396,
          6,
          7
        ],
        [
          193,
          417,
          6,
          7
        ]
      ]
    }
  }
}