{
  "c534546584f94d18a932f33c70ecec5b": {
    "946": {
      "name": "light",
      "visible_pos": [
        25,
        26,
        27,
        28
      ],
      "bbox2d": [
        [
          482,
          0,
          158,
          105
        ],
        [
          327,
          0,
          172,
          223
        ],
        [
          191,
          0,
          117,
          234
        ],
        [
          14,
          0,
          134,
          194
        ]
      ]
    },
    "947": {
      "name": "light",
      "visible_pos": [
        32,
        33,
        34,
        35
      ],
      "bbox2d": [
        [
          496,
          0,
          96,
          151
        ],
        [
          331,
          0,
          106,
          196
        ],
        [
          160,
          0,
          157,
          185
        ],
        [
          0,
          0,
          131,
          93
        ]
      ]
    }
  }
}