{
  "ca28dbcb857940c2b2b295779d4734ac": {
    "713": {
      "name": "chair",
      "visible_pos": [
        4,
        5,
        6,
        7,
        17,
        18,
        19
      ],
      "bbox2d": [
        [
          540,
          301,
          100,
          146
        ],
        [
          352,
          150,
          146,
          219
        ],
        [
          174,
          142,
          105,
          225
        ],
        [
          0,
          171,
          73,
          266
        ],
        [
          446,
          374,
          60,
          106
        ],
        [
          223,
          365,
          54,
          115
        ],
        [
          0,
          396,
          20,
          84
        ]
      ]
    },
    "714": {
      "name": "chair",
      "visible_pos": [
        1,
        2,
        3,
        4,
        5,
        14,
        15
      ],
      "bbox2d": [
        [
          544,
          246,
          96,
          234
        ],
        [
          365,
          176,
          275,
          304
        ],
        [
          173,
          174,
          294,
          293
        ],
        [
          0,
          226,
          311,
          254
        ],
        [
          0,
          333,
          155,
          147
        ],
        [
          377,
          402,
          106,
          78
        ],
        [
          162,
          399,
          99,
          81
        ]
      ]
    },
    "725": {
      "name": "chair",
      "visible_pos": [
        4,
        5,
        6,
        7,
        17,
        18
      ],
      "bbox2d": [
        [
          376,
          280,
          264,
          200
        ],
        [
          241,
          207,
          217,
          273
        ],
        [
          99,
          204,
          163,
          276
        ],
        [
          0,
          250,
          79,
          230
        ],
        [
          408,
          438,
          69,
          42
        ],
        [
          188,
          434,
          65,
          46
        ]
      ]
    },
    "728": {
      "name": "chandelier",
      "visible_pos": [
        16,
        17,
        18,
        27,
        28,
        29,
        30
      ],
      "bbox2d": [
        [
          408,
          0,
          138,
          162
        ],
        [
          185,
          0,
          160,
          170
        ],
        [
          0,
          0,
          65,
          156
        ],
        [
          619,
          134,
          21,
          50
        ],
        [
          403,
          177,
          148,
          210
        ],
        [
          187,
          197,
          160,
          198
        ],
        [
          0,
          136,
          153,
          244
        ]
      ]
    },
    "734": {
      "name": "chair#bottom",
      "visible_pos": [
        2,
        3,
        4
      ],
      "bbox2d": [
        [
          386,
          459,
          51,
          21
        ],
        [
          257,
          451,
          174,
          29
        ],
        [
          250,
          448,
          47,
          32
        ]
      ]
    },
    "736": {
      "name": "chair#bottom",
      "visible_pos": [
        3,
        4,
        5
      ],
      "bbox2d": [
        [
          452,
          438,
          17,
          42
        ],
        [
          313,
          429,
          11,
          46
        ],
        [
          173,
          465,
          12,
          15
        ]
      ]
    },
    "715": {
      "name": "glass#french#door",
      "visible_pos": [],
      "bbox2d": []
    }
  }
}