{
  "140ee525d84c4e6e9d0b3bda3cbc19ab": {
    "536": {
      "name": "stair#handle",
      "visible_pos": [
        2,
        3,
        4,
        5,
        6,
        7,
        8,
        14,
        15,
        16,
        18,
        19,
        20
      ],
      "bbox2d": [
        [
          536,
          155,
          104,
          325
        ],
        [
          358,
          129,
          267,
          351
        ],
        [
          141,
          137,
          499,
          343
        ],
        [
          0,
          304,
          640,
          176
        ],
        [
          0,
          109,
          502,
          371
        ],
        [
          23,
          108,
          282,
          372
        ],
        [
          0,
          165,
          144,
          315
        ],
        [
          626,
          379,
          14,
          101
        ],
        [
          366,
          352,
          67,
          128
        ],
        [
          138,
          359,
          72,
          121
        ],
        [
          432,
          332,
          90,
          148
        ],
        [
          210,
          331,
          82,
          149
        ],
        [
          0,
          396,
          37,
          84
        ]
      ]
    },
    "537": {
      "name": "picture",
      "visible_pos": [
        0,
        1,
        9,
        10,
        11,
        12,
        13,
        22,
        23,
        24,
        25,
        33,
        34,
        35
      ],
      "bbox2d": [
        [
          0,
          0,
          343,
          270
        ],
        [
          0,
          0,
          138,
          320
        ],
        [
          638,
          218,
          2,
          11
        ],
        [
          394,
          0,
          246,
          320
        ],
        [
          153,
          0,
          460,
          292
        ],
        [
          0,
          0,
          352,
          480
        ],
        [
          0,
          0,
          120,
          480
        ],
        [
          396,
          0,
          244,
          480
        ],
        [
          171,
          0,
          433,
          480
        ],
        [
          0,
          196,
          351,
          284
        ],
        [
          0,
          129,
          149,
          351
        ],
        [
          630,
          217,
          10,
          56
        ],
        [
          391,
          129,
          249,
          351
        ],
        [
          153,
          166,
          466,
          314
        ]
      ]
    },
    "546": {
      "name": "picture",
      "visible_pos": [
        9,
        10,
        11,
        21,
        22,
        23,
        33,
        34,
        35
      ],
      "bbox2d": [
        [
          472,
          0,
          140,
          187
        ],
        [
          232,
          0,
          99,
          166
        ],
        [
          0,
          0,
          106,
          186
        ],
        [
          468,
          58,
          105,
          356
        ],
        [
          244,
          84,
          86,
          306
        ],
        [
          0,
          61,
          93,
          352
        ],
        [
          474,
          285,
          128,
          195
        ],
        [
          232,
          309,
          97,
          171
        ],
        [
          0,
          289,
          109,
          191
        ]
      ]
    },
    "664": {
      "name": "floor#/otherroom",
      "visible_pos": [
        2,
        3,
        4,
        6,
        7,
        8
      ],
      "bbox2d": [
        [
          501,
          445,
          2,
          12
        ],
        [
          346,
          399,
          3,
          61
        ],
        [
          196,
          421,
          20,
          58
        ],
        [
          497,
          443,
          28,
          36
        ],
        [
          334,
          396,
          91,
          84
        ],
        [
          195,
          417,
          130,
          63
        ]
      ]
    }
  }
}