{
  "9c2919ad974d472fa4f97c01005666f0": {
    "380": {
      "name": "chair",
      "visible_pos": [
        0,
        1,
        2,
        11,
        12,
        13,
        23
      ],
      "bbox2d": [
        [
          292,
          184,
          133,
          189
        ],
        [
          78,
          212,
          177,
          203
        ],
        [
          0,
          338,
          71,
          115
        ],
        [
          463,
          203,
          171,
          234
        ],
        [
          288,
          412,
          31,
          68
        ],
        [
          49,
          442,
          25,
          38
        ],
        [
          526,
          431,
          29,
          49
        ]
      ]
    }
  }
}