{
  "db3dafef140f44508a4130b29e3dc1bc": {
    "143": {
      "name": "table",
      "visible_pos": [
        5,
        6,
        7,
        8,
        9,
        10,
        11
      ],
      "bbox2d": [
        [
          598,
          411,
          42,
          69
        ],
        [
          416,
          328,
          200,
          152
        ],
        [
          252,
          275,
          388,
          205
        ],
        [
          63,
          278,
          494,
          202
        ],
        [
          96,
          310,
          279,
          170
        ],
        [
          0,
          340,
          233,
          140
        ],
        [
          0,
          437,
          39,
          43
        ]
      ]
    },
    "149": {
      "name": "couch",
      "visible_pos": [
        1,
        2,
        3,
        4,
        5,
        6,
        7,
        16,
        17,
        18
      ],
      "bbox2d": [
        [
          406,
          318,
          234,
          162
        ],
        [
          260,
          256,
          380,
          224
        ],
        [
          99,
          255,
          541,
          225
        ],
        [
          0,
          185,
          640,
          295
        ],
        [
          0,
          171,
          429,
          309
        ],
        [
          0,
          172,
          227,
          308
        ],
        [
          0,
          360,
          27,
          120
        ],
        [
          343,
          412,
          297,
          68
        ],
        [
          156,
          396,
          280,
          84
        ],
        [
          85,
          397,
          129,
          83
        ]
      ]
    },
    "163": {
      "name": "pillow",
      "visible_pos": [
        2,
        3,
        4,
        5
      ],
      "bbox2d": [
        [
          499,
          307,
          141,
          150
        ],
        [
          319,
          272,
          141,
          100
        ],
        [
          138,
          287,
          149,
          109
        ],
        [
          0,
          340,
          111,
          140
        ]
      ]
    },
    "172": {
      "name": "pillow",
      "visible_pos": [
        3,
        4,
        5,
        6,
        16,
        17,
        18
      ],
      "bbox2d": [
        [
          593,
          305,
          47,
          44
        ],
        [
          390,
          190,
          116,
          100
        ],
        [
          210,
          178,
          95,
          118
        ],
        [
          0,
          209,
          97,
          156
        ],
        [
          428,
          418,
          104,
          62
        ],
        [
          206,
          403,
          98,
          77
        ],
        [
          0,
          440,
          45,
          40
        ]
      ]
    },
    "174": {
      "name": "pillow",
      "visible_pos": [
        1,
        2,
        3,
        4
      ],
      "bbox2d": [
        [
          553,
          340,
          87,
          140
        ],
        [
          380,
          279,
          137,
          137
        ],
        [
          215,
          281,
          128,
          106
        ],
        [
          0,
          332,
          183,
          136
        ]
      ]
    },
    "179": {
      "name": "footstool",
      "visible_pos": [
        0,
        1,
        2,
        3
      ],
      "bbox2d": [
        [
          627,
          465,
          13,
          15
        ],
        [
          434,
          329,
          104,
          88
        ],
        [
          278,
          303,
          80,
          81
        ],
        [
          100,
          330,
          91,
          107
        ]
      ]
    }
  }
}