{
  "2ebc2682287645efabf7f2319682aab1": {
    "368": {
      "name": "pot",
      "visible_pos": [
        1,
        2,
        3
      ],
      "bbox2d": [
        [
          440,
          284,
          49,
          155
        ],
        [
          286,
          263,
          18,
          150
        ],
        [
          91,
          298,
          63,
          158
        ]
      ]
    },
    "370": {
      "name": "doorway",
      "visible_pos": [],
      "bbox2d": []
    }
  }
}