{
  "146714339e954166a2f701202e030c29": {
    "375": {
      "name": "pot",
      "visible_pos": [
        1,
        2,
        3,
        4,
        5,
        14,
        15,
        16
      ],
      "bbox2d": [
        [
          553,
          292,
          87,
          188
        ],
        [
          373,
          208,
          190,
          260
        ],
        [
          202,
          199,
          168,
          232
        ],
        [
          0,
          221,
          202,
          259
        ],
        [
          0,
          451,
          6,
          29
        ],
        [
          419,
          439,
          168,
          41
        ],
        [
          198,
          428,
          157,
          52
        ],
        [
          63,
          455,
          51,
          25
        ]
      ]
    },
    "386": {
      "name": "plant",
      "visible_pos": [
        1,
        2,
        3,
        4,
        14,
        15,
        16,
        26,
        27
      ],
      "bbox2d": [
        [
          631,
          312,
          9,
          24
        ],
        [
          409,
          0,
          138,
          291
        ],
        [
          219,
          0,
          118,
          278
        ],
        [
          0,
          75,
          142,
          257
        ],
        [
          442,
          182,
          131,
          298
        ],
        [
          219,
          184,
          119,
          296
        ],
        [
          0,
          189,
          103,
          291
        ],
        [
          485,
          408,
          51,
          72
        ],
        [
          228,
          411,
          49,
          69
        ]
      ]
    }
  }
}