{
  "013de08029c64d4caa3807ff21822447": {
    "366": {
      "name": "chair",
      "visible_pos": [
        0,
        8,
        9,
        10,
        11
      ],
      "bbox2d": [
        [
          0,
          475,
          6,
          5
        ],
        [
          413,
          323,
          227,
          157
        ],
        [
          278,
          283,
          289,
          197
        ],
        [
          149,
          250,
          215,
          230
        ],
        [
          0,
          268,
          231,
          212
        ]
      ]
    },
    "371": {
      "name": "pot",
      "visible_pos": [
        7,
        8,
        9,
        10
      ],
      "bbox2d": [
        [
          455,
          422,
          129,
          58
        ],
        [
          299,
          368,
          132,
          112
        ],
        [
          181,
          374,
          114,
          106
        ],
        [
          15,
          449,
          95,
          31
        ]
      ]
    },
    "372": {
      "name": "pot",
      "visible_pos": [
        2,
        3,
        4,
        5,
        6
      ],
      "bbox2d": [
        [
          605,
          464,
          35,
          16
        ],
        [
          407,
          302,
          233,
          178
        ],
        [
          264,
          252,
          237,
          228
        ],
        [
          93,
          253,
          251,
          227
        ],
        [
          0,
          307,
          204,
          173
        ]
      ]
    }
  }
}