{
  "481282c812c24f8292054a9c8b23adb9": {
    "574": {
      "name": "bed",
      "visible_pos": [
        0,
        1,
        2,
        3,
        11,
        12,
        13,
        14,
        15,
        23
      ],
      "bbox2d": [
        [
          272,
          171,
          368,
          309
        ],
        [
          86,
          154,
          502,
          326
        ],
        [
          0,
          159,
          368,
          321
        ],
        [
          0,
          174,
          199,
          306
        ],
        [
          406,
          206,
          234,
          274
        ],
        [
          298,
          397,
          342,
          83
        ],
        [
          54,
          379,
          561,
          101
        ],
        [
          3,
          383,
          360,
          97
        ],
        [
          22,
          399,
          107,
          81
        ],
        [
          533,
          437,
          107,
          43
        ]
      ]
    },
    "580": {
      "name": "pillow",
      "visible_pos": [
        5,
        6,
        7,
        17,
        18,
        19
      ],
      "bbox2d": [
        [
          421,
          198,
          102,
          119
        ],
        [
          235,
          190,
          86,
          98
        ],
        [
          16,
          226,
          117,
          111
        ],
        [
          459,
          427,
          95,
          53
        ],
        [
          233,
          418,
          84,
          62
        ],
        [
          0,
          461,
          73,
          19
        ]
      ]
    },
    "584": {
      "name": "table",
      "visible_pos": [
        0,
        8,
        9,
        10,
        11
      ],
      "bbox2d": [
        [
          0,
          341,
          93,
          139
        ],
        [
          488,
          326,
          152,
          154
        ],
        [
          336,
          286,
          304,
          182
        ],
        [
          155,
          246,
          283,
          234
        ],
        [
          0,
          259,
          265,
          221
        ]
      ]
    },
    "588": {
      "name": "coffee#table",
      "visible_pos": [
        3,
        4,
        5,
        6,
        7
      ],
      "bbox2d": [
        [
          408,
          419,
          232,
          61
        ],
        [
          275,
          338,
          320,
          142
        ],
        [
          130,
          329,
          308,
          151
        ],
        [
          14,
          374,
          286,
          106
        ],
        [
          0,
          441,
          149,
          39
        ]
      ]
    },
    "590": {
      "name": "window",
      "visible_pos": [
        8,
        9,
        10,
        11,
        20,
        21,
        22,
        23,
        32,
        33,
        34,
        35
      ],
      "bbox2d": [
        [
          454,
          0,
          186,
          332
        ],
        [
          215,
          0,
          397,
          269
        ],
        [
          0,
          42,
          414,
          262
        ],
        [
          0,
          132,
          205,
          204
        ],
        [
          440,
          0,
          105,
          480
        ],
        [
          217,
          0,
          423,
          480
        ],
        [
          0,
          0,
          447,
          480
        ],
        [
          0,
          0,
          224,
          480
        ],
        [
          428,
          143,
          212,
          337
        ],
        [
          206,
          204,
          434,
          276
        ],
        [
          0,
          152,
          439,
          161
        ],
        [
          0,
          145,
          233,
          169
        ]
      ]
    }
  }
}