{
  "175d0c8d6d7244f5bbeb03190345cb68": {
    "615": {
      "name": "smoke#detector",
      "visible_pos": [
        26,
        27,
        28,
        29
      ],
      "bbox2d": [
        [
          629,
          42,
          11,
          46
        ],
        [
          424,
          123,
          64,
          51
        ],
        [
          252,
          143,
          59,
          45
        ],
        [
          55,
          88,
          78,
          58
        ]
      ]
    },
    "617": {
      "name": "picture",
      "visible_pos": [
        1,
        2,
        3,
        13,
        14,
        15,
        25,
        26,
        27
      ],
      "bbox2d": [
        [
          512,
          0,
          128,
          99
        ],
        [
          271,
          0,
          88,
          91
        ],
        [
          0,
          0,
          107,
          108
        ],
        [
          500,
          107,
          110,
          216
        ],
        [
          272,
          119,
          84,
          196
        ],
        [
          11,
          91,
          114,
          241
        ],
        [
          499,
          330,
          141,
          150
        ],
        [
          269,
          341,
          91,
          139
        ],
        [
          0,
          315,
          117,
          165
        ]
      ]
    },
    "618": {
      "name": "thermostat",
      "visible_pos": [
        3,
        4,
        5,
        15,
        16,
        17,
        27,
        28,
        29
      ],
      "bbox2d": [
        [
          526,
          0,
          41,
          33
        ],
        [
          266,
          0,
          31,
          30
        ],
        [
          0,
          0,
          18,
          36
        ],
        [
          502,
          219,
          32,
          47
        ],
        [
          273,
          221,
          27,
          42
        ],
        [
          13,
          217,
          40,
          51
        ],
        [
          528,
          452,
          39,
          28
        ],
        [
          266,
          456,
          31,
          24
        ],
        [
          0,
          451,
          15,
          29
        ]
      ]
    },
    "609": {
      "name": "vent",
      "visible_pos": [],
      "bbox2d": []
    }
  }
}