{
  "39d7ad2d721e47aa9fe29090663265e8": {
    "75": {
      "name": "beam",
      "visible_pos": [
        13,
        14,
        15,
        16,
        25,
        26,
        27,
        28,
        29
      ],
      "bbox2d": [
        [
          637,
          0,
          3,
          40
        ],
        [
          372,
          0,
          268,
          114
        ],
        [
          145,
          0,
          338,
          112
        ],
        [
          0,
          0,
          257,
          102
        ],
        [
          584,
          191,
          56,
          96
        ],
        [
          366,
          190,
          274,
          147
        ],
        [
          159,
          239,
          311,
          97
        ],
        [
          0,
          187,
          263,
          139
        ],
        [
          0,
          195,
          37,
          87
        ]
      ]
    }
  }
}