{
  "b4ac79acffd24a838cc44bb094d0a5cb": {
    "352": {
      "name": "window",
      "visible_pos": [
        0,
        1,
        9,
        10,
        11,
        12,
        13,
        21,
        22,
        23,
        24,
        25,
        33,
        34,
        35
      ],
      "bbox2d": [
        [
          0,
          0,
          432,
          173
        ],
        [
          0,
          0,
          199,
          195
        ],
        [
          613,
          31,
          27,
          90
        ],
        [
          354,
          0,
          286,
          194
        ],
        [
          96,
          0,
          544,
          194
        ],
        [
          0,
          64,
          419,
          334
        ],
        [
          0,
          42,
          196,
          376
        ],
        [
          605,
          120,
          35,
          224
        ],
        [
          353,
          58,
          287,
          358
        ],
        [
          122,
          40,
          518,
          379
        ],
        [
          0,
          291,
          434,
          189
        ],
        [
          0,
          271,
          200,
          209
        ],
        [
          609,
          341,
          31,
          90
        ],
        [
          354,
          269,
          286,
          211
        ],
        [
          97,
          269,
          543,
          211
        ]
      ]
    },
    "355": {
      "name": "kitchen#counter",
      "visible_pos": [
        0,
        1,
        2,
        3,
        9,
        10,
        11,
        12,
        13,
        14,
        15,
        21,
        22,
        23
      ],
      "bbox2d": [
        [
          0,
          207,
          640,
          173
        ],
        [
          0,
          169,
          587,
          308
        ],
        [
          0,
          171,
          362,
          309
        ],
        [
          0,
          196,
          157,
          207
        ],
        [
          404,
          103,
          236,
          311
        ],
        [
          176,
          97,
          464,
          383
        ],
        [
          0,
          118,
          640,
          357
        ],
        [
          0,
          442,
          640,
          38
        ],
        [
          81,
          394,
          545,
          86
        ],
        [
          16,
          396,
          350,
          84
        ],
        [
          0,
          425,
          138,
          55
        ],
        [
          403,
          326,
          237,
          154
        ],
        [
          179,
          321,
          449,
          159
        ],
        [
          0,
          339,
          565,
          141
        ]
      ]
    },
    "356": {
      "name": "sink",
      "visible_pos": [
        0,
        9,
        10,
        11,
        12,
        22,
        23
      ],
      "bbox2d": [
        [
          0,
          230,
          172,
          94
        ],
        [
          618,
          297,
          22,
          17
        ],
        [
          397,
          178,
          190,
          132
        ],
        [
          204,
          179,
          165,
          107
        ],
        [
          0,
          467,
          149,
          13
        ],
        [
          419,
          404,
          152,
          76
        ],
        [
          196,
          406,
          180,
          74
        ]
      ]
    },
    "364": {
      "name": "sink",
      "visible_pos": [
        0,
        9,
        10,
        11,
        21,
        22,
        23
      ],
      "bbox2d": [
        [
          0,
          235,
          53,
          86
        ],
        [
          538,
          209,
          102,
          94
        ],
        [
          324,
          171,
          154,
          98
        ],
        [
          110,
          176,
          165,
          87
        ],
        [
          565,
          448,
          75,
          32
        ],
        [
          324,
          396,
          174,
          84
        ],
        [
          85,
          402,
          185,
          78
        ]
      ]
    },
    "372": {
      "name": "jar",
      "visible_pos": [
        0,
        1,
        2,
        12,
        13,
        14
      ],
      "bbox2d": [
        [
          497,
          133,
          93,
          113
        ],
        [
          290,
          117,
          71,
          103
        ],
        [
          61,
          133,
          97,
          110
        ],
        [
          516,
          356,
          110,
          124
        ],
        [
          286,
          340,
          80,
          113
        ],
        [
          33,
          355,
          104,
          125
        ]
      ]
    },
    "379": {
      "name": "vase",
      "visible_pos": [
        0,
        10,
        11,
        12,
        22,
        23
      ],
      "bbox2d": [
        [
          15,
          74,
          88,
          95
        ],
        [
          503,
          72,
          95,
          90
        ],
        [
          275,
          64,
          69,
          82
        ],
        [
          17,
          300,
          92,
          94
        ],
        [
          504,
          298,
          87,
          88
        ],
        [
          276,
          291,
          67,
          79
        ]
      ]
    },
    "383": {
      "name": "decoration",
      "visible_pos": [
        4,
        5,
        6,
        16,
        17,
        18
      ],
      "bbox2d": [
        [
          394,
          99,
          97,
          82
        ],
        [
          172,
          99,
          93,
          82
        ],
        [
          0,
          138,
          14,
          76
        ],
        [
          397,
          323,
          95,
          84
        ],
        [
          173,
          323,
          92,
          84
        ],
        [
          0,
          386,
          1,
          2
        ]
      ]
    },
    "388": {
      "name": "dining#chair",
      "visible_pos": [
        5,
        6,
        7,
        8,
        18,
        19
      ],
      "bbox2d": [
        [
          588,
          292,
          52,
          188
        ],
        [
          396,
          149,
          85,
          276
        ],
        [
          190,
          150,
          106,
          260
        ],
        [
          0,
          221,
          139,
          252
        ],
        [
          409,
          372,
          83,
          108
        ],
        [
          185,
          373,
          87,
          107
        ]
      ]
    },
    "392": {
      "name": "window#frame",
      "visible_pos": [
        0,
        1,
        2,
        9,
        10,
        11,
        12,
        13,
        21,
        22,
        23,
        24,
        25,
        26,
        33,
        34,
        35
      ],
      "bbox2d": [
        [
          0,
          0,
          496,
          195
        ],
        [
          0,
          0,
          267,
          234
        ],
        [
          0,
          156,
          30,
          69
        ],
        [
          568,
          0,
          72,
          153
        ],
        [
          324,
          0,
          316,
          223
        ],
        [
          51,
          0,
          589,
          235
        ],
        [
          0,
          15,
          490,
          409
        ],
        [
          0,
          0,
          263,
          458
        ],
        [
          565,
          71,
          75,
          300
        ],
        [
          323,
          0,
          317,
          446
        ],
        [
          85,
          0,
          555,
          460
        ],
        [
          0,
          252,
          498,
          228
        ],
        [
          0,
          201,
          256,
          279
        ],
        [
          0,
          202,
          23,
          84
        ],
        [
          564,
          282,
          76,
          198
        ],
        [
          324,
          204,
          316,
          276
        ],
        [
          50,
          201,
          590,
          279
        ]
      ]
    },
    "401": {
      "name": "vase",
      "visible_pos": [
        0,
        1,
        11,
        12,
        13,
        23
      ],
      "bbox2d": [
        [
          291,
          89,
          57,
          83
        ],
        [
          45,
          100,
          74,
          92
        ],
        [
          520,
          101,
          75,
          94
        ],
        [
          291,
          313,
          57,
          84
        ],
        [
          40,
          324,
          76,
          96
        ],
        [
          523,
          324,
          76,
          100
        ]
      ]
    },
    "402": {
      "name": "towel",
      "visible_pos": [
        9,
        10,
        11,
        21,
        22,
        23
      ],
      "bbox2d": [
        [
          432,
          188,
          46,
          116
        ],
        [
          249,
          181,
          30,
          114
        ],
        [
          9,
          220,
          72,
          124
        ],
        [
          465,
          415,
          35,
          65
        ],
        [
          241,
          407,
          31,
          73
        ],
        [
          0,
          468,
          7,
          12
        ]
      ]
    },
    "405": {
      "name": "vent",
      "visible_pos": [
        26,
        27,
        28
      ],
      "bbox2d": [
        [
          412,
          0,
          132,
          87
        ],
        [
          271,
          23,
          107,
          82
        ],
        [
          104,
          0,
          125,
          88
        ]
      ]
    },
    "354": {
      "name": "kitchen#cabinet",
      "visible_pos": [],
      "bbox2d": []
    },
    "378": {
      "name": "kitchen#cabinet",
      "visible_pos": [],
      "bbox2d": []
    }
  }
}