{
  "93318cd6a48a4eb59eb59d2481095044": {
    "720": {
      "name": "bath#cabinet",
      "visible_pos": [
        6,
        7,
        8,
        9,
        19,
        20,
        21
      ],
      "bbox2d": [
        [
          451,
          384,
          189,
          96
        ],
        [
          309,
          221,
          331,
          259
        ],
        [
          144,
          158,
          277,
          322
        ],
        [
          0,
          160,
          216,
          320
        ],
        [
          636,
          477,
          4,
          3
        ],
        [
          329,
          381,
          96,
          99
        ],
        [
          121,
          383,
          81,
          97
        ]
      ]
    },
    "721": {
      "name": "toiletry",
      "visible_pos": [
        7,
        8,
        9,
        19,
        20,
        21
      ],
      "bbox2d": [
        [
          449,
          128,
          37,
          54
        ],
        [
          237,
          122,
          30,
          55
        ],
        [
          0,
          150,
          29,
          56
        ],
        [
          456,
          351,
          35,
          58
        ],
        [
          232,
          345,
          33,
          59
        ],
        [
          0,
          432,
          1,
          1
        ]
      ]
    },
    "724": {
      "name": "toiletry",
      "visible_pos": [
        7,
        8,
        19,
        20
      ],
      "bbox2d": [
        [
          403,
          156,
          41,
          41
        ],
        [
          191,
          157,
          46,
          39
        ],
        [
          408,
          379,
          46,
          47
        ],
        [
          185,
          382,
          45,
          42
        ]
      ]
    },
    "725": {
      "name": "countertop",
      "visible_pos": [
        6,
        7,
        8,
        9,
        18,
        19,
        20,
        21
      ],
      "bbox2d": [
        [
          457,
          200,
          183,
          197
        ],
        [
          275,
          129,
          365,
          226
        ],
        [
          46,
          112,
          381,
          278
        ],
        [
          0,
          127,
          209,
          311
        ],
        [
          497,
          429,
          143,
          51
        ],
        [
          269,
          352,
          371,
          128
        ],
        [
          9,
          336,
          420,
          144
        ],
        [
          0,
          349,
          207,
          131
        ]
      ]
    },
    "726": {
      "name": "sink",
      "visible_pos": [
        6,
        7,
        8,
        9,
        19,
        20
      ],
      "bbox2d": [
        [
          493,
          247,
          147,
          87
        ],
        [
          301,
          215,
          145,
          66
        ],
        [
          99,
          221,
          154,
          82
        ],
        [
          0,
          280,
          35,
          59
        ],
        [
          303,
          448,
          156,
          32
        ],
        [
          102,
          454,
          141,
          26
        ]
      ]
    },
    "727": {
      "name": "mirror",
      "visible_pos": [
        6,
        7,
        8,
        18,
        19,
        20,
        30,
        31,
        32
      ],
      "bbox2d": [
        [
          492,
          0,
          148,
          153
        ],
        [
          262,
          0,
          133,
          141
        ],
        [
          0,
          0,
          157,
          168
        ],
        [
          496,
          107,
          144,
          270
        ],
        [
          268,
          121,
          117,
          244
        ],
        [
          6,
          93,
          154,
          300
        ],
        [
          494,
          330,
          146,
          150
        ],
        [
          263,
          344,
          132,
          136
        ],
        [
          0,
          317,
          156,
          163
        ]
      ]
    },
    "729": {
      "name": "towel",
      "visible_pos": [
        7,
        8,
        9,
        19,
        20,
        21
      ],
      "bbox2d": [
        [
          457,
          179,
          123,
          56
        ],
        [
          252,
          157,
          101,
          61
        ],
        [
          15,
          175,
          128,
          78
        ],
        [
          470,
          405,
          139,
          69
        ],
        [
          246,
          381,
          109,
          71
        ],
        [
          0,
          400,
          125,
          80
        ]
      ]
    },
    "731": {
      "name": "toiletry",
      "visible_pos": [
        7,
        8,
        9,
        19,
        20
      ],
      "bbox2d": [
        [
          452,
          168,
          27,
          26
        ],
        [
          242,
          162,
          23,
          25
        ],
        [
          0,
          197,
          28,
          32
        ],
        [
          461,
          394,
          28,
          29
        ],
        [
          237,
          386,
          25,
          29
        ]
      ]
    },
    "732": {
      "name": "toiletry",
      "visible_pos": [
        7,
        8,
        19,
        20
      ],
      "bbox2d": [
        [
          422,
          126,
          41,
          54
        ],
        [
          207,
          123,
          37,
          52
        ],
        [
          426,
          349,
          40,
          57
        ],
        [
          203,
          347,
          39,
          54
        ]
      ]
    },
    "736": {
      "name": "light",
      "visible_pos": [],
      "bbox2d": []
    },
    "738": {
      "name": "light",
      "visible_pos": [
        7,
        8,
        19,
        20,
        31,
        32
      ],
      "bbox2d": [
        [
          489,
          0,
          8,
          21
        ],
        [
          230,
          0,
          12,
          20
        ],
        [
          429,
          179,
          47,
          77
        ],
        [
          207,
          179,
          44,
          76
        ],
        [
          436,
          405,
          62,
          75
        ],
        [
          199,
          405,
          41,
          75
        ]
      ]
    }
  }
}