{
  "fcd90a404061413385286bef9662630e": {
    "156": {
      "name": "picture",
      "visible_pos": [
        1,
        2,
        3,
        4,
        13,
        14,
        15,
        16,
        25,
        26,
        27,
        28
      ],
      "bbox2d": [
        [
          574,
          0,
          66,
          195
        ],
        [
          335,
          0,
          305,
          193
        ],
        [
          64,
          0,
          303,
          168
        ],
        [
          0,
          0,
          128,
          200
        ],
        [
          578,
          41,
          62,
          375
        ],
        [
          333,
          31,
          292,
          390
        ],
        [
          97,
          57,
          268,
          335
        ],
        [
          0,
          21,
          137,
          404
        ],
        [
          564,
          254,
          76,
          226
        ],
        [
          333,
          264,
          307,
          216
        ],
        [
          64,
          286,
          303,
          194
        ],
        [
          0,
          244,
          147,
          236
        ]
      ]
    }
  }
}