{
  "1cff77491b994646b1614e45c8fef2e7": {
    "205": {
      "name": "skylight",
      "visible_pos": [
        18,
        19,
        29,
        30,
        31,
        32
      ],
      "bbox2d": [
        [
          417,
          0,
          122,
          26
        ],
        [
          195,
          0,
          166,
          42
        ],
        [
          601,
          143,
          39,
          46
        ],
        [
          384,
          176,
          181,
          84
        ],
        [
          193,
          192,
          162,
          81
        ],
        [
          0,
          145,
          159,
          92
        ]
      ]
    },
    "211": {
      "name": "skylight",
      "visible_pos": [
        16,
        26,
        27,
        28,
        29
      ],
      "bbox2d": [
        [
          259,
          0,
          74,
          21
        ],
        [
          626,
          126,
          14,
          21
        ],
        [
          409,
          142,
          198,
          96
        ],
        [
          224,
          177,
          170,
          79
        ],
        [
          3,
          134,
          206,
          92
        ]
      ]
    },
    "181": {
      "name": "shelves",
      "visible_pos": [],
      "bbox2d": []
    }
  }
}