{
  "dc524a4004ae4faaaf8e4978f7ad7897": {
    "92": {
      "name": "chair",
      "visible_pos": [
        0,
        1,
        2,
        3,
        12,
        13,
        14,
        15,
        25,
        26
      ],
      "bbox2d": [
        [
          607,
          191,
          33,
          21
        ],
        [
          368,
          0,
          272,
          206
        ],
        [
          151,
          0,
          252,
          181
        ],
        [
          0,
          13,
          164,
          206
        ],
        [
          631,
          422,
          9,
          6
        ],
        [
          370,
          209,
          270,
          228
        ],
        [
          143,
          209,
          254,
          198
        ],
        [
          0,
          239,
          173,
          203
        ],
        [
          425,
          441,
          96,
          39
        ],
        [
          169,
          440,
          90,
          40
        ]
      ]
    },
    "95": {
      "name": "fireplace",
      "visible_pos": [
        0,
        1,
        6,
        7,
        8,
        9,
        10,
        11,
        12,
        18,
        19,
        20,
        22,
        23,
        24,
        29,
        30,
        31,
        32,
        33,
        34,
        35
      ],
      "bbox2d": [
        [
          0,
          0,
          369,
          480
        ],
        [
          0,
          336,
          239,
          144
        ],
        [
          465,
          0,
          52,
          243
        ],
        [
          255,
          1,
          18,
          230
        ],
        [
          0,
          127,
          56,
          145
        ],
        [
          507,
          277,
          133,
          203
        ],
        [
          349,
          0,
          291,
          480
        ],
        [
          179,
          0,
          298,
          480
        ],
        [
          0,
          0,
          205,
          480
        ],
        [
          402,
          60,
          95,
          420
        ],
        [
          179,
          54,
          91,
          414
        ],
        [
          0,
          176,
          8,
          304
        ],
        [
          408,
          0,
          232,
          480
        ],
        [
          185,
          0,
          243,
          480
        ],
        [
          0,
          178,
          195,
          302
        ],
        [
          637,
          244,
          3,
          1
        ],
        [
          396,
          288,
          121,
          192
        ],
        [
          191,
          283,
          71,
          190
        ],
        [
          0,
          294,
          9,
          47
        ],
        [
          621,
          166,
          19,
          50
        ],
        [
          400,
          224,
          240,
          256
        ],
        [
          180,
          221,
          257,
          259
        ]
      ]
    }
  }
}