{
  "5bba090c8530407e83e693d990aecdc2": {
    "92": {
      "name": "chair",
      "visible_pos": [
        5,
        6,
        7,
        8,
        9,
        19,
        20
      ],
      "bbox2d": [
        [
          593,
          386,
          47,
          94
        ],
        [
          400,
          256,
          240,
          224
        ],
        [
          231,
          223,
          227,
          178
        ],
        [
          33,
          220,
          262,
          220
        ],
        [
          0,
          272,
          127,
          208
        ],
        [
          286,
          457,
          170,
          23
        ],
        [
          159,
          454,
          74,
          26
        ]
      ]
    },
    "97": {
      "name": "chair",
      "visible_pos": [
        0,
        8,
        9,
        10,
        11
      ],
      "bbox2d": [
        [
          0,
          405,
          81,
          75
        ],
        [
          520,
          372,
          120,
          108
        ],
        [
          355,
          304,
          235,
          176
        ],
        [
          197,
          305,
          206,
          175
        ],
        [
          0,
          332,
          257,
          148
        ]
      ]
    },
    "101": {
      "name": "chair",
      "visible_pos": [
        0,
        1,
        9,
        10,
        11
      ],
      "bbox2d": [
        [
          29,
          252,
          200,
          228
        ],
        [
          0,
          424,
          39,
          56
        ],
        [
          559,
          393,
          81,
          87
        ],
        [
          385,
          273,
          214,
          207
        ],
        [
          227,
          240,
          160,
          223
        ]
      ]
    },
    "102": {
      "name": "chair",
      "visible_pos": [
        3,
        4,
        5,
        6,
        7,
        16
      ],
      "bbox2d": [
        [
          492,
          276,
          148,
          204
        ],
        [
          337,
          233,
          263,
          208
        ],
        [
          172,
          240,
          229,
          199
        ],
        [
          0,
          271,
          228,
          209
        ],
        [
          0,
          386,
          28,
          94
        ],
        [
          373,
          471,
          45,
          9
        ]
      ]
    },
    "104": {
      "name": "window",
      "visible_pos": [
        0,
        1,
        2,
        3,
        4,
        5,
        9,
        10,
        11,
        12,
        13,
        14,
        15,
        16,
        17,
        18,
        21,
        22,
        23,
        24,
        25,
        26,
        27,
        28,
        29
      ],
      "bbox2d": [
        [
          513,
          0,
          127,
          163
        ],
        [
          275,
          0,
          365,
          145
        ],
        [
          0,
          0,
          640,
          156
        ],
        [
          121,
          0,
          519,
          133
        ],
        [
          0,
          0,
          533,
          126
        ],
        [
          0,
          0,
          272,
          98
        ],
        [
          516,
          137,
          96,
          57
        ],
        [
          299,
          121,
          63,
          52
        ],
        [
          65,
          137,
          71,
          62
        ],
        [
          471,
          132,
          169,
          253
        ],
        [
          246,
          148,
          394,
          221
        ],
        [
          0,
          126,
          640,
          254
        ],
        [
          0,
          135,
          640,
          221
        ],
        [
          0,
          160,
          506,
          189
        ],
        [
          0,
          181,
          277,
          140
        ],
        [
          0,
          194,
          19,
          113
        ],
        [
          532,
          360,
          91,
          62
        ],
        [
          298,
          344,
          64,
          54
        ],
        [
          50,
          360,
          83,
          68
        ],
        [
          475,
          355,
          165,
          125
        ],
        [
          243,
          371,
          261,
          109
        ],
        [
          0,
          349,
          640,
          131
        ],
        [
          0,
          358,
          640,
          122
        ],
        [
          0,
          391,
          532,
          89
        ],
        [
          0,
          412,
          272,
          68
        ]
      ]
    },
    "135": {
      "name": "table",
      "visible_pos": [
        4,
        5,
        6,
        7,
        8
      ],
      "bbox2d": [
        [
          563,
          475,
          51,
          5
        ],
        [
          369,
          384,
          201,
          96
        ],
        [
          232,
          359,
          186,
          121
        ],
        [
          80,
          382,
          201,
          98
        ],
        [
          12,
          470,
          104,
          10
        ]
      ]
    }
  }
}