{
  "5570782157f14e58903c6b929a64014c": {
    "102": {
      "name": "chair",
      "visible_pos": [
        0,
        1,
        9,
        10,
        11,
        12,
        23
      ],
      "bbox2d": [
        [
          0,
          228,
          236,
          252
        ],
        [
          0,
          357,
          54,
          123
        ],
        [
          544,
          331,
          96,
          149
        ],
        [
          370,
          242,
          265,
          234
        ],
        [
          192,
          211,
          217,
          239
        ],
        [
          95,
          465,
          72,
          15
        ],
        [
          279,
          443,
          131,
          37
        ]
      ]
    },
    "111": {
      "name": "chair",
      "visible_pos": [
        5,
        6,
        7,
        8,
        9,
        18,
        19
      ],
      "bbox2d": [
        [
          504,
          265,
          136,
          215
        ],
        [
          338,
          216,
          223,
          251
        ],
        [
          152,
          220,
          212,
          213
        ],
        [
          0,
          281,
          203,
          199
        ],
        [
          0,
          460,
          3,
          20
        ],
        [
          361,
          449,
          103,
          31
        ],
        [
          156,
          455,
          111,
          25
        ]
      ]
    },
    "129": {
      "name": "table",
      "visible_pos": [
        0,
        1,
        2,
        3,
        4,
        5
      ],
      "bbox2d": [
        [
          554,
          435,
          86,
          45
        ],
        [
          384,
          333,
          256,
          147
        ],
        [
          242,
          288,
          334,
          192
        ],
        [
          68,
          288,
          334,
          192
        ],
        [
          0,
          326,
          260,
          154
        ],
        [
          0,
          440,
          91,
          40
        ]
      ]
    },
    "137": {
      "name": "ottoman",
      "visible_pos": [
        6,
        7,
        8,
        9,
        10
      ],
      "bbox2d": [
        [
          561,
          391,
          79,
          89
        ],
        [
          389,
          310,
          157,
          138
        ],
        [
          228,
          293,
          140,
          141
        ],
        [
          35,
          326,
          171,
          154
        ],
        [
          0,
          449,
          17,
          31
        ]
      ]
    }
  }
}