{
  "819dd9c54309449eaedb5187527f28df": {
    "513": {
      "name": "pot",
      "visible_pos": [
        2,
        3,
        4,
        5,
        6
      ],
      "bbox2d": [
        [
          576,
          455,
          64,
          25
        ],
        [
          385,
          344,
          255,
          136
        ],
        [
          251,
          305,
          269,
          175
        ],
        [
          87,
          309,
          275,
          171
        ],
        [
          0,
          357,
          228,
          123
        ]
      ]
    },
    "522": {
      "name": "pot",
      "visible_pos": [
        5,
        6,
        7,
        8,
        9
      ],
      "bbox2d": [
        [
          576,
          413,
          64,
          67
        ],
        [
          405,
          299,
          206,
          181
        ],
        [
          248,
          271,
          180,
          209
        ],
        [
          63,
          288,
          216,
          192
        ],
        [
          0,
          364,
          123,
          116
        ]
      ]
    }
  }
}