{
  "aea0f7739ecc4d859bcca9bd19f8023f": {
    "363": {
      "name": "shelves",
      "visible_pos": [
        1,
        2,
        3,
        4,
        5
      ],
      "bbox2d": [
        [
          485,
          319,
          155,
          161
        ],
        [
          319,
          261,
          321,
          219
        ],
        [
          150,
          245,
          392,
          185
        ],
        [
          0,
          262,
          359,
          218
        ],
        [
          0,
          315,
          201,
          165
        ]
      ]
    },
    "367": {
      "name": "skylight",
      "visible_pos": [
        16,
        17,
        18,
        27,
        28,
        29,
        30,
        31
      ],
      "bbox2d": [
        [
          440,
          0,
          200,
          29
        ],
        [
          217,
          0,
          249,
          56
        ],
        [
          21,
          0,
          221,
          39
        ],
        [
          636,
          109,
          4,
          56
        ],
        [
          411,
          99,
          229,
          164
        ],
        [
          223,
          160,
          229,
          125
        ],
        [
          0,
          122,
          261,
          148
        ],
        [
          0,
          70,
          56,
          136
        ]
      ]
    },
    "373": {
      "name": "shower#wall",
      "visible_pos": [],
      "bbox2d": []
    },
    "383": {
      "name": "wall#cubby",
      "visible_pos": [],
      "bbox2d": []
    },
    "387": {
      "name": "toilet",
      "visible_pos": [],
      "bbox2d": []
    },
    "382": {
      "name": "bathtub",
      "visible_pos": [],
      "bbox2d": []
    }
  }
}