{
  "764f4e2d11c24b8f9a16cb1b37dfc78d": {
    "356": {
      "name": "mirror",
      "visible_pos": [
        5,
        6,
        7,
        8,
        9,
        17,
        18,
        19,
        20,
        21,
        29,
        30,
        31,
        32,
        33
      ],
      "bbox2d": [
        [
          485,
          0,
          155,
          321
        ],
        [
          286,
          0,
          354,
          316
        ],
        [
          11,
          0,
          629,
          279
        ],
        [
          0,
          0,
          482,
          323
        ],
        [
          0,
          0,
          243,
          292
        ],
        [
          512,
          88,
          128,
          392
        ],
        [
          282,
          94,
          358,
          386
        ],
        [
          27,
          105,
          613,
          375
        ],
        [
          0,
          73,
          468,
          407
        ],
        [
          0,
          158,
          243,
          322
        ],
        [
          532,
          309,
          108,
          171
        ],
        [
          293,
          318,
          347,
          162
        ],
        [
          6,
          329,
          634,
          151
        ],
        [
          0,
          299,
          476,
          181
        ],
        [
          0,
          383,
          228,
          97
        ]
      ]
    },
    "359": {
      "name": "countertop",
      "visible_pos": [
        4,
        5,
        6,
        7,
        8,
        9,
        10,
        17,
        18,
        19,
        20,
        21,
        22
      ],
      "bbox2d": [
        [
          581,
          362,
          59,
          118
        ],
        [
          398,
          222,
          242,
          258
        ],
        [
          225,
          212,
          415,
          268
        ],
        [
          18,
          222,
          622,
          258
        ],
        [
          0,
          172,
          535,
          308
        ],
        [
          0,
          169,
          339,
          311
        ],
        [
          0,
          214,
          150,
          237
        ],
        [
          474,
          457,
          30,
          23
        ],
        [
          249,
          444,
          92,
          36
        ],
        [
          279,
          456,
          220,
          24
        ],
        [
          171,
          400,
          339,
          80
        ],
        [
          140,
          394,
          161,
          86
        ],
        [
          0,
          453,
          13,
          21
        ]
      ]
    },
    "372": {
      "name": "chair",
      "visible_pos": [
        4,
        5,
        6,
        7,
        8
      ],
      "bbox2d": [
        [
          493,
          479,
          14,
          1
        ],
        [
          342,
          425,
          119,
          55
        ],
        [
          203,
          421,
          207,
          59
        ],
        [
          142,
          445,
          205,
          35
        ],
        [
          188,
          470,
          21,
          10
        ]
      ]
    },
    "375": {
      "name": "sink",
      "visible_pos": [
        7,
        8,
        9,
        10
      ],
      "bbox2d": [
        [
          491,
          289,
          149,
          99
        ],
        [
          307,
          252,
          129,
          68
        ],
        [
          119,
          264,
          137,
          74
        ],
        [
          0,
          326,
          53,
          82
        ]
      ]
    },
    "377": {
      "name": "bath#cabinet",
      "visible_pos": [
        6,
        7,
        8,
        9,
        10
      ],
      "bbox2d": [
        [
          500,
          374,
          124,
          106
        ],
        [
          329,
          337,
          311,
          143
        ],
        [
          160,
          308,
          375,
          172
        ],
        [
          35,
          274,
          309,
          206
        ],
        [
          0,
          300,
          191,
          180
        ]
      ]
    },
    "380": {
      "name": "window",
      "visible_pos": [
        19,
        20,
        21,
        31,
        32,
        33
      ],
      "bbox2d": [
        [
          514,
          0,
          126,
          184
        ],
        [
          284,
          15,
          99,
          179
        ],
        [
          30,
          0,
          128,
          190
        ],
        [
          497,
          221,
          143,
          190
        ],
        [
          285,
          252,
          101,
          171
        ],
        [
          25,
          219,
          147,
          199
        ]
      ]
    },
    "383": {
      "name": "wall#cubby",
      "visible_pos": [],
      "bbox2d": []
    },
    "386": {
      "name": "toilet#paper#holder",
      "visible_pos": [
        0,
        1,
        10,
        11
      ],
      "bbox2d": [
        [
          249,
          341,
          32,
          50
        ],
        [
          70,
          401,
          41,
          60
        ],
        [
          575,
          432,
          62,
          48
        ],
        [
          404,
          351,
          37,
          46
        ]
      ]
    },
    "387": {
      "name": "toilet",
      "visible_pos": [
        0,
        1,
        2,
        11,
        12
      ],
      "bbox2d": [
        [
          319,
          239,
          84,
          161
        ],
        [
          126,
          251,
          118,
          166
        ],
        [
          0,
          370,
          68,
          110
        ],
        [
          484,
          271,
          131,
          193
        ],
        [
          368,
          479,
          8,
          1
        ]
      ]
    },
    "351": {
      "name": "shower#wall",
      "visible_pos": [],
      "bbox2d": []
    },
    "373": {
      "name": "shower#wall",
      "visible_pos": [],
      "bbox2d": []
    }
  }
}