{
  "866b9bffd5de478988a2f3e164bb7f4e": {
    "478": {
      "name": "rocky#ground",
      "visible_pos": [
        3,
        4,
        5,
        6,
        7,
        8,
        9,
        10,
        11,
        15,
        16,
        17,
        18,
        19,
        20,
        21,
        22,
        23
      ],
      "bbox2d": [
        [
          455,
          153,
          185,
          327
        ],
        [
          244,
          106,
          396,
          374
        ],
        [
          0,
          108,
          640,
          372
        ],
        [
          0,
          163,
          640,
          317
        ],
        [
          0,
          170,
          640,
          310
        ],
        [
          0,
          139,
          640,
          341
        ],
        [
          0,
          135,
          547,
          345
        ],
        [
          0,
          143,
          318,
          337
        ],
        [
          0,
          162,
          90,
          312
        ],
        [
          463,
          379,
          177,
          101
        ],
        [
          240,
          330,
          400,
          150
        ],
        [
          0,
          331,
          640,
          149
        ],
        [
          36,
          388,
          521,
          92
        ],
        [
          0,
          405,
          640,
          75
        ],
        [
          23,
          361,
          592,
          119
        ],
        [
          0,
          358,
          557,
          122
        ],
        [
          0,
          366,
          318,
          114
        ],
        [
          17,
          386,
          60,
          75
        ]
      ]
    },
    "499": {
      "name": "tree",
      "visible_pos": [
        6,
        7,
        8,
        9,
        19,
        20
      ],
      "bbox2d": [
        [
          534,
          339,
          106,
          141
        ],
        [
          360,
          220,
          142,
          260
        ],
        [
          223,
          210,
          111,
          270
        ],
        [
          7,
          246,
          175,
          234
        ],
        [
          447,
          454,
          75,
          26
        ],
        [
          223,
          442,
          70,
          38
        ]
      ]
    },
    "483": {
      "name": "post",
      "visible_pos": [],
      "bbox2d": []
    },
    "490": {
      "name": "post",
      "visible_pos": [],
      "bbox2d": []
    },
    "494": {
      "name": "post",
      "visible_pos": [],
      "bbox2d": []
    }
  }
}