{
  "f032c9ee981a4462914468785f0a4abe": {
    "395": {
      "name": "kitchen#cabinet",
      "visible_pos": [
        0,
        1,
        2,
        11,
        12,
        13,
        23,
        24,
        25,
        35
      ],
      "bbox2d": [
        [
          267,
          0,
          179,
          298
        ],
        [
          0,
          17,
          256,
          323
        ],
        [
          0,
          279,
          53,
          89
        ],
        [
          447,
          0,
          193,
          368
        ],
        [
          276,
          153,
          190,
          327
        ],
        [
          17,
          136,
          225,
          344
        ],
        [
          505,
          133,
          135,
          347
        ],
        [
          273,
          376,
          200,
          104
        ],
        [
          0,
          359,
          238,
          109
        ],
        [
          511,
          355,
          129,
          125
        ]
      ]
    },
    "407": {
      "name": "kitchen#cabinet",
      "visible_pos": [
        0,
        1,
        2,
        3,
        4,
        5
      ],
      "bbox2d": [
        [
          533,
          349,
          107,
          131
        ],
        [
          368,
          294,
          252,
          186
        ],
        [
          208,
          299,
          365,
          181
        ],
        [
          0,
          370,
          397,
          110
        ],
        [
          0,
          377,
          255,
          103
        ],
        [
          20,
          453,
          61,
          27
        ]
      ]
    },
    "414": {
      "name": "oven",
      "visible_pos": [
        3,
        4,
        5,
        6,
        15,
        16,
        17,
        18,
        27,
        28,
        29,
        30
      ],
      "bbox2d": [
        [
          437,
          0,
          203,
          303
        ],
        [
          221,
          0,
          394,
          288
        ],
        [
          0,
          0,
          338,
          342
        ],
        [
          0,
          0,
          106,
          298
        ],
        [
          457,
          195,
          183,
          285
        ],
        [
          233,
          189,
          349,
          291
        ],
        [
          0,
          190,
          336,
          290
        ],
        [
          0,
          189,
          101,
          291
        ],
        [
          484,
          423,
          156,
          57
        ],
        [
          226,
          416,
          382,
          64
        ],
        [
          0,
          417,
          331,
          63
        ],
        [
          0,
          417,
          74,
          63
        ]
      ]
    },
    "416": {
      "name": "kitchen#counter",
      "visible_pos": [
        0,
        1,
        2,
        3,
        4,
        5,
        13,
        14,
        15
      ],
      "bbox2d": [
        [
          574,
          291,
          66,
          134
        ],
        [
          369,
          206,
          271,
          274
        ],
        [
          179,
          190,
          435,
          259
        ],
        [
          0,
          222,
          420,
          169
        ],
        [
          0,
          278,
          257,
          202
        ],
        [
          0,
          365,
          80,
          115
        ],
        [
          403,
          436,
          141,
          44
        ],
        [
          192,
          418,
          172,
          62
        ],
        [
          0,
          457,
          113,
          23
        ]
      ]
    },
    "417": {
      "name": "stool",
      "visible_pos": [
        6,
        7,
        8,
        9,
        10
      ],
      "bbox2d": [
        [
          576,
          381,
          64,
          99
        ],
        [
          398,
          289,
          138,
          191
        ],
        [
          248,
          276,
          121,
          204
        ],
        [
          46,
          323,
          185,
          157
        ],
        [
          0,
          478,
          2,
          2
        ]
      ]
    },
    "419": {
      "name": "oven",
      "visible_pos": [
        0,
        1,
        11,
        12,
        13,
        23,
        24,
        25,
        35
      ],
      "bbox2d": [
        [
          283,
          0,
          208,
          119
        ],
        [
          0,
          0,
          240,
          134
        ],
        [
          525,
          0,
          115,
          138
        ],
        [
          282,
          168,
          186,
          174
        ],
        [
          26,
          153,
          218,
          203
        ],
        [
          511,
          151,
          129,
          209
        ],
        [
          279,
          393,
          212,
          87
        ],
        [
          0,
          376,
          240,
          104
        ],
        [
          519,
          378,
          121,
          102
        ]
      ]
    },
    "422": {
      "name": "oven",
      "visible_pos": [
        0,
        1,
        2,
        11,
        12,
        13,
        23
      ],
      "bbox2d": [
        [
          292,
          100,
          178,
          141
        ],
        [
          43,
          97,
          211,
          172
        ],
        [
          0,
          209,
          32,
          84
        ],
        [
          493,
          120,
          147,
          175
        ],
        [
          291,
          323,
          178,
          157
        ],
        [
          42,
          321,
          203,
          159
        ],
        [
          525,
          343,
          115,
          137
        ]
      ]
    },
    "427": {
      "name": "kitchen#cabinet",
      "visible_pos": [
        15,
        16,
        17,
        18,
        26,
        27,
        28,
        29,
        30
      ],
      "bbox2d": [
        [
          388,
          0,
          252,
          219
        ],
        [
          162,
          0,
          403,
          224
        ],
        [
          0,
          0,
          324,
          226
        ],
        [
          0,
          0,
          85,
          224
        ],
        [
          522,
          0,
          118,
          291
        ],
        [
          352,
          0,
          288,
          453
        ],
        [
          159,
          0,
          427,
          460
        ],
        [
          0,
          0,
          324,
          462
        ],
        [
          0,
          0,
          157,
          458
        ]
      ]
    },
    "436": {
      "name": "light#switch",
      "visible_pos": [],
      "bbox2d": []
    },
    "397": {
      "name": "kitchen#cabinet",
      "visible_pos": [],
      "bbox2d": []
    },
    "399": {
      "name": "kitchen#cabinet",
      "visible_pos": [],
      "bbox2d": []
    }
  }
}