{
  "ff0a2a0f47324b08a5f654b324f9944b": {
    "79": {
      "name": "pillow",
      "visible_pos": [
        1,
        2,
        3,
        13,
        14,
        15
      ],
      "bbox2d": [
        [
          583,
          135,
          57,
          136
        ],
        [
          360,
          106,
          94,
          114
        ],
        [
          142,
          105,
          89,
          118
        ],
        [
          621,
          358,
          19,
          122
        ],
        [
          363,
          330,
          90,
          125
        ],
        [
          135,
          328,
          95,
          130
        ]
      ]
    },
    "96": {
      "name": "pillow",
      "visible_pos": [
        1,
        2,
        3,
        13,
        14,
        15
      ],
      "bbox2d": [
        [
          440,
          72,
          200,
          184
        ],
        [
          233,
          64,
          150,
          156
        ],
        [
          0,
          74,
          182,
          171
        ],
        [
          450,
          298,
          190,
          182
        ],
        [
          227,
          292,
          163,
          162
        ],
        [
          0,
          300,
          165,
          180
        ]
      ]
    },
    "98": {
      "name": "ceiling#fan",
      "visible_pos": [
        24,
        25,
        26,
        27,
        34,
        35
      ],
      "bbox2d": [
        [
          222,
          0,
          375,
          207
        ],
        [
          30,
          0,
          451,
          199
        ],
        [
          0,
          0,
          337,
          178
        ],
        [
          0,
          0,
          202,
          96
        ],
        [
          563,
          0,
          77,
          74
        ],
        [
          384,
          0,
          249,
          157
        ]
      ]
    },
    "102": {
      "name": "storage",
      "visible_pos": [
        6,
        7,
        8,
        9,
        10,
        19,
        20,
        21
      ],
      "bbox2d": [
        [
          615,
          440,
          25,
          40
        ],
        [
          412,
          210,
          228,
          270
        ],
        [
          253,
          186,
          157,
          294
        ],
        [
          30,
          207,
          195,
          273
        ],
        [
          0,
          353,
          17,
          127
        ],
        [
          469,
          441,
          171,
          39
        ],
        [
          243,
          413,
          178,
          67
        ],
        [
          33,
          438,
          165,
          42
        ]
      ]
    },
    "104": {
      "name": "control",
      "visible_pos": [
        9,
        10,
        21,
        22
      ],
      "bbox2d": [
        [
          400,
          7,
          58,
          45
        ],
        [
          147,
          7,
          62,
          46
        ],
        [
          392,
          245,
          50,
          36
        ],
        [
          167,
          245,
          52,
          37
        ]
      ]
    },
    "75": {
      "name": "bed",
      "visible_pos": [],
      "bbox2d": []
    },
    "81": {
      "name": "dresser",
      "visible_pos": [],
      "bbox2d": []
    }
  }
}