{
  "edd9ad6949ee4c87a89edec2ca8e3dcd": {
    "475": {
      "name": "lamp",
      "visible_pos": [
        3,
        4,
        5,
        6,
        16,
        17,
        18,
        28,
        29
      ],
      "bbox2d": [
        [
          606,
          229,
          34,
          74
        ],
        [
          383,
          0,
          128,
          246
        ],
        [
          147,
          0,
          120,
          247
        ],
        [
          0,
          116,
          37,
          182
        ],
        [
          381,
          215,
          115,
          265
        ],
        [
          155,
          215,
          113,
          265
        ],
        [
          0,
          323,
          6,
          28
        ],
        [
          405,
          447,
          106,
          33
        ],
        [
          147,
          448,
          104,
          32
        ]
      ]
    },
    "487": {
      "name": "office#chair",
      "visible_pos": [
        4,
        5,
        6,
        7,
        17,
        18,
        19
      ],
      "bbox2d": [
        [
          637,
          258,
          3,
          3
        ],
        [
          400,
          68,
          219,
          188
        ],
        [
          199,
          63,
          169,
          154
        ],
        [
          0,
          73,
          167,
          192
        ],
        [
          409,
          295,
          216,
          185
        ],
        [
          185,
          291,
          188,
          159
        ],
        [
          0,
          299,
          146,
          181
        ]
      ]
    },
    "488": {
      "name": "desk",
      "visible_pos": [
        3,
        4,
        5,
        6,
        7,
        8,
        9,
        16,
        17,
        18,
        19,
        20
      ],
      "bbox2d": [
        [
          444,
          259,
          196,
          221
        ],
        [
          292,
          192,
          348,
          288
        ],
        [
          92,
          181,
          548,
          299
        ],
        [
          0,
          211,
          640,
          269
        ],
        [
          0,
          198,
          467,
          282
        ],
        [
          0,
          225,
          294,
          255
        ],
        [
          0,
          336,
          143,
          144
        ],
        [
          303,
          420,
          266,
          60
        ],
        [
          137,
          407,
          425,
          73
        ],
        [
          0,
          443,
          572,
          37
        ],
        [
          77,
          427,
          303,
          53
        ],
        [
          8,
          460,
          105,
          20
        ]
      ]
    },
    "491": {
      "name": "chair",
      "visible_pos": [
        0,
        1,
        2,
        3,
        4,
        12,
        13,
        14,
        15
      ],
      "bbox2d": [
        [
          469,
          232,
          171,
          248
        ],
        [
          322,
          174,
          318,
          306
        ],
        [
          129,
          167,
          371,
          313
        ],
        [
          0,
          200,
          354,
          280
        ],
        [
          0,
          376,
          221,
          104
        ],
        [
          637,
          476,
          3,
          4
        ],
        [
          331,
          400,
          223,
          80
        ],
        [
          119,
          391,
          202,
          89
        ],
        [
          0,
          430,
          74,
          50
        ]
      ]
    },
    "496": {
      "name": "ceiling#fan",
      "visible_pos": [
        29,
        30,
        31,
        32,
        33
      ],
      "bbox2d": [
        [
          395,
          0,
          245,
          140
        ],
        [
          256,
          0,
          384,
          181
        ],
        [
          105,
          0,
          367,
          200
        ],
        [
          0,
          0,
          312,
          171
        ],
        [
          6,
          0,
          145,
          93
        ]
      ]
    },
    "497": {
      "name": "chair",
      "visible_pos": [
        0,
        8,
        9,
        10,
        11,
        12,
        21,
        22,
        23
      ],
      "bbox2d": [
        [
          0,
          219,
          201,
          261
        ],
        [
          446,
          408,
          194,
          72
        ],
        [
          309,
          222,
          331,
          258
        ],
        [
          169,
          176,
          391,
          304
        ],
        [
          2,
          176,
          357,
          304
        ],
        [
          0,
          453,
          92,
          27
        ],
        [
          620,
          460,
          20,
          20
        ],
        [
          356,
          402,
          213,
          78
        ],
        [
          130,
          400,
          222,
          80
        ]
      ]
    },
    "502": {
      "name": "monitor",
      "visible_pos": [
        4,
        5,
        6,
        16,
        17,
        18
      ],
      "bbox2d": [
        [
          508,
          122,
          132,
          218
        ],
        [
          311,
          106,
          91,
          175
        ],
        [
          89,
          118,
          129,
          179
        ],
        [
          561,
          345,
          79,
          135
        ],
        [
          312,
          329,
          94,
          151
        ],
        [
          81,
          341,
          101,
          139
        ]
      ]
    },
    "505": {
      "name": "tv",
      "visible_pos": [
        0,
        1,
        2,
        10,
        11,
        12,
        13,
        14,
        22,
        23,
        24,
        25,
        26,
        34,
        35
      ],
      "bbox2d": [
        [
          0,
          0,
          630,
          196
        ],
        [
          0,
          0,
          344,
          241
        ],
        [
          0,
          0,
          114,
          228
        ],
        [
          435,
          0,
          205,
          228
        ],
        [
          193,
          0,
          447,
          235
        ],
        [
          0,
          4,
          595,
          421
        ],
        [
          0,
          0,
          345,
          468
        ],
        [
          0,
          0,
          112,
          448
        ],
        [
          427,
          0,
          213,
          447
        ],
        [
          204,
          0,
          436,
          463
        ],
        [
          0,
          243,
          630,
          237
        ],
        [
          0,
          193,
          344,
          287
        ],
        [
          0,
          192,
          134,
          288
        ],
        [
          424,
          200,
          216,
          280
        ],
        [
          193,
          190,
          447,
          290
        ]
      ]
    },
    "474": {
      "name": "window",
      "visible_pos": [],
      "bbox2d": []
    },
    "506": {
      "name": "beam",
      "visible_pos": [],
      "bbox2d": []
    }
  }
}