{
  "6a0eb3cedc6847efa4044c75ad7649a8": {
    "523": {
      "name": "picture",
      "visible_pos": [
        7,
        8,
        9,
        19,
        20,
        21,
        30,
        31,
        32,
        33
      ],
      "bbox2d": [
        [
          530,
          0,
          44,
          17
        ],
        [
          269,
          0,
          34,
          16
        ],
        [
          0,
          0,
          25,
          19
        ],
        [
          405,
          0,
          135,
          253
        ],
        [
          182,
          0,
          123,
          252
        ],
        [
          0,
          0,
          59,
          253
        ],
        [
          594,
          133,
          46,
          102
        ],
        [
          387,
          197,
          187,
          283
        ],
        [
          166,
          192,
          139,
          288
        ],
        [
          0,
          125,
          82,
          355
        ]
      ]
    },
    "541": {
      "name": "picture",
      "visible_pos": [
        17,
        18,
        19,
        20,
        28,
        29,
        30,
        31,
        32
      ],
      "bbox2d": [
        [
          413,
          0,
          227,
          183
        ],
        [
          190,
          0,
          430,
          189
        ],
        [
          0,
          0,
          362,
          196
        ],
        [
          0,
          0,
          133,
          190
        ],
        [
          542,
          0,
          98,
          203
        ],
        [
          372,
          0,
          268,
          409
        ],
        [
          188,
          81,
          437,
          336
        ],
        [
          0,
          4,
          363,
          421
        ],
        [
          0,
          0,
          177,
          418
        ]
      ]
    },
    "542": {
      "name": "picture",
      "visible_pos": [
        4,
        5,
        6,
        16,
        17,
        18,
        27,
        28,
        29,
        30
      ],
      "bbox2d": [
        [
          438,
          0,
          195,
          19
        ],
        [
          181,
          0,
          165,
          17
        ],
        [
          0,
          0,
          79,
          20
        ],
        [
          392,
          0,
          222,
          255
        ],
        [
          167,
          0,
          191,
          253
        ],
        [
          0,
          0,
          128,
          255
        ],
        [
          602,
          108,
          38,
          159
        ],
        [
          387,
          117,
          250,
          363
        ],
        [
          178,
          155,
          178,
          325
        ],
        [
          0,
          123,
          176,
          357
        ]
      ]
    }
  }
}