{
  "74a12d0675b54d6193ba63104a6a8e2e": {
    "562": {
      "name": "picture",
      "visible_pos": [
        6,
        7,
        8,
        18,
        19,
        20,
        30,
        31,
        32
      ],
      "bbox2d": [
        [
          427,
          0,
          184,
          46
        ],
        [
          170,
          0,
          160,
          39
        ],
        [
          0,
          0,
          61,
          45
        ],
        [
          409,
          0,
          173,
          276
        ],
        [
          186,
          0,
          150,
          271
        ],
        [
          0,
          0,
          101,
          276
        ],
        [
          407,
          146,
          202,
          334
        ],
        [
          169,
          178,
          169,
          302
        ],
        [
          0,
          146,
          156,
          334
        ]
      ]
    },
    "565": {
      "name": "picture",
      "visible_pos": [],
      "bbox2d": []
    },
    "584": {
      "name": "vent",
      "visible_pos": [
        2,
        3,
        4,
        5,
        15,
        16,
        17
      ],
      "bbox2d": [
        [
          520,
          221,
          120,
          259
        ],
        [
          358,
          182,
          219,
          298
        ],
        [
          177,
          188,
          181,
          266
        ],
        [
          0,
          220,
          204,
          260
        ],
        [
          389,
          409,
          228,
          71
        ],
        [
          164,
          415,
          199,
          65
        ],
        [
          0,
          454,
          134,
          26
        ]
      ]
    },
    "589": {
      "name": "picture",
      "visible_pos": [],
      "bbox2d": []
    }
  }
}