{
  "4f278b8e757046919bbf37269dd0d017": {
    "359": {
      "name": "dining#chair",
      "visible_pos": [
        0,
        1,
        2,
        10,
        11,
        12,
        13,
        14
      ],
      "bbox2d": [
        [
          213,
          150,
          361,
          239
        ],
        [
          0,
          137,
          339,
          255
        ],
        [
          0,
          153,
          166,
          319
        ],
        [
          603,
          312,
          35,
          48
        ],
        [
          396,
          222,
          244,
          237
        ],
        [
          399,
          373,
          188,
          107
        ],
        [
          175,
          360,
          165,
          120
        ],
        [
          0,
          376,
          105,
          104
        ]
      ]
    },
    "360": {
      "name": "dining#chair",
      "visible_pos": [
        0,
        1,
        10,
        11,
        12,
        22,
        23
      ],
      "bbox2d": [
        [
          9,
          152,
          357,
          235
        ],
        [
          0,
          269,
          178,
          207
        ],
        [
          454,
          141,
          186,
          306
        ],
        [
          261,
          132,
          312,
          245
        ],
        [
          0,
          376,
          210,
          104
        ],
        [
          486,
          364,
          154,
          116
        ],
        [
          260,
          354,
          173,
          126
        ]
      ]
    },
    "367": {
      "name": "chandelier",
      "visible_pos": [
        12,
        13,
        23,
        24,
        25,
        35
      ],
      "bbox2d": [
        [
          169,
          48,
          174,
          167
        ],
        [
          0,
          1,
          110,
          204
        ],
        [
          394,
          35,
          198,
          178
        ],
        [
          159,
          277,
          185,
          170
        ],
        [
          0,
          237,
          102,
          190
        ],
        [
          399,
          267,
          206,
          178
        ]
      ]
    },
    "378": {
      "name": "dining#chair",
      "visible_pos": [
        0,
        1,
        2,
        10,
        11,
        12,
        13,
        23
      ],
      "bbox2d": [
        [
          202,
          152,
          176,
          238
        ],
        [
          0,
          168,
          212,
          283
        ],
        [
          0,
          475,
          3,
          5
        ],
        [
          572,
          314,
          68,
          139
        ],
        [
          395,
          158,
          220,
          287
        ],
        [
          197,
          375,
          179,
          105
        ],
        [
          0,
          393,
          149,
          87
        ],
        [
          420,
          382,
          220,
          98
        ]
      ]
    },
    "372": {
      "name": "doorway",
      "visible_pos": [],
      "bbox2d": []
    }
  }
}