{
  "77b63a9f928e4dda898ab31c0569ec99": {
    "541": {
      "name": "picture",
      "visible_pos": [
        19,
        20,
        21,
        31,
        32,
        33
      ],
      "bbox2d": [
        [
          596,
          0,
          44,
          215
        ],
        [
          343,
          27,
          66,
          196
        ],
        [
          110,
          3,
          76,
          219
        ],
        [
          553,
          226,
          87,
          213
        ],
        [
          341,
          260,
          76,
          197
        ],
        [
          99,
          241,
          93,
          215
        ]
      ]
    },
    "542": {
      "name": "picture",
      "visible_pos": [
        7,
        8,
        9,
        19,
        20,
        21,
        31,
        32,
        33
      ],
      "bbox2d": [
        [
          525,
          0,
          94,
          10
        ],
        [
          262,
          0,
          74,
          9
        ],
        [
          5,
          0,
          60,
          10
        ],
        [
          497,
          0,
          85,
          247
        ],
        [
          269,
          1,
          67,
          246
        ],
        [
          7,
          0,
          94,
          248
        ],
        [
          472,
          224,
          147,
          256
        ],
        [
          262,
          240,
          75,
          240
        ],
        [
          0,
          202,
          121,
          278
        ]
      ]
    },
    "544": {
      "name": "vent",
      "visible_pos": [
        1,
        2,
        3,
        4,
        13,
        14,
        15,
        16
      ],
      "bbox2d": [
        [
          476,
          168,
          164,
          312
        ],
        [
          325,
          145,
          181,
          332
        ],
        [
          100,
          158,
          223,
          289
        ],
        [
          0,
          188,
          182,
          292
        ],
        [
          568,
          392,
          72,
          88
        ],
        [
          325,
          368,
          193,
          112
        ],
        [
          87,
          382,
          200,
          98
        ],
        [
          0,
          415,
          35,
          65
        ]
      ]
    }
  }
}