{
  "1e951fdbfd9d45bbaf935da945f5425c": {
    "400": {
      "name": "kitchen#counter",
      "visible_pos": [
        3,
        4,
        5,
        6,
        7,
        8,
        9,
        15,
        16,
        17,
        18,
        19,
        20,
        21
      ],
      "bbox2d": [
        [
          475,
          130,
          165,
          202
        ],
        [
          252,
          101,
          388,
          328
        ],
        [
          0,
          103,
          640,
          311
        ],
        [
          0,
          133,
          640,
          206
        ],
        [
          0,
          115,
          553,
          296
        ],
        [
          0,
          124,
          328,
          305
        ],
        [
          0,
          179,
          106,
          120
        ],
        [
          477,
          352,
          163,
          128
        ],
        [
          251,
          325,
          389,
          155
        ],
        [
          0,
          326,
          640,
          154
        ],
        [
          0,
          356,
          640,
          124
        ],
        [
          0,
          338,
          571,
          142
        ],
        [
          0,
          347,
          328,
          133
        ],
        [
          0,
          405,
          91,
          75
        ]
      ]
    },
    "410": {
      "name": "cooktop",
      "visible_pos": [
        0,
        1,
        2,
        3,
        12,
        13,
        14,
        15
      ],
      "bbox2d": [
        [
          462,
          197,
          178,
          183
        ],
        [
          261,
          140,
          334,
          187
        ],
        [
          32,
          131,
          328,
          219
        ],
        [
          0,
          158,
          149,
          256
        ],
        [
          479,
          426,
          161,
          54
        ],
        [
          254,
          363,
          365,
          117
        ],
        [
          12,
          354,
          349,
          126
        ],
        [
          0,
          382,
          132,
          98
        ]
      ]
    },
    "411": {
      "name": "range#hood",
      "visible_pos": [
        12,
        13,
        14,
        15,
        24,
        25,
        26,
        27,
        35
      ],
      "bbox2d": [
        [
          395,
          0,
          245,
          144
        ],
        [
          176,
          0,
          429,
          180
        ],
        [
          0,
          0,
          352,
          187
        ],
        [
          0,
          0,
          121,
          178
        ],
        [
          380,
          5,
          260,
          362
        ],
        [
          189,
          30,
          398,
          376
        ],
        [
          0,
          0,
          351,
          415
        ],
        [
          0,
          0,
          131,
          404
        ],
        [
          590,
          0,
          50,
          221
        ]
      ]
    },
    "420": {
      "name": "stool",
      "visible_pos": [],
      "bbox2d": []
    },
    "421": {
      "name": "kitchen#cabinet",
      "visible_pos": [
        0,
        1,
        2,
        3,
        11,
        14,
        15
      ],
      "bbox2d": [
        [
          413,
          319,
          227,
          161
        ],
        [
          267,
          245,
          296,
          235
        ],
        [
          75,
          212,
          282,
          268
        ],
        [
          0,
          229,
          187,
          251
        ],
        [
          613,
          440,
          27,
          40
        ],
        [
          311,
          444,
          41,
          36
        ],
        [
          107,
          466,
          14,
          14
        ]
      ]
    },
    "423": {
      "name": "kitchen#cabinet",
      "visible_pos": [
        0,
        1,
        2,
        10,
        11
      ],
      "bbox2d": [
        [
          111,
          296,
          321,
          184
        ],
        [
          0,
          296,
          275,
          184
        ],
        [
          0,
          355,
          120,
          125
        ],
        [
          421,
          289,
          219,
          191
        ],
        [
          287,
          265,
          353,
          215
        ]
      ]
    },
    "424": {
      "name": "sink",
      "visible_pos": [
        4,
        5,
        6,
        7,
        16,
        17,
        18,
        19
      ],
      "bbox2d": [
        [
          445,
          189,
          195,
          137
        ],
        [
          245,
          171,
          327,
          135
        ],
        [
          13,
          192,
          346,
          77
        ],
        [
          0,
          210,
          171,
          115
        ],
        [
          461,
          417,
          179,
          63
        ],
        [
          237,
          396,
          373,
          84
        ],
        [
          0,
          421,
          363,
          59
        ],
        [
          50,
          443,
          80,
          37
        ]
      ]
    },
    "425": {
      "name": "kitchen#cabinet",
      "visible_pos": [
        12,
        21,
        22,
        23,
        24,
        33,
        34,
        35
      ],
      "bbox2d": [
        [
          77,
          0,
          27,
          29
        ],
        [
          501,
          0,
          139,
          124
        ],
        [
          273,
          0,
          312,
          133
        ],
        [
          13,
          0,
          328,
          108
        ],
        [
          0,
          0,
          218,
          262
        ],
        [
          452,
          0,
          188,
          347
        ],
        [
          273,
          0,
          279,
          356
        ],
        [
          22,
          29,
          334,
          302
        ]
      ]
    },
    "426": {
      "name": "dishwasher",
      "visible_pos": [
        5,
        6,
        7,
        8,
        9,
        19,
        20
      ],
      "bbox2d": [
        [
          588,
          408,
          52,
          72
        ],
        [
          398,
          308,
          242,
          172
        ],
        [
          253,
          231,
          213,
          249
        ],
        [
          62,
          220,
          217,
          260
        ],
        [
          0,
          261,
          119,
          219
        ],
        [
          478,
          468,
          9,
          12
        ],
        [
          234,
          455,
          26,
          25
        ]
      ]
    },
    "428": {
      "name": "countertop",
      "visible_pos": [
        0,
        1,
        2,
        10,
        11,
        12,
        13,
        22,
        23
      ],
      "bbox2d": [
        [
          81,
          207,
          477,
          126
        ],
        [
          0,
          209,
          356,
          163
        ],
        [
          0,
          247,
          170,
          132
        ],
        [
          481,
          223,
          159,
          156
        ],
        [
          290,
          192,
          350,
          186
        ],
        [
          80,
          438,
          448,
          42
        ],
        [
          91,
          440,
          237,
          40
        ],
        [
          553,
          458,
          69,
          22
        ],
        [
          285,
          420,
          264,
          60
        ]
      ]
    },
    "431": {
      "name": "countertop",
      "visible_pos": [
        1,
        2,
        3,
        13,
        14,
        15
      ],
      "bbox2d": [
        [
          496,
          119,
          144,
          76
        ],
        [
          272,
          97,
          139,
          68
        ],
        [
          23,
          103,
          162,
          78
        ],
        [
          500,
          340,
          140,
          84
        ],
        [
          272,
          321,
          138,
          69
        ],
        [
          12,
          327,
          175,
          80
        ]
      ]
    },
    "434": {
      "name": "faucet",
      "visible_pos": [
        5,
        6,
        7,
        17,
        18,
        19
      ],
      "bbox2d": [
        [
          399,
          46,
          101,
          142
        ],
        [
          173,
          45,
          95,
          140
        ],
        [
          0,
          123,
          10,
          61
        ],
        [
          398,
          276,
          98,
          140
        ],
        [
          174,
          276,
          95,
          135
        ],
        [
          0,
          346,
          7,
          26
        ]
      ]
    },
    "435": {
      "name": "kitchen#cabinet",
      "visible_pos": [
        12,
        13,
        24,
        25,
        35
      ],
      "bbox2d": [
        [
          393,
          0,
          37,
          18
        ],
        [
          172,
          0,
          36,
          8
        ],
        [
          378,
          218,
          37,
          36
        ],
        [
          188,
          209,
          34,
          37
        ],
        [
          589,
          167,
          43,
          39
        ]
      ]
    },
    "537": {
      "name": "cabinet",
      "visible_pos": [
        9,
        10,
        11,
        21,
        22,
        23,
        33,
        34,
        35
      ],
      "bbox2d": [
        [
          615,
          18,
          25,
          94
        ],
        [
          350,
          0,
          16,
          94
        ],
        [
          91,
          0,
          29,
          102
        ],
        [
          498,
          125,
          142,
          210
        ],
        [
          270,
          134,
          107,
          184
        ],
        [
          8,
          108,
          142,
          218
        ],
        [
          497,
          348,
          143,
          101
        ],
        [
          270,
          356,
          109,
          124
        ],
        [
          14,
          331,
          129,
          149
        ]
      ]
    },
    "404": {
      "name": "refrigerator",
      "visible_pos": [],
      "bbox2d": []
    },
    "409": {
      "name": "kitchen#cabinet",
      "visible_pos": [],
      "bbox2d": []
    }
  }
}