{
  "1b48df86b7a149fa8e90161265def866": {
    "170": {
      "name": "bench",
      "visible_pos": [
        6,
        7,
        8,
        9,
        10,
        11
      ],
      "bbox2d": [
        [
          460,
          320,
          180,
          160
        ],
        [
          297,
          268,
          343,
          212
        ],
        [
          118,
          274,
          522,
          206
        ],
        [
          0,
          327,
          543,
          153
        ],
        [
          0,
          314,
          378,
          166
        ],
        [
          0,
          352,
          231,
          128
        ]
      ]
    },
    "174": {
      "name": "dining#table",
      "visible_pos": [
        6,
        7,
        8,
        9,
        10,
        11,
        18,
        19,
        20,
        21,
        22,
        23
      ],
      "bbox2d": [
        [
          556,
          210,
          84,
          149
        ],
        [
          338,
          143,
          302,
          265
        ],
        [
          126,
          133,
          514,
          282
        ],
        [
          0,
          150,
          606,
          263
        ],
        [
          0,
          146,
          385,
          273
        ],
        [
          0,
          179,
          196,
          223
        ],
        [
          588,
          441,
          52,
          39
        ],
        [
          340,
          366,
          300,
          114
        ],
        [
          106,
          356,
          534,
          124
        ],
        [
          0,
          373,
          602,
          107
        ],
        [
          0,
          370,
          395,
          110
        ],
        [
          0,
          413,
          168,
          67
        ]
      ]
    },
    "177": {
      "name": "chandelier",
      "visible_pos": [
        19,
        20,
        21,
        22,
        31,
        32,
        33,
        34
      ],
      "bbox2d": [
        [
          537,
          73,
          103,
          83
        ],
        [
          302,
          95,
          281,
          88
        ],
        [
          56,
          73,
          281,
          110
        ],
        [
          0,
          80,
          102,
          68
        ],
        [
          537,
          299,
          103,
          78
        ],
        [
          302,
          319,
          277,
          90
        ],
        [
          57,
          299,
          280,
          110
        ],
        [
          0,
          299,
          104,
          72
        ]
      ]
    }
  }
}