{
  "67ff5dc94eeb4675ba3a2074ee5ca22c": {
    "544": {
      "name": "vent",
      "visible_pos": [
        0,
        1,
        2,
        11,
        12,
        13
      ],
      "bbox2d": [
        [
          358,
          136,
          70,
          344
        ],
        [
          163,
          143,
          95,
          337
        ],
        [
          0,
          336,
          68,
          144
        ],
        [
          514,
          171,
          126,
          309
        ],
        [
          383,
          358,
          57,
          122
        ],
        [
          158,
          367,
          59,
          113
        ]
      ]
    },
    "542": {
      "name": "picture",
      "visible_pos": [],
      "bbox2d": []
    }
  }
}