{
  "6ee4b38dbc684eb3a7ccb7a4b2f36221": {
    "309": {
      "name": "side#table",
      "visible_pos": [
        2,
        3,
        4,
        5,
        6,
        15,
        16,
        17,
        18
      ],
      "bbox2d": [
        [
          588,
          258,
          52,
          167
        ],
        [
          379,
          186,
          261,
          237
        ],
        [
          187,
          165,
          337,
          183
        ],
        [
          0,
          174,
          323,
          210
        ],
        [
          0,
          220,
          126,
          237
        ],
        [
          390,
          413,
          250,
          67
        ],
        [
          168,
          390,
          384,
          90
        ],
        [
          0,
          400,
          323,
          80
        ],
        [
          0,
          454,
          69,
          26
        ]
      ]
    },
    "318": {
      "name": "decoration",
      "visible_pos": [
        3,
        4,
        5,
        15,
        16,
        17
      ],
      "bbox2d": [
        [
          467,
          93,
          97,
          143
        ],
        [
          252,
          86,
          78,
          129
        ],
        [
          0,
          103,
          116,
          144
        ],
        [
          477,
          317,
          97,
          157
        ],
        [
          252,
          310,
          79,
          138
        ],
        [
          0,
          327,
          94,
          153
        ]
      ]
    },
    "320": {
      "name": "pillow",
      "visible_pos": [
        6,
        7,
        8,
        18,
        19,
        20
      ],
      "bbox2d": [
        [
          502,
          207,
          126,
          123
        ],
        [
          301,
          183,
          95,
          97
        ],
        [
          94,
          203,
          110,
          92
        ],
        [
          543,
          438,
          97,
          42
        ],
        [
          299,
          409,
          106,
          71
        ],
        [
          65,
          433,
          117,
          47
        ]
      ]
    },
    "336": {
      "name": "decoration",
      "visible_pos": [
        4,
        5,
        6,
        16,
        17,
        18
      ],
      "bbox2d": [
        [
          425,
          163,
          66,
          54
        ],
        [
          214,
          157,
          61,
          53
        ],
        [
          0,
          188,
          41,
          67
        ],
        [
          431,
          387,
          70,
          63
        ],
        [
          208,
          381,
          65,
          61
        ],
        [
          0,
          415,
          12,
          38
        ]
      ]
    },
    "343": {
      "name": "decoration",
      "visible_pos": [
        3,
        4,
        5,
        6,
        16,
        17
      ],
      "bbox2d": [
        [
          623,
          289,
          17,
          25
        ],
        [
          398,
          179,
          86,
          95
        ],
        [
          205,
          173,
          83,
          92
        ],
        [
          0,
          213,
          79,
          105
        ],
        [
          409,
          405,
          92,
          75
        ],
        [
          190,
          399,
          93,
          81
        ]
      ]
    },
    "344": {
      "name": "decoration",
      "visible_pos": [
        3,
        4,
        5,
        15,
        16,
        17
      ],
      "bbox2d": [
        [
          558,
          134,
          82,
          102
        ],
        [
          334,
          113,
          102,
          89
        ],
        [
          100,
          118,
          116,
          98
        ],
        [
          579,
          356,
          61,
          118
        ],
        [
          334,
          336,
          101,
          95
        ],
        [
          98,
          341,
          115,
          108
        ]
      ]
    },
    "350": {
      "name": "decoration",
      "visible_pos": [],
      "bbox2d": []
    }
  }
}