{
  "7c9f57c094654e9a9cb27ae4a2f7fa0b": {
    "79": {
      "name": "pillow",
      "visible_pos": [
        0,
        1,
        11,
        12,
        13,
        23
      ],
      "bbox2d": [
        [
          277,
          125,
          109,
          179
        ],
        [
          79,
          136,
          110,
          214
        ],
        [
          457,
          148,
          170,
          180
        ],
        [
          286,
          348,
          108,
          132
        ],
        [
          63,
          359,
          107,
          121
        ],
        [
          531,
          371,
          109,
          109
        ]
      ]
    },
    "87": {
      "name": "pillow",
      "visible_pos": [
        0,
        1,
        11,
        12,
        13,
        23
      ],
      "bbox2d": [
        [
          348,
          95,
          30,
          38
        ],
        [
          113,
          103,
          39,
          38
        ],
        [
          597,
          113,
          43,
          48
        ],
        [
          347,
          319,
          30,
          36
        ],
        [
          115,
          326,
          36,
          37
        ],
        [
          598,
          336,
          42,
          47
        ]
      ]
    },
    "93": {
      "name": "pillow",
      "visible_pos": [
        0,
        1,
        2,
        11,
        12,
        13,
        14,
        23
      ],
      "bbox2d": [
        [
          348,
          118,
          151,
          150
        ],
        [
          118,
          128,
          183,
          157
        ],
        [
          0,
          190,
          97,
          144
        ],
        [
          545,
          140,
          95,
          191
        ],
        [
          349,
          341,
          167,
          139
        ],
        [
          117,
          351,
          182,
          129
        ],
        [
          0,
          437,
          21,
          43
        ],
        [
          601,
          363,
          39,
          67
        ]
      ]
    },
    "96": {
      "name": "pillow",
      "visible_pos": [
        0,
        1,
        11,
        12,
        13,
        23
      ],
      "bbox2d": [
        [
          249,
          78,
          112,
          184
        ],
        [
          25,
          87,
          103,
          227
        ],
        [
          439,
          90,
          180,
          184
        ],
        [
          238,
          303,
          123,
          177
        ],
        [
          0,
          312,
          130,
          168
        ],
        [
          464,
          315,
          153,
          165
        ]
      ]
    },
    "103": {
      "name": "pillow",
      "visible_pos": [
        0,
        1,
        2,
        11
      ],
      "bbox2d": [
        [
          320,
          260,
          157,
          38
        ],
        [
          135,
          250,
          154,
          73
        ],
        [
          0,
          291,
          93,
          79
        ],
        [
          504,
          300,
          136,
          69
        ]
      ]
    },
    "75": {
      "name": "bed",
      "visible_pos": [],
      "bbox2d": []
    },
    "81": {
      "name": "dresser",
      "visible_pos": [],
      "bbox2d": []
    }
  }
}