{
  "550d66ef28114bef8525d3a2d6db9cd2": {
    "318": {
      "name": "decoration",
      "visible_pos": [
        9,
        10,
        11,
        21,
        22,
        23
      ],
      "bbox2d": [
        [
          542,
          91,
          98,
          124
        ],
        [
          318,
          76,
          66,
          109
        ],
        [
          82,
          83,
          81,
          119
        ],
        [
          558,
          315,
          82,
          133
        ],
        [
          318,
          302,
          65,
          109
        ],
        [
          78,
          308,
          80,
          124
        ]
      ]
    },
    "322": {
      "name": "pillow",
      "visible_pos": [
        0,
        1,
        2,
        3,
        12,
        13,
        14
      ],
      "bbox2d": [
        [
          453,
          211,
          187,
          190
        ],
        [
          255,
          176,
          176,
          184
        ],
        [
          25,
          179,
          227,
          216
        ],
        [
          0,
          305,
          49,
          139
        ],
        [
          472,
          442,
          168,
          38
        ],
        [
          248,
          401,
          188,
          79
        ],
        [
          0,
          405,
          214,
          75
        ]
      ]
    },
    "326": {
      "name": "decoration",
      "visible_pos": [
        5,
        6,
        7,
        8,
        18,
        19
      ],
      "bbox2d": [
        [
          494,
          313,
          146,
          167
        ],
        [
          316,
          233,
          192,
          154
        ],
        [
          135,
          224,
          191,
          145
        ],
        [
          0,
          267,
          146,
          184
        ],
        [
          464,
          470,
          19,
          10
        ],
        [
          240,
          459,
          16,
          16
        ]
      ]
    },
    "328": {
      "name": "pillow",
      "visible_pos": [
        0,
        9,
        10,
        11,
        12,
        22,
        23
      ],
      "bbox2d": [
        [
          0,
          216,
          132,
          219
        ],
        [
          533,
          227,
          107,
          235
        ],
        [
          346,
          182,
          201,
          186
        ],
        [
          165,
          187,
          168,
          173
        ],
        [
          25,
          449,
          73,
          31
        ],
        [
          384,
          409,
          195,
          71
        ],
        [
          161,
          414,
          173,
          66
        ]
      ]
    },
    "329": {
      "name": "pillow",
      "visible_pos": [
        0,
        1,
        2,
        11
      ],
      "bbox2d": [
        [
          300,
          252,
          185,
          176
        ],
        [
          111,
          240,
          207,
          200
        ],
        [
          0,
          282,
          156,
          198
        ],
        [
          482,
          289,
          158,
          191
        ]
      ]
    },
    "331": {
      "name": "pillow",
      "visible_pos": [
        0,
        1,
        9,
        10,
        11
      ],
      "bbox2d": [
        [
          74,
          269,
          162,
          160
        ],
        [
          0,
          336,
          22,
          144
        ],
        [
          599,
          445,
          41,
          35
        ],
        [
          413,
          269,
          226,
          179
        ],
        [
          254,
          241,
          165,
          161
        ]
      ]
    },
    "335": {
      "name": "coffee#table",
      "visible_pos": [
        4,
        5,
        6,
        7,
        8,
        9,
        19
      ],
      "bbox2d": [
        [
          347,
          303,
          293,
          177
        ],
        [
          220,
          248,
          420,
          232
        ],
        [
          109,
          250,
          525,
          230
        ],
        [
          0,
          235,
          484,
          245
        ],
        [
          0,
          273,
          336,
          207
        ],
        [
          0,
          415,
          201,
          65
        ],
        [
          257,
          473,
          27,
          7
        ]
      ]
    },
    "338": {
      "name": "pillow",
      "visible_pos": [
        0,
        1,
        10,
        11,
        12,
        13,
        23
      ],
      "bbox2d": [
        [
          189,
          205,
          209,
          83
        ],
        [
          0,
          223,
          205,
          123
        ],
        [
          581,
          279,
          59,
          72
        ],
        [
          375,
          206,
          252,
          118
        ],
        [
          190,
          436,
          218,
          44
        ],
        [
          96,
          458,
          88,
          22
        ],
        [
          412,
          436,
          134,
          44
        ]
      ]
    },
    "339": {
      "name": "pillow",
      "visible_pos": [
        0,
        1,
        2,
        10,
        11
      ],
      "bbox2d": [
        [
          190,
          276,
          193,
          194
        ],
        [
          0,
          305,
          236,
          175
        ],
        [
          0,
          412,
          21,
          68
        ],
        [
          482,
          338,
          158,
          142
        ],
        [
          336,
          278,
          239,
          202
        ]
      ]
    },
    "342": {
      "name": "decoration",
      "visible_pos": [
        4,
        5,
        6,
        7
      ],
      "bbox2d": [
        [
          463,
          430,
          159,
          50
        ],
        [
          318,
          360,
          179,
          120
        ],
        [
          168,
          360,
          176,
          120
        ],
        [
          27,
          418,
          169,
          62
        ]
      ]
    },
    "344": {
      "name": "decoration",
      "visible_pos": [
        9,
        10,
        11,
        21,
        22,
        23
      ],
      "bbox2d": [
        [
          426,
          119,
          122,
          102
        ],
        [
          220,
          116,
          94,
          87
        ],
        [
          0,
          136,
          91,
          109
        ],
        [
          435,
          342,
          117,
          114
        ],
        [
          211,
          339,
          103,
          94
        ],
        [
          0,
          359,
          72,
          119
        ]
      ]
    },
    "350": {
      "name": "decoration",
      "visible_pos": [
        9,
        10,
        11,
        21,
        22,
        23
      ],
      "bbox2d": [
        [
          566,
          202,
          56,
          46
        ],
        [
          345,
          174,
          42,
          31
        ],
        [
          130,
          188,
          53,
          30
        ],
        [
          596,
          433,
          44,
          47
        ],
        [
          346,
          400,
          48,
          36
        ],
        [
          114,
          415,
          55,
          36
        ]
      ]
    },
    "307": {
      "name": "ceiling#fan",
      "visible_pos": [],
      "bbox2d": []
    },
    "323": {
      "name": "couch",
      "visible_pos": [],
      "bbox2d": []
    },
    "355": {
      "name": "rug",
      "visible_pos": [],
      "bbox2d": []
    }
  }
}