{
  "10eeb0fa152e4f9a89dbe53f32b43a86": {
    "452": {
      "name": "pillow",
      "visible_pos": [
        1,
        2,
        3,
        13,
        14,
        15
      ],
      "bbox2d": [
        [
          484,
          128,
          156,
          157
        ],
        [
          266,
          98,
          144,
          142
        ],
        [
          19,
          102,
          176,
          159
        ],
        [
          491,
          351,
          149,
          129
        ],
        [
          264,
          322,
          143,
          158
        ],
        [
          0,
          325,
          183,
          155
        ]
      ]
    },
    "459": {
      "name": "pillow",
      "visible_pos": [
        1,
        2,
        3,
        4,
        13,
        14,
        15,
        16
      ],
      "bbox2d": [
        [
          588,
          132,
          52,
          152
        ],
        [
          343,
          102,
          134,
          139
        ],
        [
          113,
          104,
          156,
          134
        ],
        [
          0,
          198,
          38,
          96
        ],
        [
          593,
          355,
          47,
          57
        ],
        [
          344,
          326,
          148,
          154
        ],
        [
          111,
          328,
          154,
          149
        ],
        [
          0,
          461,
          1,
          2
        ]
      ]
    },
    "461": {
      "name": "nightstand",
      "visible_pos": [
        0,
        1,
        2,
        3,
        11,
        13
      ],
      "bbox2d": [
        [
          332,
          254,
          308,
          226
        ],
        [
          152,
          222,
          315,
          258
        ],
        [
          0,
          240,
          292,
          240
        ],
        [
          0,
          322,
          140,
          158
        ],
        [
          475,
          298,
          165,
          182
        ],
        [
          293,
          457,
          102,
          23
        ]
      ]
    },
    "465": {
      "name": "mirror",
      "visible_pos": [
        6,
        7,
        8,
        18,
        19,
        20,
        30,
        31,
        32
      ],
      "bbox2d": [
        [
          471,
          0,
          161,
          194
        ],
        [
          241,
          0,
          113,
          167
        ],
        [
          0,
          0,
          131,
          183
        ],
        [
          468,
          72,
          138,
          350
        ],
        [
          244,
          100,
          109,
          291
        ],
        [
          0,
          83,
          122,
          326
        ],
        [
          476,
          298,
          164,
          182
        ],
        [
          241,
          324,
          115,
          156
        ],
        [
          0,
          308,
          125,
          172
        ]
      ]
    },
    "473": {
      "name": "pillow",
      "visible_pos": [
        1,
        2,
        3,
        13,
        14,
        15
      ],
      "bbox2d": [
        [
          445,
          82,
          186,
          156
        ],
        [
          226,
          70,
          144,
          152
        ],
        [
          0,
          75,
          137,
          189
        ],
        [
          448,
          307,
          181,
          171
        ],
        [
          225,
          295,
          144,
          162
        ],
        [
          0,
          303,
          141,
          177
        ]
      ]
    },
    "446": {
      "name": "window",
      "visible_pos": [],
      "bbox2d": []
    },
    "455": {
      "name": "table#lamp",
      "visible_pos": [],
      "bbox2d": []
    },
    "460": {
      "name": "window",
      "visible_pos": [],
      "bbox2d": []
    }
  }
}