{
  "bf249d0d4e364c85bcd322f564abc705": {
    "157": {
      "name": "screen",
      "visible_pos": [
        13,
        14,
        15,
        16,
        17,
        24,
        25,
        26,
        27,
        28,
        29,
        30
      ],
      "bbox2d": [
        [
          456,
          0,
          184,
          219
        ],
        [
          233,
          0,
          407,
          220
        ],
        [
          0,
          0,
          640,
          214
        ],
        [
          0,
          0,
          468,
          221
        ],
        [
          0,
          0,
          244,
          222
        ],
        [
          621,
          13,
          19,
          71
        ],
        [
          422,
          0,
          218,
          453
        ],
        [
          224,
          0,
          416,
          454
        ],
        [
          0,
          74,
          640,
          372
        ],
        [
          0,
          0,
          485,
          456
        ],
        [
          0,
          0,
          260,
          456
        ],
        [
          0,
          28,
          62,
          239
        ]
      ]
    },
    "161": {
      "name": "sofa#chair",
      "visible_pos": [
        7,
        8,
        9,
        10,
        11,
        19,
        20,
        21,
        22,
        23,
        32,
        33,
        34,
        35
      ],
      "bbox2d": [
        [
          452,
          44,
          188,
          313
        ],
        [
          249,
          0,
          391,
          346
        ],
        [
          0,
          0,
          640,
          286
        ],
        [
          0,
          0,
          424,
          349
        ],
        [
          0,
          0,
          212,
          351
        ],
        [
          473,
          226,
          167,
          254
        ],
        [
          248,
          219,
          392,
          261
        ],
        [
          0,
          221,
          640,
          259
        ],
        [
          0,
          220,
          424,
          260
        ],
        [
          0,
          220,
          201,
          260
        ],
        [
          365,
          453,
          275,
          27
        ],
        [
          100,
          455,
          474,
          25
        ],
        [
          0,
          454,
          302,
          26
        ],
        [
          0,
          456,
          21,
          24
        ]
      ]
    },
    "165": {
      "name": "step",
      "visible_pos": [
        5,
        6,
        7,
        8,
        9,
        18,
        19,
        20
      ],
      "bbox2d": [
        [
          578,
          313,
          62,
          167
        ],
        [
          378,
          218,
          262,
          187
        ],
        [
          192,
          202,
          319,
          190
        ],
        [
          0,
          234,
          340,
          225
        ],
        [
          0,
          369,
          176,
          87
        ],
        [
          460,
          452,
          81,
          28
        ],
        [
          229,
          432,
          106,
          48
        ],
        [
          29,
          472,
          18,
          8
        ]
      ]
    }
  }
}