{
  "c2af9032cf534313842c59dc39bba4da": {
    "590": {
      "name": "bathtub",
      "visible_pos": [
        0,
        6,
        7,
        8,
        9,
        10,
        11,
        19,
        20,
        21,
        22,
        23
      ],
      "bbox2d": [
        [
          0,
          334,
          111,
          146
        ],
        [
          459,
          281,
          181,
          199
        ],
        [
          290,
          184,
          350,
          296
        ],
        [
          92,
          164,
          548,
          316
        ],
        [
          0,
          141,
          640,
          339
        ],
        [
          0,
          137,
          442,
          343
        ],
        [
          0,
          186,
          272,
          294
        ],
        [
          373,
          411,
          267,
          69
        ],
        [
          174,
          388,
          466,
          92
        ],
        [
          0,
          364,
          577,
          116
        ],
        [
          0,
          360,
          370,
          120
        ],
        [
          0,
          421,
          107,
          59
        ]
      ]
    },
    "614": {
      "name": "sink",
      "visible_pos": [
        1,
        2,
        3,
        4,
        5
      ],
      "bbox2d": [
        [
          486,
          366,
          154,
          114
        ],
        [
          334,
          304,
          306,
          176
        ],
        [
          184,
          305,
          302,
          147
        ],
        [
          7,
          299,
          323,
          181
        ],
        [
          0,
          353,
          178,
          127
        ]
      ]
    },
    "603": {
      "name": "bath#cabinet",
      "visible_pos": [],
      "bbox2d": []
    },
    "606": {
      "name": "window",
      "visible_pos": [],
      "bbox2d": []
    },
    "617": {
      "name": "mat",
      "visible_pos": [],
      "bbox2d": []
    }
  }
}