{
  "0608309a14594ef9ac53c26b9e03a1ae": {
    "66": {
      "name": "pot",
      "visible_pos": [
        1,
        2,
        3,
        4
      ],
      "bbox2d": [
        [
          504,
          326,
          109,
          142
        ],
        [
          340,
          281,
          69,
          113
        ],
        [
          168,
          294,
          78,
          106
        ],
        [
          0,
          380,
          76,
          100
        ]
      ]
    },
    "69": {
      "name": "picture",
      "visible_pos": [
        0,
        11,
        12,
        23,
        24,
        35
      ],
      "bbox2d": [
        [
          154,
          0,
          78,
          167
        ],
        [
          396,
          0,
          84,
          162
        ],
        [
          175,
          94,
          61,
          298
        ],
        [
          399,
          98,
          60,
          288
        ],
        [
          154,
          317,
          79,
          163
        ],
        [
          398,
          323,
          82,
          157
        ]
      ]
    },
    "76": {
      "name": "plant",
      "visible_pos": [
        1,
        2,
        3,
        13,
        14,
        15
      ],
      "bbox2d": [
        [
          489,
          233,
          138,
          123
        ],
        [
          302,
          195,
          95,
          105
        ],
        [
          109,
          204,
          106,
          109
        ],
        [
          582,
          471,
          54,
          9
        ],
        [
          321,
          424,
          86,
          56
        ],
        [
          91,
          434,
          91,
          46
        ]
      ]
    },
    "55": {
      "name": "picture",
      "visible_pos": [],
      "bbox2d": []
    }
  }
}