{
  "290cf108dddc4095927677d0d56b7a7a": {
    "455": {
      "name": "chair",
      "visible_pos": [
        0,
        1,
        11,
        12,
        13,
        23
      ],
      "bbox2d": [
        [
          264,
          217,
          134,
          57
        ],
        [
          49,
          225,
          164,
          96
        ],
        [
          449,
          236,
          177,
          92
        ],
        [
          260,
          450,
          149,
          30
        ],
        [
          95,
          460,
          90,
          20
        ],
        [
          486,
          475,
          42,
          5
        ]
      ]
    },
    "456": {
      "name": "desk",
      "visible_pos": [
        0,
        1,
        2,
        3,
        9,
        10,
        11,
        13,
        23
      ],
      "bbox2d": [
        [
          0,
          270,
          640,
          210
        ],
        [
          0,
          232,
          535,
          248
        ],
        [
          0,
          243,
          350,
          237
        ],
        [
          0,
          320,
          189,
          160
        ],
        [
          484,
          355,
          156,
          125
        ],
        [
          318,
          260,
          322,
          220
        ],
        [
          144,
          240,
          496,
          240
        ],
        [
          340,
          469,
          58,
          11
        ],
        [
          297,
          479,
          5,
          1
        ]
      ]
    },
    "461": {
      "name": "ottoman",
      "visible_pos": [
        7,
        8,
        9,
        10
      ],
      "bbox2d": [
        [
          480,
          367,
          160,
          113
        ],
        [
          323,
          315,
          127,
          134
        ],
        [
          162,
          323,
          132,
          131
        ],
        [
          0,
          388,
          139,
          92
        ]
      ]
    },
    "474": {
      "name": "book",
      "visible_pos": [
        0,
        1,
        2,
        10,
        11
      ],
      "bbox2d": [
        [
          222,
          271,
          228,
          85
        ],
        [
          21,
          271,
          261,
          153
        ],
        [
          0,
          332,
          103,
          124
        ],
        [
          574,
          358,
          66,
          95
        ],
        [
          388,
          281,
          252,
          165
        ]
      ]
    },
    "475": {
      "name": "rug",
      "visible_pos": [
        0,
        1,
        2,
        3,
        4,
        5,
        7,
        8,
        9,
        10,
        11
      ],
      "bbox2d": [
        [
          621,
          342,
          1,
          1
        ],
        [
          349,
          264,
          291,
          216
        ],
        [
          238,
          259,
          339,
          221
        ],
        [
          23,
          290,
          510,
          190
        ],
        [
          0,
          322,
          421,
          158
        ],
        [
          0,
          394,
          296,
          86
        ],
        [
          323,
          357,
          224,
          123
        ],
        [
          219,
          312,
          421,
          168
        ],
        [
          104,
          329,
          421,
          151
        ],
        [
          107,
          316,
          299,
          164
        ],
        [
          0,
          338,
          290,
          142
        ]
      ]
    }
  }
}