{
  "9568123de77d4e68bfba11f34b83ac7a": {
    "259": {
      "name": "bathtub",
      "visible_pos": [
        0,
        1,
        2,
        9,
        10,
        11,
        12,
        13,
        22,
        23
      ],
      "bbox2d": [
        [
          0,
          215,
          536,
          265
        ],
        [
          0,
          209,
          418,
          271
        ],
        [
          0,
          255,
          292,
          225
        ],
        [
          494,
          267,
          146,
          213
        ],
        [
          323,
          232,
          317,
          248
        ],
        [
          132,
          207,
          508,
          273
        ],
        [
          65,
          447,
          412,
          33
        ],
        [
          122,
          440,
          136,
          40
        ],
        [
          332,
          470,
          251,
          10
        ],
        [
          307,
          438,
          211,
          42
        ]
      ]
    },
    "270": {
      "name": "towel",
      "visible_pos": [
        0,
        1,
        2
      ],
      "bbox2d": [
        [
          445,
          441,
          54,
          39
        ],
        [
          301,
          408,
          73,
          72
        ],
        [
          152,
          439,
          89,
          41
        ]
      ]
    },
    "272": {
      "name": "bucket",
      "visible_pos": [
        0,
        1,
        2
      ],
      "bbox2d": [
        [
          362,
          410,
          162,
          70
        ],
        [
          231,
          385,
          155,
          95
        ],
        [
          94,
          416,
          160,
          64
        ]
      ]
    },
    "282": {
      "name": "vent",
      "visible_pos": [
        32,
        33,
        34
      ],
      "bbox2d": [
        [
          427,
          0,
          90,
          54
        ],
        [
          284,
          0,
          93,
          79
        ],
        [
          145,
          0,
          103,
          60
        ]
      ]
    },
    "283": {
      "name": "towel",
      "visible_pos": [
        0,
        1,
        2
      ],
      "bbox2d": [
        [
          378,
          425,
          75,
          55
        ],
        [
          245,
          414,
          72,
          66
        ],
        [
          112,
          468,
          56,
          12
        ]
      ]
    },
    "284": {
      "name": "light#switch",
      "visible_pos": [
        3,
        4,
        5,
        6,
        16,
        17
      ],
      "bbox2d": [
        [
          617,
          287,
          23,
          21
        ],
        [
          393,
          167,
          78,
          85
        ],
        [
          199,
          161,
          59,
          91
        ],
        [
          0,
          196,
          30,
          117
        ],
        [
          404,
          392,
          76,
          88
        ],
        [
          189,
          385,
          65,
          95
        ]
      ]
    },
    "262": {
      "name": "window#frame",
      "visible_pos": [],
      "bbox2d": []
    }
  }
}