{
  "cb09a0f41b7746549d36806cf79f77a2": {
    "425": {
      "name": "decoration",
      "visible_pos": [
        0,
        1,
        11
      ],
      "bbox2d": [
        [
          218,
          393,
          216,
          87
        ],
        [
          111,
          415,
          205,
          65
        ],
        [
          329,
          413,
          202,
          67
        ]
      ]
    },
    "435": {
      "name": "pillow",
      "visible_pos": [
        1,
        2,
        3,
        4
      ],
      "bbox2d": [
        [
          436,
          357,
          181,
          122
        ],
        [
          287,
          305,
          126,
          119
        ],
        [
          133,
          306,
          112,
          151
        ],
        [
          0,
          375,
          61,
          105
        ]
      ]
    },
    "438": {
      "name": "pillow",
      "visible_pos": [
        0,
        1,
        2,
        3
      ],
      "bbox2d": [
        [
          541,
          391,
          99,
          89
        ],
        [
          368,
          293,
          200,
          130
        ],
        [
          206,
          272,
          165,
          129
        ],
        [
          10,
          289,
          188,
          178
        ]
      ]
    },
    "441": {
      "name": "pillow",
      "visible_pos": [
        1,
        2,
        3,
        4,
        15
      ],
      "bbox2d": [
        [
          620,
          328,
          20,
          64
        ],
        [
          405,
          243,
          52,
          70
        ],
        [
          220,
          235,
          47,
          72
        ],
        [
          0,
          283,
          57,
          86
        ],
        [
          230,
          474,
          20,
          6
        ]
      ]
    },
    "442": {
      "name": "pillow",
      "visible_pos": [
        1,
        2,
        3,
        4,
        14,
        15
      ],
      "bbox2d": [
        [
          616,
          331,
          24,
          17
        ],
        [
          401,
          222,
          63,
          60
        ],
        [
          217,
          216,
          50,
          66
        ],
        [
          0,
          262,
          49,
          87
        ],
        [
          447,
          456,
          39,
          24
        ],
        [
          217,
          449,
          43,
          31
        ]
      ]
    }
  }
}