{
  "ff0c027e9f0a4cd784e4851736c397a4": {
    "307": {
      "name": "painting",
      "visible_pos": [
        0,
        1,
        2,
        11,
        12,
        13,
        14,
        23,
        24,
        25,
        26,
        35
      ],
      "bbox2d": [
        [
          285,
          0,
          286,
          218
        ],
        [
          0,
          0,
          306,
          252
        ],
        [
          0,
          0,
          80,
          247
        ],
        [
          488,
          0,
          152,
          251
        ],
        [
          282,
          27,
          260,
          425
        ],
        [
          30,
          0,
          276,
          480
        ],
        [
          0,
          0,
          61,
          464
        ],
        [
          512,
          0,
          128,
          480
        ],
        [
          283,
          261,
          288,
          219
        ],
        [
          0,
          227,
          305,
          253
        ],
        [
          0,
          217,
          83,
          263
        ],
        [
          487,
          214,
          153,
          266
        ]
      ]
    }
  }
}