{
  "11fae969386e4e4fa6ed73ac9f20cd1d": {
    "1289": {
      "name": "picture",
      "visible_pos": [
        3,
        4,
        5,
        15,
        16,
        17,
        27,
        28,
        29
      ],
      "bbox2d": [
        [
          608,
          0,
          32,
          41
        ],
        [
          331,
          0,
          46,
          40
        ],
        [
          57,
          0,
          65,
          44
        ],
        [
          572,
          86,
          58,
          193
        ],
        [
          329,
          115,
          40,
          158
        ],
        [
          91,
          106,
          50,
          169
        ],
        [
          573,
          311,
          67,
          169
        ],
        [
          329,
          339,
          48,
          141
        ],
        [
          57,
          328,
          87,
          152
        ]
      ]
    },
    "1290": {
      "name": "picture",
      "visible_pos": [
        1,
        2,
        3,
        13,
        14,
        15,
        25,
        26,
        27
      ],
      "bbox2d": [
        [
          587,
          0,
          24,
          25
        ],
        [
          318,
          0,
          13,
          22
        ],
        [
          40,
          0,
          19,
          25
        ],
        [
          557,
          123,
          15,
          136
        ],
        [
          318,
          139,
          11,
          118
        ],
        [
          77,
          123,
          15,
          136
        ],
        [
          560,
          345,
          43,
          135
        ],
        [
          318,
          361,
          10,
          119
        ],
        [
          40,
          346,
          48,
          134
        ]
      ]
    }
  }
}