{
  "61c6596ffc2a4d788d93acf6541c7d95": {
    "211": {
      "name": "power#breaker#box",
      "visible_pos": [
        0,
        1,
        11,
        12,
        13,
        23,
        24,
        25,
        35
      ],
      "bbox2d": [
        [
          245,
          0,
          62,
          50
        ],
        [
          0,
          0,
          37,
          59
        ],
        [
          501,
          0,
          79,
          55
        ],
        [
          255,
          78,
          55,
          201
        ],
        [
          0,
          39,
          67,
          248
        ],
        [
          480,
          62,
          67,
          222
        ],
        [
          245,
          304,
          65,
          176
        ],
        [
          0,
          267,
          77,
          213
        ],
        [
          473,
          289,
          107,
          191
        ]
      ]
    },
    "220": {
      "name": "trash#can",
      "visible_pos": [
        3,
        4,
        5
      ],
      "bbox2d": [
        [
          383,
          460,
          102,
          20
        ],
        [
          251,
          432,
          128,
          48
        ],
        [
          161,
          457,
          86,
          23
        ]
      ]
    },
    "226": {
      "name": "trash#can",
      "visible_pos": [
        4
      ],
      "bbox2d": [
        [
          374,
          479,
          2,
          1
        ]
      ]
    },
    "235": {
      "name": "switch",
      "visible_pos": [
        0,
        1,
        11,
        12,
        13,
        23
      ],
      "bbox2d": [
        [
          264,
          53,
          33,
          65
        ],
        [
          5,
          62,
          28,
          82
        ],
        [
          491,
          58,
          56,
          68
        ],
        [
          264,
          282,
          34,
          60
        ],
        [
          0,
          290,
          50,
          76
        ],
        [
          491,
          286,
          41,
          63
        ]
      ]
    },
    "199": {
      "name": "electric#wire#casing",
      "visible_pos": [],
      "bbox2d": []
    }
  }
}