{
  "df3ac1cd80ac4b4f87cb58a6a5ec4bd3": {
    "639": {
      "name": "cabinet",
      "visible_pos": [
        13,
        14,
        15,
        25,
        26,
        27
      ],
      "bbox2d": [
        [
          453,
          0,
          187,
          217
        ],
        [
          230,
          0,
          173,
          223
        ],
        [
          0,
          0,
          179,
          222
        ],
        [
          428,
          87,
          212,
          362
        ],
        [
          226,
          133,
          187,
          325
        ],
        [
          0,
          112,
          191,
          345
        ]
      ]
    },
    "640": {
      "name": "toilet",
      "visible_pos": [
        8,
        9,
        10,
        11,
        20,
        21,
        22
      ],
      "bbox2d": [
        [
          445,
          224,
          195,
          256
        ],
        [
          290,
          199,
          149,
          281
        ],
        [
          78,
          202,
          215,
          278
        ],
        [
          0,
          268,
          146,
          212
        ],
        [
          518,
          459,
          122,
          21
        ],
        [
          285,
          429,
          171,
          51
        ],
        [
          44,
          432,
          189,
          48
        ]
      ]
    },
    "641": {
      "name": "bidet",
      "visible_pos": [
        2,
        3
      ],
      "bbox2d": [
        [
          328,
          446,
          16,
          34
        ],
        [
          202,
          467,
          6,
          13
        ]
      ]
    },
    "643": {
      "name": "shelves",
      "visible_pos": [
        6,
        7,
        8,
        9,
        19,
        20,
        21
      ],
      "bbox2d": [
        [
          568,
          340,
          72,
          140
        ],
        [
          390,
          180,
          219,
          300
        ],
        [
          227,
          159,
          144,
          318
        ],
        [
          0,
          177,
          195,
          303
        ],
        [
          441,
          406,
          197,
          74
        ],
        [
          218,
          382,
          157,
          98
        ],
        [
          12,
          403,
          135,
          77
        ]
      ]
    },
    "644": {
      "name": "toilet#paper",
      "visible_pos": [
        0,
        9,
        10,
        11
      ],
      "bbox2d": [
        [
          20,
          347,
          85,
          71
        ],
        [
          583,
          364,
          57,
          90
        ],
        [
          392,
          291,
          64,
          72
        ],
        [
          223,
          287,
          62,
          68
        ]
      ]
    },
    "645": {
      "name": "vent",
      "visible_pos": [
        32,
        33,
        34
      ],
      "bbox2d": [
        [
          451,
          0,
          96,
          48
        ],
        [
          307,
          34,
          78,
          52
        ],
        [
          160,
          2,
          84,
          73
        ]
      ]
    },
    "646": {
      "name": "picture",
      "visible_pos": [
        8,
        9,
        10,
        20,
        21,
        22,
        32,
        33,
        34
      ],
      "bbox2d": [
        [
          561,
          0,
          79,
          33
        ],
        [
          296,
          0,
          142,
          30
        ],
        [
          10,
          0,
          174,
          31
        ],
        [
          523,
          73,
          117,
          192
        ],
        [
          291,
          105,
          141,
          157
        ],
        [
          40,
          84,
          169,
          180
        ],
        [
          525,
          299,
          115,
          181
        ],
        [
          289,
          328,
          155,
          152
        ],
        [
          10,
          309,
          191,
          171
        ]
      ]
    },
    "647": {
      "name": "toilet#bowl#brush#holder",
      "visible_pos": [
        9,
        10,
        11
      ],
      "bbox2d": [
        [
          478,
          324,
          46,
          65
        ],
        [
          310,
          293,
          32,
          60
        ],
        [
          130,
          318,
          46,
          66
        ]
      ]
    },
    "642": {
      "name": "skylight",
      "visible_pos": [],
      "bbox2d": []
    }
  }
}