{
  "88fe76c2969d431caf5d60ff7aa5467a": {
    "548": {
      "name": "table",
      "visible_pos": [
        0,
        1,
        2,
        3,
        4,
        5,
        6,
        13,
        14,
        15,
        16,
        17
      ],
      "bbox2d": [
        [
          576,
          199,
          64,
          165
        ],
        [
          376,
          120,
          264,
          182
        ],
        [
          163,
          113,
          477,
          226
        ],
        [
          0,
          135,
          640,
          267
        ],
        [
          0,
          133,
          452,
          201
        ],
        [
          0,
          161,
          250,
          187
        ],
        [
          0,
          227,
          57,
          175
        ],
        [
          379,
          343,
          261,
          137
        ],
        [
          153,
          336,
          487,
          144
        ],
        [
          0,
          358,
          509,
          122
        ],
        [
          0,
          356,
          462,
          124
        ],
        [
          9,
          385,
          230,
          95
        ]
      ]
    },
    "553": {
      "name": "swivel#chair",
      "visible_pos": [
        2,
        3,
        4,
        5,
        6,
        15,
        16,
        17
      ],
      "bbox2d": [
        [
          522,
          294,
          118,
          186
        ],
        [
          360,
          145,
          280,
          335
        ],
        [
          169,
          107,
          260,
          342
        ],
        [
          0,
          109,
          227,
          371
        ],
        [
          0,
          434,
          41,
          46
        ],
        [
          422,
          369,
          218,
          111
        ],
        [
          200,
          330,
          228,
          150
        ],
        [
          0,
          332,
          206,
          148
        ]
      ]
    },
    "562": {
      "name": "picture",
      "visible_pos": [
        12,
        13,
        23,
        24,
        25,
        35
      ],
      "bbox2d": [
        [
          232,
          110,
          46,
          120
        ],
        [
          0,
          90,
          21,
          135
        ],
        [
          455,
          104,
          53,
          125
        ],
        [
          222,
          333,
          56,
          134
        ],
        [
          0,
          306,
          30,
          87
        ],
        [
          454,
          328,
          73,
          138
        ]
      ]
    },
    "563": {
      "name": "laptop",
      "visible_pos": [
        3,
        4,
        15,
        16
      ],
      "bbox2d": [
        [
          408,
          155,
          24,
          59
        ],
        [
          198,
          155,
          19,
          61
        ],
        [
          415,
          379,
          22,
          68
        ],
        [
          192,
          379,
          21,
          70
        ]
      ]
    },
    "568": {
      "name": "ceiling#fan",
      "visible_pos": [
        15,
        16,
        25,
        26,
        27,
        28,
        29
      ],
      "bbox2d": [
        [
          214,
          0,
          215,
          16
        ],
        [
          165,
          0,
          41,
          6
        ],
        [
          482,
          28,
          158,
          107
        ],
        [
          311,
          0,
          329,
          239
        ],
        [
          137,
          0,
          387,
          252
        ],
        [
          0,
          0,
          343,
          245
        ],
        [
          0,
          0,
          168,
          164
        ]
      ]
    },
    "571": {
      "name": "swivel#chair",
      "visible_pos": [
        0,
        1,
        2,
        3,
        4,
        13,
        14,
        15
      ],
      "bbox2d": [
        [
          585,
          228,
          55,
          252
        ],
        [
          395,
          116,
          245,
          364
        ],
        [
          189,
          116,
          277,
          347
        ],
        [
          0,
          152,
          281,
          328
        ],
        [
          0,
          212,
          109,
          268
        ],
        [
          401,
          339,
          239,
          141
        ],
        [
          178,
          339,
          290,
          141
        ],
        [
          0,
          376,
          244,
          104
        ]
      ]
    },
    "544": {
      "name": "shelf",
      "visible_pos": [],
      "bbox2d": []
    },
    "552": {
      "name": "fireplace",
      "visible_pos": [],
      "bbox2d": []
    }
  }
}