{
  "0ffa6fd0a65a4462b2023f28b14741e5": {
    "444": {
      "name": "sofa#chair",
      "visible_pos": [
        5,
        6,
        7,
        8,
        9,
        10,
        19,
        20,
        21
      ],
      "bbox2d": [
        [
          546,
          427,
          94,
          53
        ],
        [
          382,
          308,
          258,
          172
        ],
        [
          228,
          222,
          411,
          258
        ],
        [
          44,
          194,
          360,
          286
        ],
        [
          0,
          211,
          241,
          269
        ],
        [
          0,
          350,
          72,
          130
        ],
        [
          562,
          457,
          78,
          23
        ],
        [
          310,
          422,
          105,
          58
        ],
        [
          81,
          443,
          111,
          37
        ]
      ]
    },
    "471": {
      "name": "ottoman",
      "visible_pos": [
        3,
        4,
        5,
        6,
        7
      ],
      "bbox2d": [
        [
          627,
          431,
          13,
          49
        ],
        [
          433,
          281,
          207,
          199
        ],
        [
          258,
          249,
          170,
          184
        ],
        [
          59,
          269,
          194,
          190
        ],
        [
          0,
          344,
          79,
          136
        ]
      ]
    },
    "435": {
      "name": "shelves",
      "visible_pos": [],
      "bbox2d": []
    }
  }
}