{
  "bb09a1003aa448bbb67af68428ea1103": {
    "1141": {
      "name": "ceiling#fan",
      "visible_pos": [
        27,
        28,
        29,
        30,
        31
      ],
      "bbox2d": [
        [
          528,
          0,
          112,
          81
        ],
        [
          356,
          0,
          284,
          195
        ],
        [
          194,
          0,
          297,
          224
        ],
        [
          0,
          0,
          311,
          198
        ],
        [
          0,
          0,
          128,
          156
        ]
      ]
    },
    "1157": {
      "name": "armchair",
      "visible_pos": [
        6,
        7,
        8,
        9,
        10,
        19,
        20,
        21,
        22
      ],
      "bbox2d": [
        [
          553,
          344,
          87,
          136
        ],
        [
          375,
          169,
          265,
          311
        ],
        [
          201,
          139,
          332,
          341
        ],
        [
          0,
          146,
          312,
          334
        ],
        [
          0,
          190,
          145,
          290
        ],
        [
          618,
          394,
          22,
          86
        ],
        [
          332,
          362,
          217,
          118
        ],
        [
          118,
          369,
          194,
          111
        ],
        [
          0,
          417,
          69,
          63
        ]
      ]
    },
    "1140": {
      "name": "curtain",
      "visible_pos": [],
      "bbox2d": []
    }
  }
}