{
  "455493aba8994f979c9a71f2f28e505c": {
    "160": {
      "name": "clothes",
      "visible_pos": [
        13,
        14,
        15,
        16,
        17,
        25,
        26,
        27,
        28,
        29
      ],
      "bbox2d": [
        [
          593,
          1,
          47,
          84
        ],
        [
          344,
          0,
          296,
          116
        ],
        [
          111,
          0,
          390,
          117
        ],
        [
          0,
          0,
          273,
          118
        ],
        [
          0,
          0,
          11,
          55
        ],
        [
          578,
          226,
          62,
          84
        ],
        [
          343,
          147,
          297,
          192
        ],
        [
          120,
          204,
          369,
          136
        ],
        [
          0,
          198,
          288,
          143
        ],
        [
          0,
          150,
          86,
          144
        ]
      ]
    },
    "161": {
      "name": "clothes",
      "visible_pos": [
        9,
        10,
        11,
        21,
        22,
        23,
        33,
        34,
        35
      ],
      "bbox2d": [
        [
          550,
          0,
          90,
          62
        ],
        [
          291,
          0,
          160,
          62
        ],
        [
          13,
          0,
          189,
          64
        ],
        [
          527,
          156,
          113,
          139
        ],
        [
          294,
          171,
          147,
          119
        ],
        [
          45,
          167,
          173,
          125
        ],
        [
          554,
          381,
          86,
          99
        ],
        [
          291,
          396,
          165,
          84
        ],
        [
          7,
          392,
          198,
          88
        ]
      ]
    },
    "166": {
      "name": "clothes",
      "visible_pos": [
        0,
        1,
        2,
        3,
        13,
        14,
        15,
        24,
        25,
        26,
        27
      ],
      "bbox2d": [
        [
          618,
          210,
          22,
          69
        ],
        [
          386,
          0,
          210,
          260
        ],
        [
          166,
          0,
          153,
          258
        ],
        [
          0,
          0,
          92,
          319
        ],
        [
          377,
          26,
          195,
          454
        ],
        [
          150,
          54,
          179,
          426
        ],
        [
          0,
          18,
          92,
          462
        ],
        [
          608,
          263,
          32,
          32
        ],
        [
          373,
          260,
          223,
          220
        ],
        [
          163,
          283,
          166,
          197
        ],
        [
          0,
          250,
          111,
          230
        ]
      ]
    },
    "170": {
      "name": "container",
      "visible_pos": [
        24,
        25,
        26,
        27,
        35
      ],
      "bbox2d": [
        [
          352,
          70,
          286,
          88
        ],
        [
          181,
          109,
          235,
          106
        ],
        [
          0,
          36,
          233,
          179
        ],
        [
          0,
          28,
          35,
          125
        ],
        [
          532,
          0,
          108,
          111
        ]
      ]
    },
    "177": {
      "name": "clothes",
      "visible_pos": [
        1,
        2,
        3,
        4,
        5,
        13,
        14,
        15,
        16,
        17
      ],
      "bbox2d": [
        [
          543,
          172,
          97,
          154
        ],
        [
          334,
          91,
          306,
          240
        ],
        [
          128,
          89,
          387,
          185
        ],
        [
          0,
          112,
          314,
          213
        ],
        [
          0,
          156,
          115,
          179
        ],
        [
          583,
          428,
          57,
          52
        ],
        [
          336,
          315,
          304,
          165
        ],
        [
          102,
          313,
          443,
          167
        ],
        [
          0,
          335,
          312,
          145
        ],
        [
          0,
          397,
          59,
          83
        ]
      ]
    },
    "181": {
      "name": "container",
      "visible_pos": [
        24,
        25,
        33,
        34,
        35
      ],
      "bbox2d": [
        [
          0,
          50,
          211,
          110
        ],
        [
          0,
          15,
          14,
          26
        ],
        [
          582,
          0,
          58,
          169
        ],
        [
          393,
          55,
          164,
          172
        ],
        [
          211,
          90,
          165,
          134
        ]
      ]
    },
    "185": {
      "name": "clothes",
      "visible_pos": [
        25,
        26,
        27,
        28,
        29
      ],
      "bbox2d": [
        [
          639,
          50,
          1,
          15
        ],
        [
          431,
          55,
          161,
          96
        ],
        [
          261,
          112,
          137,
          54
        ],
        [
          72,
          89,
          157,
          63
        ],
        [
          0,
          0,
          34,
          77
        ]
      ]
    },
    "189": {
      "name": "clothes",
      "visible_pos": [
        2,
        3,
        4,
        13,
        14,
        15,
        16,
        17,
        26,
        27,
        28
      ],
      "bbox2d": [
        [
          368,
          0,
          272,
          102
        ],
        [
          104,
          0,
          437,
          90
        ],
        [
          0,
          0,
          276,
          99
        ],
        [
          619,
          220,
          21,
          82
        ],
        [
          362,
          122,
          278,
          204
        ],
        [
          132,
          134,
          380,
          180
        ],
        [
          0,
          107,
          282,
          221
        ],
        [
          0,
          207,
          27,
          90
        ],
        [
          368,
          344,
          272,
          136
        ],
        [
          104,
          356,
          437,
          124
        ],
        [
          0,
          330,
          277,
          150
        ]
      ]
    },
    "191": {
      "name": "clothes",
      "visible_pos": [
        24,
        25,
        26,
        27,
        28
      ],
      "bbox2d": [
        [
          556,
          0,
          84,
          147
        ],
        [
          365,
          16,
          275,
          197
        ],
        [
          189,
          90,
          257,
          126
        ],
        [
          0,
          42,
          279,
          129
        ],
        [
          0,
          0,
          99,
          109
        ]
      ]
    },
    "192": {
      "name": "clothes",
      "visible_pos": [
        0,
        1,
        2,
        9,
        10,
        11,
        23
      ],
      "bbox2d": [
        [
          60,
          247,
          359,
          233
        ],
        [
          0,
          265,
          261,
          215
        ],
        [
          0,
          405,
          85,
          75
        ],
        [
          620,
          420,
          20,
          60
        ],
        [
          421,
          256,
          219,
          224
        ],
        [
          256,
          240,
          358,
          240
        ],
        [
          292,
          475,
          4,
          5
        ]
      ]
    },
    "194": {
      "name": "clothes",
      "visible_pos": [
        1,
        2,
        3,
        4,
        5
      ],
      "bbox2d": [
        [
          532,
          301,
          108,
          179
        ],
        [
          353,
          253,
          287,
          168
        ],
        [
          178,
          263,
          292,
          121
        ],
        [
          0,
          254,
          291,
          212
        ],
        [
          0,
          299,
          103,
          149
        ]
      ]
    },
    "195": {
      "name": "container",
      "visible_pos": [
        24,
        25,
        26,
        34,
        35
      ],
      "bbox2d": [
        [
          196,
          10,
          205,
          161
        ],
        [
          0,
          0,
          240,
          144
        ],
        [
          0,
          0,
          66,
          56
        ],
        [
          500,
          0,
          140,
          108
        ],
        [
          348,
          0,
          240,
          163
        ]
      ]
    },
    "196": {
      "name": "clothes",
      "visible_pos": [
        9,
        10,
        11,
        21,
        22,
        23
      ],
      "bbox2d": [
        [
          532,
          98,
          108,
          114
        ],
        [
          299,
          75,
          144,
          120
        ],
        [
          52,
          77,
          168,
          118
        ],
        [
          534,
          322,
          106,
          99
        ],
        [
          300,
          301,
          138,
          122
        ],
        [
          52,
          303,
          163,
          121
        ]
      ]
    },
    "199": {
      "name": "clothes",
      "visible_pos": [
        21,
        22,
        23,
        33,
        34,
        35
      ],
      "bbox2d": [
        [
          524,
          16,
          116,
          148
        ],
        [
          292,
          18,
          139,
          154
        ],
        [
          41,
          14,
          167,
          147
        ],
        [
          527,
          201,
          113,
          188
        ],
        [
          291,
          254,
          140,
          144
        ],
        [
          34,
          251,
          186,
          134
        ]
      ]
    },
    "203": {
      "name": "clothes",
      "visible_pos": [
        0,
        1,
        2,
        3
      ],
      "bbox2d": [
        [
          506,
          342,
          134,
          138
        ],
        [
          332,
          278,
          167,
          202
        ],
        [
          160,
          275,
          178,
          185
        ],
        [
          0,
          325,
          202,
          155
        ]
      ]
    },
    "207": {
      "name": "clothes",
      "visible_pos": [
        0,
        1,
        2,
        3,
        11
      ],
      "bbox2d": [
        [
          372,
          330,
          247,
          150
        ],
        [
          235,
          272,
          169,
          208
        ],
        [
          74,
          275,
          182,
          205
        ],
        [
          0,
          435,
          70,
          45
        ],
        [
          541,
          454,
          99,
          26
        ]
      ]
    },
    "163": {
      "name": "shelves",
      "visible_pos": [],
      "bbox2d": []
    },
    "168": {
      "name": "shelves",
      "visible_pos": [],
      "bbox2d": []
    },
    "169": {
      "name": "clothes",
      "visible_pos": [],
      "bbox2d": []
    },
    "183": {
      "name": "clothes",
      "visible_pos": [],
      "bbox2d": []
    },
    "186": {
      "name": "mirror",
      "visible_pos": [],
      "bbox2d": []
    }
  }
}