{
  "42b2e0af1a7f4df996cf75e5ce2c3d2b": {
    "289": {
      "name": "chair",
      "visible_pos": [
        3,
        4,
        5,
        6,
        7
      ],
      "bbox2d": [
        [
          357,
          435,
          145,
          45
        ],
        [
          241,
          405,
          349,
          75
        ],
        [
          140,
          387,
          293,
          93
        ],
        [
          169,
          384,
          134,
          96
        ],
        [
          78,
          452,
          65,
          28
        ]
      ]
    },
    "291": {
      "name": "chair",
      "visible_pos": [
        0,
        1,
        2,
        3,
        4,
        13,
        14,
        15
      ],
      "bbox2d": [
        [
          606,
          455,
          34,
          25
        ],
        [
          423,
          197,
          217,
          283
        ],
        [
          258,
          177,
          190,
          239
        ],
        [
          26,
          199,
          258,
          242
        ],
        [
          48,
          366,
          68,
          82
        ],
        [
          477,
          426,
          105,
          54
        ],
        [
          252,
          402,
          98,
          78
        ],
        [
          0,
          428,
          105,
          52
        ]
      ]
    },
    "293": {
      "name": "chair",
      "visible_pos": [
        0,
        1,
        2,
        3,
        11
      ],
      "bbox2d": [
        [
          389,
          333,
          181,
          147
        ],
        [
          243,
          311,
          278,
          169
        ],
        [
          79,
          352,
          324,
          128
        ],
        [
          69,
          401,
          211,
          79
        ],
        [
          558,
          448,
          82,
          32
        ]
      ]
    },
    "294": {
      "name": "chair",
      "visible_pos": [
        1,
        2,
        3,
        4,
        5,
        14,
        15,
        16
      ],
      "bbox2d": [
        [
          632,
          387,
          8,
          13
        ],
        [
          422,
          163,
          113,
          249
        ],
        [
          239,
          149,
          122,
          213
        ],
        [
          0,
          171,
          200,
          209
        ],
        [
          0,
          466,
          2,
          2
        ],
        [
          454,
          387,
          112,
          93
        ],
        [
          231,
          372,
          100,
          108
        ],
        [
          0,
          396,
          86,
          84
        ]
      ]
    },
    "295": {
      "name": "chair",
      "visible_pos": [
        2,
        3,
        4,
        5
      ],
      "bbox2d": [
        [
          551,
          316,
          89,
          97
        ],
        [
          374,
          247,
          108,
          161
        ],
        [
          198,
          244,
          113,
          139
        ],
        [
          0,
          298,
          146,
          156
        ]
      ]
    },
    "296": {
      "name": "light",
      "visible_pos": [
        14,
        15,
        16,
        26,
        27,
        28
      ],
      "bbox2d": [
        [
          525,
          0,
          115,
          182
        ],
        [
          293,
          0,
          96,
          190
        ],
        [
          43,
          0,
          120,
          184
        ],
        [
          509,
          159,
          131,
          249
        ],
        [
          295,
          196,
          90,
          222
        ],
        [
          41,
          168,
          134,
          243
        ]
      ]
    },
    "298": {
      "name": "table",
      "visible_pos": [
        0,
        1,
        2,
        3,
        4,
        5,
        14,
        15
      ],
      "bbox2d": [
        [
          574,
          354,
          66,
          100
        ],
        [
          378,
          270,
          262,
          210
        ],
        [
          202,
          214,
          438,
          266
        ],
        [
          0,
          217,
          486,
          263
        ],
        [
          0,
          262,
          311,
          218
        ],
        [
          0,
          306,
          137,
          174
        ],
        [
          372,
          447,
          118,
          33
        ],
        [
          165,
          450,
          98,
          30
        ]
      ]
    },
    "300": {
      "name": "painting",
      "visible_pos": [
        0,
        10,
        11,
        12,
        22,
        23,
        24,
        34,
        35
      ],
      "bbox2d": [
        [
          52,
          0,
          189,
          307
        ],
        [
          507,
          0,
          133,
          316
        ],
        [
          316,
          0,
          169,
          278
        ],
        [
          74,
          0,
          167,
          480
        ],
        [
          554,
          0,
          86,
          480
        ],
        [
          315,
          0,
          150,
          480
        ],
        [
          52,
          148,
          190,
          332
        ],
        [
          500,
          147,
          140,
          333
        ],
        [
          318,
          178,
          167,
          302
        ]
      ]
    },
    "303": {
      "name": "chair",
      "visible_pos": [
        3,
        4,
        5,
        6
      ],
      "bbox2d": [
        [
          466,
          363,
          153,
          117
        ],
        [
          302,
          334,
          168,
          111
        ],
        [
          132,
          363,
          186,
          86
        ],
        [
          1,
          423,
          170,
          57
        ]
      ]
    }
  }
}