{
  "5a2bbdcc310647c98b3b99c7c4a7cd4c": {
    "309": {
      "name": "shelf",
      "visible_pos": [
        4,
        5,
        6,
        7,
        8,
        16,
        17,
        18,
        19,
        20,
        28,
        29,
        30,
        31,
        32
      ],
      "bbox2d": [
        [
          467,
          0,
          173,
          119
        ],
        [
          220,
          0,
          420,
          129
        ],
        [
          0,
          0,
          601,
          112
        ],
        [
          0,
          0,
          324,
          129
        ],
        [
          0,
          0,
          75,
          105
        ],
        [
          454,
          57,
          186,
          285
        ],
        [
          230,
          64,
          410,
          288
        ],
        [
          0,
          75,
          570,
          260
        ],
        [
          0,
          69,
          327,
          282
        ],
        [
          0,
          93,
          90,
          242
        ],
        [
          458,
          286,
          182,
          194
        ],
        [
          221,
          287,
          419,
          193
        ],
        [
          0,
          301,
          602,
          179
        ],
        [
          0,
          287,
          328,
          193
        ],
        [
          0,
          311,
          81,
          169
        ]
      ]
    },
    "312": {
      "name": "chest#of#drawers",
      "visible_pos": [
        3,
        4,
        5,
        6,
        7,
        8,
        9,
        16,
        17,
        18,
        19
      ],
      "bbox2d": [
        [
          460,
          260,
          180,
          220
        ],
        [
          312,
          201,
          328,
          279
        ],
        [
          113,
          199,
          527,
          281
        ],
        [
          0,
          236,
          640,
          244
        ],
        [
          0,
          227,
          466,
          253
        ],
        [
          0,
          241,
          289,
          239
        ],
        [
          0,
          323,
          135,
          157
        ],
        [
          314,
          431,
          233,
          49
        ],
        [
          134,
          427,
          309,
          53
        ],
        [
          176,
          475,
          55,
          5
        ],
        [
          279,
          463,
          111,
          17
        ]
      ]
    }
  }
}