{
  "95fd760525864a7a97f864d9b6dc58f5": {
    "25": {
      "name": "plant",
      "visible_pos": [
        0,
        10,
        11,
        12,
        22,
        23
      ],
      "bbox2d": [
        [
          86,
          49,
          128,
          157
        ],
        [
          555,
          79,
          85,
          164
        ],
        [
          328,
          47,
          101,
          151
        ],
        [
          91,
          279,
          120,
          157
        ],
        [
          571,
          295,
          69,
          153
        ],
        [
          328,
          277,
          105,
          151
        ]
      ]
    },
    "28": {
      "name": "window",
      "visible_pos": [
        6,
        7,
        8,
        9,
        10,
        11,
        18,
        19,
        20,
        21,
        22,
        23,
        30,
        31,
        32,
        33,
        34,
        35
      ],
      "bbox2d": [
        [
          603,
          123,
          37,
          143
        ],
        [
          371,
          0,
          269,
          356
        ],
        [
          121,
          0,
          519,
          339
        ],
        [
          0,
          0,
          540,
          286
        ],
        [
          0,
          0,
          292,
          352
        ],
        [
          0,
          39,
          91,
          306
        ],
        [
          635,
          73,
          5,
          350
        ],
        [
          372,
          0,
          268,
          480
        ],
        [
          145,
          0,
          495,
          480
        ],
        [
          0,
          12,
          518,
          468
        ],
        [
          0,
          0,
          287,
          480
        ],
        [
          0,
          0,
          34,
          480
        ],
        [
          618,
          287,
          22,
          63
        ],
        [
          372,
          201,
          268,
          279
        ],
        [
          121,
          206,
          519,
          274
        ],
        [
          0,
          249,
          540,
          231
        ],
        [
          0,
          204,
          286,
          276
        ],
        [
          0,
          210,
          66,
          210
        ]
      ]
    },
    "29": {
      "name": "plant",
      "visible_pos": [
        0,
        10,
        11,
        12,
        22,
        23,
        24,
        34,
        35
      ],
      "bbox2d": [
        [
          0,
          0,
          120,
          246
        ],
        [
          425,
          0,
          184,
          236
        ],
        [
          206,
          0,
          143,
          214
        ],
        [
          0,
          195,
          115,
          285
        ],
        [
          430,
          187,
          168,
          287
        ],
        [
          207,
          188,
          140,
          258
        ],
        [
          0,
          424,
          62,
          56
        ],
        [
          449,
          414,
          160,
          66
        ],
        [
          204,
          416,
          125,
          64
        ]
      ]
    },
    "32": {
      "name": "pot",
      "visible_pos": [
        0,
        9,
        10,
        11,
        12,
        22,
        23
      ],
      "bbox2d": [
        [
          0,
          186,
          180,
          294
        ],
        [
          552,
          261,
          88,
          219
        ],
        [
          387,
          51,
          222,
          403
        ],
        [
          199,
          51,
          175,
          380
        ],
        [
          5,
          413,
          146,
          67
        ],
        [
          411,
          281,
          229,
          199
        ],
        [
          188,
          280,
          190,
          200
        ]
      ]
    },
    "39": {
      "name": "couch",
      "visible_pos": [
        3,
        4,
        5,
        6,
        7,
        8,
        9,
        16,
        17,
        18,
        19,
        20
      ],
      "bbox2d": [
        [
          629,
          468,
          11,
          12
        ],
        [
          414,
          235,
          226,
          245
        ],
        [
          276,
          199,
          364,
          281
        ],
        [
          106,
          197,
          528,
          283
        ],
        [
          0,
          186,
          430,
          294
        ],
        [
          0,
          206,
          262,
          274
        ],
        [
          0,
          384,
          97,
          96
        ],
        [
          631,
          474,
          8,
          6
        ],
        [
          360,
          428,
          280,
          52
        ],
        [
          131,
          426,
          460,
          54
        ],
        [
          58,
          412,
          303,
          68
        ],
        [
          11,
          436,
          99,
          44
        ]
      ]
    },
    "44": {
      "name": "pillow",
      "visible_pos": [
        4,
        5,
        6,
        7
      ],
      "bbox2d": [
        [
          491,
          284,
          149,
          196
        ],
        [
          323,
          248,
          151,
          135
        ],
        [
          150,
          242,
          147,
          145
        ],
        [
          0,
          285,
          128,
          195
        ]
      ]
    },
    "48": {
      "name": "pillow",
      "visible_pos": [
        5,
        6,
        7,
        8,
        9,
        19
      ],
      "bbox2d": [
        [
          606,
          390,
          34,
          82
        ],
        [
          416,
          257,
          150,
          143
        ],
        [
          245,
          227,
          134,
          133
        ],
        [
          34,
          247,
          178,
          174
        ],
        [
          0,
          430,
          13,
          15
        ],
        [
          320,
          462,
          39,
          18
        ]
      ]
    }
  }
}