{
  "6be1e66a2e7e452d88600ca49b16f7b3": {
    "485": {
      "name": "dresser",
      "visible_pos": [
        0,
        1,
        2,
        3,
        4,
        11,
        12,
        13,
        14
      ],
      "bbox2d": [
        [
          389,
          193,
          251,
          287
        ],
        [
          204,
          177,
          436,
          303
        ],
        [
          0,
          201,
          462,
          279
        ],
        [
          0,
          277,
          290,
          203
        ],
        [
          0,
          344,
          140,
          136
        ],
        [
          567,
          290,
          73,
          190
        ],
        [
          415,
          422,
          194,
          58
        ],
        [
          192,
          403,
          220,
          77
        ],
        [
          0,
          431,
          165,
          49
        ]
      ]
    },
    "498": {
      "name": "pillow",
      "visible_pos": [
        9,
        10,
        11,
        21,
        22,
        23
      ],
      "bbox2d": [
        [
          422,
          186,
          106,
          117
        ],
        [
          235,
          177,
          96,
          100
        ],
        [
          7,
          212,
          130,
          114
        ],
        [
          449,
          413,
          104,
          67
        ],
        [
          226,
          402,
          97,
          78
        ],
        [
          0,
          445,
          71,
          35
        ]
      ]
    },
    "483": {
      "name": "bed",
      "visible_pos": [],
      "bbox2d": []
    },
    "487": {
      "name": "window",
      "visible_pos": [],
      "bbox2d": []
    },
    "492": {
      "name": "window#frame",
      "visible_pos": [],
      "bbox2d": []
    }
  }
}