{
  "649e0025c3e940fcb99ca5e420e143af": {
    "418": {
      "name": "window#frame",
      "visible_pos": [
        0,
        1,
        2,
        3,
        4,
        5,
        6,
        7,
        11,
        12,
        13,
        14,
        15,
        16,
        17,
        18,
        19,
        23,
        24,
        25,
        26,
        27,
        28,
        29,
        30,
        31,
        35
      ],
      "bbox2d": [
        [
          235,
          0,
          405,
          480
        ],
        [
          0,
          0,
          640,
          480
        ],
        [
          0,
          91,
          640,
          389
        ],
        [
          0,
          0,
          640,
          480
        ],
        [
          0,
          0,
          640,
          480
        ],
        [
          0,
          0,
          563,
          480
        ],
        [
          0,
          0,
          323,
          480
        ],
        [
          0,
          21,
          111,
          459
        ],
        [
          433,
          73,
          207,
          347
        ],
        [
          211,
          0,
          371,
          480
        ],
        [
          0,
          0,
          392,
          480
        ],
        [
          0,
          234,
          640,
          246
        ],
        [
          347,
          201,
          110,
          279
        ],
        [
          125,
          199,
          515,
          281
        ],
        [
          278,
          62,
          286,
          418
        ],
        [
          87,
          72,
          236,
          408
        ],
        [
          0,
          38,
          84,
          442
        ],
        [
          433,
          89,
          207,
          391
        ],
        [
          214,
          0,
          426,
          480
        ],
        [
          1,
          0,
          586,
          480
        ],
        [
          46,
          9,
          478,
          220
        ],
        [
          0,
          58,
          424,
          422
        ],
        [
          35,
          0,
          186,
          480
        ],
        [
          462,
          289,
          90,
          191
        ],
        [
          241,
          299,
          53,
          181
        ],
        [
          0,
          260,
          66,
          200
        ],
        [
          431,
          313,
          56,
          22
        ]
      ]
    },
    "421": {
      "name": "table",
      "visible_pos": [
        6,
        7,
        8,
        9,
        10,
        11,
        18,
        19,
        20,
        21,
        22
      ],
      "bbox2d": [
        [
          564,
          228,
          76,
          229
        ],
        [
          349,
          160,
          291,
          308
        ],
        [
          144,
          150,
          496,
          286
        ],
        [
          0,
          178,
          501,
          249
        ],
        [
          0,
          184,
          311,
          267
        ],
        [
          0,
          250,
          126,
          190
        ],
        [
          606,
          465,
          34,
          15
        ],
        [
          353,
          384,
          287,
          96
        ],
        [
          122,
          373,
          518,
          107
        ],
        [
          0,
          404,
          486,
          76
        ],
        [
          0,
          410,
          271,
          70
        ]
      ]
    },
    "423": {
      "name": "dining#chair",
      "visible_pos": [
        6,
        7,
        8,
        9,
        18,
        19,
        20
      ],
      "bbox2d": [
        [
          484,
          233,
          156,
          247
        ],
        [
          309,
          207,
          127,
          222
        ],
        [
          105,
          230,
          151,
          213
        ],
        [
          0,
          327,
          66,
          153
        ],
        [
          557,
          471,
          23,
          9
        ],
        [
          308,
          438,
          76,
          42
        ],
        [
          77,
          467,
          24,
          13
        ]
      ]
    },
    "426": {
      "name": "dining#chair",
      "visible_pos": [
        6,
        7,
        8,
        9,
        10
      ],
      "bbox2d": [
        [
          570,
          359,
          70,
          121
        ],
        [
          388,
          286,
          252,
          194
        ],
        [
          220,
          276,
          258,
          204
        ],
        [
          18,
          313,
          306,
          167
        ],
        [
          0,
          356,
          180,
          124
        ]
      ]
    },
    "427": {
      "name": "dining#chair",
      "visible_pos": [
        8,
        9,
        10,
        11,
        21,
        22,
        23
      ],
      "bbox2d": [
        [
          629,
          407,
          10,
          7
        ],
        [
          425,
          216,
          138,
          138
        ],
        [
          249,
          194,
          103,
          130
        ],
        [
          16,
          212,
          160,
          171
        ],
        [
          464,
          449,
          134,
          31
        ],
        [
          240,
          422,
          107,
          58
        ],
        [
          95,
          444,
          20,
          36
        ]
      ]
    },
    "428": {
      "name": "dining#chair",
      "visible_pos": [
        8,
        9,
        10,
        11
      ],
      "bbox2d": [
        [
          433,
          341,
          207,
          139
        ],
        [
          281,
          319,
          202,
          161
        ],
        [
          106,
          301,
          206,
          179
        ],
        [
          0,
          339,
          160,
          141
        ]
      ]
    },
    "432": {
      "name": "table#lamp",
      "visible_pos": [
        7,
        8,
        9,
        10,
        19,
        20,
        21,
        22,
        31,
        32,
        33,
        34
      ],
      "bbox2d": [
        [
          590,
          208,
          50,
          76
        ],
        [
          361,
          0,
          101,
          232
        ],
        [
          149,
          0,
          107,
          234
        ],
        [
          0,
          224,
          22,
          53
        ],
        [
          570,
          60,
          70,
          417
        ],
        [
          328,
          93,
          202,
          377
        ],
        [
          90,
          86,
          207,
          386
        ],
        [
          0,
          85,
          49,
          41
        ],
        [
          564,
          281,
          76,
          67
        ],
        [
          328,
          317,
          200,
          163
        ],
        [
          94,
          310,
          203,
          170
        ],
        [
          0,
          306,
          56,
          43
        ]
      ]
    }
  }
}