{
  "2307d1022d2d4c6990f3a3d54ac796ef": {
    "271": {
      "name": "lounge#chair",
      "visible_pos": [
        4,
        5,
        6,
        7,
        8,
        17,
        18
      ],
      "bbox2d": [
        [
          546,
          250,
          94,
          230
        ],
        [
          360,
          189,
          265,
          291
        ],
        [
          160,
          189,
          370,
          291
        ],
        [
          0,
          240,
          371,
          240
        ],
        [
          0,
          407,
          233,
          73
        ],
        [
          366,
          416,
          122,
          64
        ],
        [
          137,
          416,
          126,
          64
        ]
      ]
    }
  }
}