{
  "e6a0ba22488847889e7278f26d15f5d5": {
    "352": {
      "name": "table",
      "visible_pos": [
        2,
        3,
        4,
        5,
        14,
        15,
        16
      ],
      "bbox2d": [
        [
          427,
          225,
          213,
          255
        ],
        [
          291,
          200,
          230,
          280
        ],
        [
          94,
          210,
          287,
          270
        ],
        [
          0,
          332,
          246,
          148
        ],
        [
          540,
          461,
          100,
          19
        ],
        [
          303,
          430,
          98,
          50
        ],
        [
          60,
          442,
          108,
          38
        ]
      ]
    },
    "357": {
      "name": "tv",
      "visible_pos": [
        3,
        4,
        5,
        15,
        16,
        17,
        27,
        28,
        29
      ],
      "bbox2d": [
        [
          410,
          0,
          216,
          277
        ],
        [
          165,
          0,
          178,
          247
        ],
        [
          0,
          0,
          135,
          274
        ],
        [
          409,
          117,
          179,
          363
        ],
        [
          185,
          134,
          155,
          346
        ],
        [
          0,
          119,
          107,
          361
        ],
        [
          417,
          340,
          209,
          140
        ],
        [
          165,
          357,
          177,
          123
        ],
        [
          0,
          342,
          99,
          138
        ]
      ]
    },
    "378": {
      "name": "step",
      "visible_pos": [
        7,
        8,
        9,
        10,
        11
      ],
      "bbox2d": [
        [
          474,
          403,
          166,
          77
        ],
        [
          305,
          337,
          335,
          143
        ],
        [
          188,
          328,
          288,
          152
        ],
        [
          32,
          321,
          333,
          159
        ],
        [
          0,
          379,
          228,
          101
        ]
      ]
    },
    "343": {
      "name": "mirror#door",
      "visible_pos": [],
      "bbox2d": []
    }
  }
}