{
  "f701cece31304e16a3faa7f225bfdaa8": {
    "1121": {
      "name": "light",
      "visible_pos": [
        17,
        18,
        19,
        24,
        25,
        26,
        28,
        29,
        30,
        31,
        32,
        35
      ],
      "bbox2d": [
        [
          478,
          0,
          79,
          30
        ],
        [
          253,
          0,
          68,
          49
        ],
        [
          12,
          0,
          65,
          13
        ],
        [
          322,
          0,
          75,
          184
        ],
        [
          155,
          0,
          115,
          164
        ],
        [
          0,
          0,
          51,
          40
        ],
        [
          502,
          0,
          138,
          104
        ],
        [
          338,
          0,
          302,
          263
        ],
        [
          210,
          0,
          262,
          278
        ],
        [
          39,
          0,
          241,
          250
        ],
        [
          0,
          147,
          72,
          51
        ],
        [
          469,
          0,
          96,
          146
        ]
      ]
    },
    "723": {
      "name": "window",
      "visible_pos": [],
      "bbox2d": []
    },
    "1115": {
      "name": "window#frame",
      "visible_pos": [],
      "bbox2d": []
    },
    "1119": {
      "name": "window",
      "visible_pos": [],
      "bbox2d": []
    },
    "1389": {
      "name": "window",
      "visible_pos": [],
      "bbox2d": []
    }
  }
}