{
  "bcf86acf16e641749166baf177226539": {
    "75": {
      "name": "table",
      "visible_pos": [
        0,
        1,
        2,
        3,
        4,
        5,
        12,
        13,
        14,
        15,
        16
      ],
      "bbox2d": [
        [
          415,
          171,
          225,
          309
        ],
        [
          205,
          143,
          435,
          337
        ],
        [
          0,
          153,
          640,
          327
        ],
        [
          0,
          212,
          541,
          268
        ],
        [
          0,
          215,
          375,
          265
        ],
        [
          0,
          279,
          224,
          201
        ],
        [
          421,
          396,
          219,
          84
        ],
        [
          198,
          366,
          442,
          114
        ],
        [
          0,
          377,
          562,
          103
        ],
        [
          0,
          444,
          454,
          36
        ],
        [
          78,
          448,
          157,
          32
        ]
      ]
    },
    "82": {
      "name": "chair",
      "visible_pos": [
        3,
        4,
        5,
        6,
        16,
        17
      ],
      "bbox2d": [
        [
          448,
          241,
          192,
          231
        ],
        [
          258,
          209,
          164,
          221
        ],
        [
          44,
          224,
          196,
          234
        ],
        [
          0,
          310,
          55,
          170
        ],
        [
          294,
          441,
          133,
          39
        ],
        [
          91,
          460,
          112,
          20
        ]
      ]
    },
    "87": {
      "name": "chair",
      "visible_pos": [
        1,
        2,
        3,
        4,
        14,
        15,
        16
      ],
      "bbox2d": [
        [
          605,
          227,
          35,
          31
        ],
        [
          376,
          158,
          144,
          79
        ],
        [
          172,
          154,
          140,
          60
        ],
        [
          0,
          185,
          102,
          79
        ],
        [
          382,
          382,
          166,
          94
        ],
        [
          155,
          377,
          156,
          70
        ],
        [
          0,
          411,
          68,
          69
        ]
      ]
    },
    "88": {
      "name": "chair",
      "visible_pos": [
        0,
        1,
        2,
        11,
        12,
        13
      ],
      "bbox2d": [
        [
          291,
          223,
          200,
          171
        ],
        [
          85,
          222,
          229,
          188
        ],
        [
          0,
          271,
          147,
          209
        ],
        [
          480,
          245,
          160,
          235
        ],
        [
          288,
          458,
          180,
          22
        ],
        [
          235,
          457,
          15,
          23
        ]
      ]
    },
    "90": {
      "name": "light",
      "visible_pos": [
        12,
        24,
        25,
        26,
        35
      ],
      "bbox2d": [
        [
          380,
          0,
          7,
          5
        ],
        [
          372,
          0,
          74,
          243
        ],
        [
          178,
          0,
          143,
          233
        ],
        [
          0,
          0,
          161,
          112
        ],
        [
          567,
          0,
          73,
          200
        ]
      ]
    },
    "79": {
      "name": "chair",
      "visible_pos": [],
      "bbox2d": []
    }
  }
}