{
  "d2dcbd73533446dcaf50e6be98c30386": {
    "2059": {
      "name": "ceiling#duct",
      "visible_pos": [
        14,
        15,
        16,
        17,
        25,
        26,
        27,
        28,
        29
      ],
      "bbox2d": [
        [
          401,
          0,
          89,
          27
        ],
        [
          183,
          0,
          394,
          25
        ],
        [
          144,
          0,
          189,
          43
        ],
        [
          49,
          0,
          48,
          16
        ],
        [
          461,
          0,
          179,
          211
        ],
        [
          292,
          0,
          348,
          261
        ],
        [
          98,
          16,
          446,
          242
        ],
        [
          0,
          0,
          340,
          274
        ],
        [
          0,
          0,
          187,
          253
        ]
      ]
    },
    "2061": {
      "name": "light",
      "visible_pos": [
        25,
        26,
        27,
        28,
        29
      ],
      "bbox2d": [
        [
          627,
          50,
          13,
          47
        ],
        [
          423,
          63,
          217,
          126
        ],
        [
          249,
          146,
          282,
          59
        ],
        [
          49,
          92,
          285,
          140
        ],
        [
          0,
          50,
          154,
          159
        ]
      ]
    },
    "2067": {
      "name": "vent",
      "visible_pos": [
        26,
        27,
        28,
        29
      ],
      "bbox2d": [
        [
          533,
          12,
          107,
          80
        ],
        [
          363,
          109,
          104,
          37
        ],
        [
          199,
          98,
          98,
          67
        ],
        [
          0,
          3,
          121,
          119
        ]
      ]
    },
    "2063": {
      "name": "window#frame",
      "visible_pos": [],
      "bbox2d": []
    },
    "2065": {
      "name": "window#/outside",
      "visible_pos": [],
      "bbox2d": []
    }
  }
}