{
  "847ead8946e645808cda599903231f00": {
    "82": {
      "name": "chair",
      "visible_pos": [
        0,
        1,
        2,
        3,
        13,
        14,
        15
      ],
      "bbox2d": [
        [
          572,
          324,
          68,
          130
        ],
        [
          371,
          226,
          230,
          144
        ],
        [
          187,
          199,
          190,
          147
        ],
        [
          0,
          212,
          178,
          193
        ],
        [
          503,
          461,
          135,
          19
        ],
        [
          249,
          428,
          135,
          52
        ],
        [
          49,
          444,
          109,
          36
        ]
      ]
    },
    "81": {
      "name": "window",
      "visible_pos": [],
      "bbox2d": []
    }
  }
}