{
  "a03a04163a064762b0a00530675d2f29": {
    "243": {
      "name": "monitor",
      "visible_pos": [
        2,
        3,
        4,
        14,
        15,
        16
      ],
      "bbox2d": [
        [
          441,
          54,
          128,
          191
        ],
        [
          238,
          49,
          102,
          175
        ],
        [
          0,
          60,
          133,
          208
        ],
        [
          453,
          283,
          138,
          197
        ],
        [
          230,
          279,
          112,
          181
        ],
        [
          0,
          288,
          109,
          192
        ]
      ]
    },
    "244": {
      "name": "ceiling#duct",
      "visible_pos": [
        15,
        16,
        17,
        19,
        20,
        21,
        27,
        28,
        29,
        30,
        31,
        32,
        33
      ],
      "bbox2d": [
        [
          419,
          0,
          188,
          92
        ],
        [
          196,
          0,
          205,
          103
        ],
        [
          0,
          0,
          174,
          69
        ],
        [
          478,
          0,
          113,
          26
        ],
        [
          239,
          0,
          153,
          49
        ],
        [
          33,
          0,
          134,
          16
        ],
        [
          414,
          0,
          226,
          317
        ],
        [
          203,
          0,
          437,
          326
        ],
        [
          0,
          0,
          640,
          296
        ],
        [
          0,
          0,
          640,
          173
        ],
        [
          0,
          0,
          606,
          260
        ],
        [
          0,
          0,
          383,
          279
        ],
        [
          0,
          60,
          195,
          193
        ]
      ]
    },
    "249": {
      "name": "light",
      "visible_pos": [
        18,
        19,
        30,
        31,
        32,
        33,
        34
      ],
      "bbox2d": [
        [
          413,
          0,
          73,
          98
        ],
        [
          190,
          0,
          99,
          96
        ],
        [
          409,
          0,
          224,
          322
        ],
        [
          196,
          0,
          343,
          320
        ],
        [
          0,
          0,
          512,
          248
        ],
        [
          0,
          0,
          386,
          66
        ],
        [
          113,
          0,
          141,
          50
        ]
      ]
    },
    "253": {
      "name": "printer",
      "visible_pos": [
        8,
        9,
        10,
        11,
        21,
        22,
        23
      ],
      "bbox2d": [
        [
          556,
          331,
          84,
          138
        ],
        [
          387,
          61,
          253,
          356
        ],
        [
          188,
          60,
          214,
          333
        ],
        [
          0,
          73,
          193,
          399
        ],
        [
          404,
          289,
          236,
          191
        ],
        [
          181,
          288,
          222,
          192
        ],
        [
          0,
          300,
          179,
          180
        ]
      ]
    },
    "254": {
      "name": "desk",
      "visible_pos": [
        0,
        1,
        2,
        3,
        4,
        5,
        13,
        14,
        15,
        16
      ],
      "bbox2d": [
        [
          501,
          409,
          139,
          71
        ],
        [
          347,
          223,
          293,
          257
        ],
        [
          200,
          178,
          406,
          302
        ],
        [
          22,
          174,
          407,
          306
        ],
        [
          0,
          202,
          283,
          278
        ],
        [
          0,
          390,
          125,
          90
        ],
        [
          568,
          458,
          35,
          22
        ],
        [
          304,
          404,
          292,
          76
        ],
        [
          86,
          398,
          277,
          82
        ],
        [
          86,
          431,
          37,
          49
        ]
      ]
    },
    "258": {
      "name": "pipe",
      "visible_pos": [
        14,
        15,
        16,
        20,
        21,
        26,
        27,
        28,
        29,
        31,
        32,
        33,
        34
      ],
      "bbox2d": [
        [
          607,
          13,
          33,
          112
        ],
        [
          353,
          0,
          79,
          146
        ],
        [
          123,
          0,
          86,
          138
        ],
        [
          425,
          0,
          58,
          26
        ],
        [
          203,
          0,
          54,
          31
        ],
        [
          593,
          0,
          47,
          348
        ],
        [
          354,
          0,
          165,
          369
        ],
        [
          123,
          0,
          281,
          360
        ],
        [
          0,
          0,
          289,
          175
        ],
        [
          349,
          0,
          291,
          180
        ],
        [
          235,
          0,
          226,
          260
        ],
        [
          150,
          61,
          114,
          203
        ],
        [
          0,
          0,
          47,
          216
        ]
      ]
    },
    "264": {
      "name": "light",
      "visible_pos": [
        16,
        17,
        18,
        26,
        27,
        28,
        29,
        30
      ],
      "bbox2d": [
        [
          387,
          0,
          245,
          84
        ],
        [
          181,
          0,
          189,
          112
        ],
        [
          0,
          0,
          143,
          100
        ],
        [
          457,
          73,
          183,
          103
        ],
        [
          280,
          136,
          360,
          60
        ],
        [
          88,
          108,
          524,
          201
        ],
        [
          0,
          57,
          369,
          278
        ],
        [
          0,
          152,
          150,
          172
        ]
      ]
    },
    "267": {
      "name": "swivel#chair",
      "visible_pos": [
        0,
        1,
        2,
        3,
        13,
        14,
        15
      ],
      "bbox2d": [
        [
          502,
          266,
          138,
          168
        ],
        [
          340,
          118,
          215,
          266
        ],
        [
          154,
          110,
          172,
          294
        ],
        [
          0,
          131,
          121,
          349
        ],
        [
          357,
          341,
          212,
          139
        ],
        [
          153,
          333,
          174,
          147
        ],
        [
          0,
          353,
          89,
          127
        ]
      ]
    },
    "273": {
      "name": "drawers",
      "visible_pos": [
        5,
        6,
        7,
        8
      ],
      "bbox2d": [
        [
          442,
          311,
          177,
          152
        ],
        [
          287,
          292,
          128,
          98
        ],
        [
          97,
          300,
          156,
          135
        ],
        [
          0,
          371,
          79,
          109
        ]
      ]
    },
    "278": {
      "name": "desk",
      "visible_pos": [
        0,
        1,
        2,
        9,
        10,
        11,
        12,
        13,
        22,
        23
      ],
      "bbox2d": [
        [
          0,
          213,
          526,
          267
        ],
        [
          0,
          217,
          364,
          263
        ],
        [
          0,
          305,
          225,
          175
        ],
        [
          483,
          299,
          157,
          177
        ],
        [
          333,
          210,
          307,
          270
        ],
        [
          152,
          190,
          488,
          290
        ],
        [
          18,
          445,
          414,
          35
        ],
        [
          185,
          451,
          24,
          29
        ],
        [
          430,
          442,
          191,
          38
        ],
        [
          208,
          418,
          281,
          62
        ]
      ]
    },
    "293": {
      "name": "water#cooler",
      "visible_pos": [
        7,
        8,
        9,
        10,
        20,
        21,
        22
      ],
      "bbox2d": [
        [
          622,
          349,
          18,
          69
        ],
        [
          414,
          125,
          145,
          210
        ],
        [
          224,
          116,
          105,
          209
        ],
        [
          0,
          137,
          111,
          243
        ],
        [
          441,
          348,
          132,
          132
        ],
        [
          218,
          339,
          111,
          141
        ],
        [
          0,
          359,
          92,
          121
        ]
      ]
    },
    "294": {
      "name": "swivel#chair",
      "visible_pos": [
        7,
        8,
        9,
        10,
        11,
        20,
        21,
        22
      ],
      "bbox2d": [
        [
          593,
          425,
          47,
          55
        ],
        [
          416,
          209,
          224,
          271
        ],
        [
          237,
          164,
          214,
          316
        ],
        [
          15,
          162,
          253,
          318
        ],
        [
          0,
          252,
          111,
          228
        ],
        [
          509,
          441,
          131,
          39
        ],
        [
          233,
          389,
          226,
          91
        ],
        [
          34,
          386,
          201,
          94
        ]
      ]
    },
    "296": {
      "name": "column",
      "visible_pos": [
        8,
        9,
        10,
        20,
        21,
        22,
        32,
        33,
        34,
        35
      ],
      "bbox2d": [
        [
          597,
          91,
          43,
          120
        ],
        [
          364,
          0,
          120,
          177
        ],
        [
          109,
          0,
          128,
          189
        ],
        [
          625,
          0,
          15,
          442
        ],
        [
          349,
          0,
          138,
          403
        ],
        [
          137,
          0,
          147,
          417
        ],
        [
          470,
          57,
          170,
          333
        ],
        [
          290,
          140,
          217,
          340
        ],
        [
          99,
          128,
          218,
          352
        ],
        [
          0,
          45,
          129,
          198
        ]
      ]
    },
    "303": {
      "name": "drawers",
      "visible_pos": [
        0,
        1,
        2,
        9,
        10,
        11
      ],
      "bbox2d": [
        [
          100,
          410,
          322,
          70
        ],
        [
          97,
          400,
          192,
          80
        ],
        [
          89,
          460,
          36,
          20
        ],
        [
          619,
          463,
          21,
          17
        ],
        [
          411,
          369,
          141,
          111
        ],
        [
          272,
          356,
          269,
          124
        ]
      ]
    },
    "316": {
      "name": "picture",
      "visible_pos": [
        12,
        13,
        14,
        23,
        24,
        25,
        26,
        35
      ],
      "bbox2d": [
        [
          229,
          0,
          411,
          81
        ],
        [
          0,
          0,
          442,
          123
        ],
        [
          0,
          0,
          220,
          122
        ],
        [
          452,
          0,
          188,
          71
        ],
        [
          235,
          186,
          405,
          121
        ],
        [
          0,
          133,
          438,
          214
        ],
        [
          0,
          109,
          230,
          236
        ],
        [
          426,
          117,
          214,
          180
        ]
      ]
    },
    "332": {
      "name": "vent",
      "visible_pos": [],
      "bbox2d": []
    },
    "334": {
      "name": "binder",
      "visible_pos": [
        2,
        3,
        4,
        5,
        15
      ],
      "bbox2d": [
        [
          433,
          264,
          152,
          172
        ],
        [
          258,
          239,
          130,
          153
        ],
        [
          53,
          266,
          163,
          154
        ],
        [
          0,
          395,
          9,
          16
        ],
        [
          311,
          479,
          9,
          1
        ]
      ]
    }
  }
}