{
  "e27275c5dff542afb203bb025f0ad291": {
    "870": {
      "name": "ceiling#duct",
      "visible_pos": [
        12,
        13,
        17,
        18,
        19,
        23,
        24,
        25,
        29,
        30,
        31,
        32,
        34,
        35
      ],
      "bbox2d": [
        [
          220,
          0,
          128,
          161
        ],
        [
          0,
          0,
          116,
          148
        ],
        [
          544,
          0,
          96,
          165
        ],
        [
          307,
          0,
          109,
          176
        ],
        [
          65,
          0,
          127,
          168
        ],
        [
          444,
          0,
          154,
          151
        ],
        [
          59,
          0,
          290,
          384
        ],
        [
          0,
          0,
          216,
          373
        ],
        [
          422,
          0,
          218,
          390
        ],
        [
          288,
          0,
          202,
          401
        ],
        [
          67,
          0,
          307,
          392
        ],
        [
          0,
          0,
          239,
          150
        ],
        [
          391,
          0,
          249,
          199
        ],
        [
          260,
          0,
          316,
          373
        ]
      ]
    },
    "891": {
      "name": "column",
      "visible_pos": [],
      "bbox2d": []
    }
  }
}