{
  "7a05a94efc41405aa69a23284769ba42": {
    "1963": {
      "name": "light",
      "visible_pos": [
        18,
        19,
        20,
        30,
        31,
        32,
        33,
        34
      ],
      "bbox2d": [
        [
          442,
          0,
          106,
          93
        ],
        [
          219,
          0,
          126,
          98
        ],
        [
          0,
          0,
          52,
          22
        ],
        [
          435,
          28,
          205,
          290
        ],
        [
          223,
          0,
          417,
          322
        ],
        [
          0,
          33,
          525,
          245
        ],
        [
          0,
          78,
          360,
          47
        ],
        [
          0,
          0,
          206,
          103
        ]
      ]
    }
  }
}