{
  "295adfe3e8494f3bb179307faecd0f11": {
    "1689": {
      "name": "ceiling#duct",
      "visible_pos": [
        13,
        14,
        15,
        16,
        20,
        21,
        22,
        23,
        24,
        25,
        26,
        27,
        28,
        29,
        30,
        31,
        32,
        33,
        34,
        35
      ],
      "bbox2d": [
        [
          617,
          0,
          23,
          19
        ],
        [
          359,
          0,
          281,
          158
        ],
        [
          129,
          0,
          331,
          163
        ],
        [
          0,
          0,
          246,
          154
        ],
        [
          378,
          0,
          262,
          89
        ],
        [
          160,
          0,
          363,
          102
        ],
        [
          0,
          0,
          307,
          101
        ],
        [
          0,
          0,
          6,
          5
        ],
        [
          0,
          0,
          640,
          133
        ],
        [
          132,
          0,
          508,
          258
        ],
        [
          118,
          0,
          522,
          382
        ],
        [
          0,
          0,
          592,
          388
        ],
        [
          0,
          0,
          490,
          378
        ],
        [
          0,
          0,
          372,
          203
        ],
        [
          0,
          0,
          640,
          37
        ],
        [
          216,
          0,
          424,
          226
        ],
        [
          139,
          0,
          501,
          313
        ],
        [
          42,
          0,
          567,
          325
        ],
        [
          0,
          0,
          521,
          325
        ],
        [
          0,
          0,
          446,
          269
        ]
      ]
    },
    "1702": {
      "name": "light",
      "visible_pos": [
        19,
        20,
        21,
        22,
        31,
        32,
        33,
        34,
        35
      ],
      "bbox2d": [
        [
          555,
          0,
          85,
          45
        ],
        [
          316,
          0,
          324,
          83
        ],
        [
          74,
          3,
          401,
          69
        ],
        [
          0,
          0,
          248,
          60
        ],
        [
          527,
          207,
          113,
          69
        ],
        [
          317,
          213,
          323,
          95
        ],
        [
          105,
          242,
          358,
          56
        ],
        [
          0,
          206,
          254,
          82
        ],
        [
          0,
          218,
          23,
          24
        ]
      ]
    },
    "1715": {
      "name": "light",
      "visible_pos": [],
      "bbox2d": []
    }
  }
}