{
  "fbca01b7d4824d9096a088020043b9cb": {
    "581": {
      "name": "light",
      "visible_pos": [
        14,
        15,
        16,
        17,
        26,
        27,
        28,
        29
      ],
      "bbox2d": [
        [
          574,
          0,
          66,
          30
        ],
        [
          330,
          3,
          310,
          61
        ],
        [
          94,
          2,
          316,
          83
        ],
        [
          0,
          0,
          187,
          79
        ],
        [
          541,
          203,
          99,
          60
        ],
        [
          330,
          239,
          310,
          52
        ],
        [
          122,
          241,
          282,
          69
        ],
        [
          0,
          207,
          198,
          97
        ]
      ]
    },
    "592": {
      "name": "light",
      "visible_pos": [
        17,
        18,
        27,
        28,
        29,
        30
      ],
      "bbox2d": [
        [
          310,
          0,
          37,
          30
        ],
        [
          93,
          0,
          10,
          1
        ],
        [
          423,
          0,
          217,
          57
        ],
        [
          271,
          0,
          279,
          237
        ],
        [
          172,
          0,
          173,
          263
        ],
        [
          48,
          0,
          109,
          241
        ]
      ]
    },
    "597": {
      "name": "trash#can",
      "visible_pos": [
        0,
        1,
        10,
        11
      ],
      "bbox2d": [
        [
          165,
          317,
          96,
          151
        ],
        [
          0,
          391,
          96,
          89
        ],
        [
          459,
          350,
          160,
          130
        ],
        [
          313,
          302,
          110,
          149
        ]
      ]
    }
  }
}