{
  "c9c093dbaa184e969dcee554e74ef02c": {
    "46": {
      "name": "table",
      "visible_pos": [
        0,
        1,
        2,
        3,
        4,
        11,
        12,
        13,
        14,
        23
      ],
      "bbox2d": [
        [
          345,
          146,
          295,
          334
        ],
        [
          133,
          133,
          507,
          347
        ],
        [
          0,
          154,
          537,
          326
        ],
        [
          0,
          252,
          352,
          228
        ],
        [
          0,
          284,
          215,
          196
        ],
        [
          543,
          174,
          97,
          306
        ],
        [
          348,
          369,
          292,
          111
        ],
        [
          116,
          356,
          408,
          124
        ],
        [
          0,
          378,
          364,
          102
        ],
        [
          599,
          400,
          41,
          80
        ]
      ]
    },
    "53": {
      "name": "sofa#chair",
      "visible_pos": [
        0,
        1,
        11,
        12,
        13,
        23
      ],
      "bbox2d": [
        [
          225,
          181,
          148,
          140
        ],
        [
          0,
          208,
          199,
          167
        ],
        [
          421,
          188,
          159,
          183
        ],
        [
          212,
          407,
          154,
          73
        ],
        [
          0,
          439,
          137,
          41
        ],
        [
          435,
          415,
          184,
          65
        ]
      ]
    },
    "54": {
      "name": "sofa#chair",
      "visible_pos": [
        2,
        3,
        4,
        5,
        6
      ],
      "bbox2d": [
        [
          496,
          337,
          144,
          143
        ],
        [
          343,
          284,
          239,
          196
        ],
        [
          166,
          261,
          231,
          219
        ],
        [
          0,
          291,
          245,
          189
        ],
        [
          0,
          407,
          79,
          73
        ]
      ]
    },
    "55": {
      "name": "picture",
      "visible_pos": [
        0,
        10,
        11,
        12,
        22,
        23,
        24,
        34,
        35
      ],
      "bbox2d": [
        [
          0,
          0,
          136,
          260
        ],
        [
          421,
          0,
          219,
          216
        ],
        [
          196,
          0,
          175,
          214
        ],
        [
          0,
          0,
          137,
          467
        ],
        [
          426,
          0,
          199,
          449
        ],
        [
          203,
          0,
          162,
          447
        ],
        [
          0,
          162,
          147,
          318
        ],
        [
          417,
          220,
          223,
          260
        ],
        [
          195,
          222,
          176,
          258
        ]
      ]
    },
    "56": {
      "name": "sofa#chair",
      "visible_pos": [
        0,
        1,
        2,
        10,
        11
      ],
      "bbox2d": [
        [
          143,
          310,
          264,
          170
        ],
        [
          0,
          327,
          281,
          153
        ],
        [
          0,
          417,
          77,
          63
        ],
        [
          434,
          348,
          206,
          132
        ],
        [
          297,
          300,
          271,
          180
        ]
      ]
    },
    "57": {
      "name": "sofa#chair",
      "visible_pos": [
        1,
        2,
        3,
        13,
        14,
        15
      ],
      "bbox2d": [
        [
          464,
          181,
          176,
          131
        ],
        [
          263,
          158,
          148,
          95
        ],
        [
          35,
          170,
          181,
          86
        ],
        [
          482,
          408,
          158,
          72
        ],
        [
          256,
          381,
          168,
          99
        ],
        [
          11,
          395,
          190,
          85
        ]
      ]
    },
    "59": {
      "name": "light",
      "visible_pos": [],
      "bbox2d": []
    },
    "61": {
      "name": "light",
      "visible_pos": [
        24,
        25,
        35
      ],
      "bbox2d": [
        [
          341,
          161,
          41,
          60
        ],
        [
          153,
          142,
          48,
          64
        ],
        [
          528,
          114,
          61,
          68
        ]
      ]
    },
    "64": {
      "name": "curtain#rod",
      "visible_pos": [
        17,
        28,
        29,
        30,
        31,
        32
      ],
      "bbox2d": [
        [
          237,
          0,
          1,
          1
        ],
        [
          422,
          79,
          218,
          155
        ],
        [
          232,
          84,
          408,
          157
        ],
        [
          5,
          160,
          567,
          33
        ],
        [
          0,
          90,
          369,
          125
        ],
        [
          0,
          74,
          182,
          127
        ]
      ]
    },
    "66": {
      "name": "light#fixture",
      "visible_pos": [
        12,
        13,
        23,
        24,
        25,
        26,
        35
      ],
      "bbox2d": [
        [
          338,
          0,
          16,
          51
        ],
        [
          103,
          0,
          17,
          28
        ],
        [
          586,
          0,
          15,
          16
        ],
        [
          336,
          0,
          47,
          281
        ],
        [
          129,
          0,
          125,
          262
        ],
        [
          0,
          0,
          35,
          32
        ],
        [
          507,
          0,
          57,
          252
        ]
      ]
    },
    "68": {
      "name": "light",
      "visible_pos": [
        25,
        26,
        27,
        28
      ],
      "bbox2d": [
        [
          632,
          100,
          8,
          13
        ],
        [
          419,
          171,
          53,
          53
        ],
        [
          236,
          180,
          47,
          54
        ],
        [
          18,
          119,
          66,
          70
        ]
      ]
    },
    "43": {
      "name": "curtain",
      "visible_pos": [],
      "bbox2d": []
    },
    "44": {
      "name": "mirror",
      "visible_pos": [],
      "bbox2d": []
    },
    "50": {
      "name": "window",
      "visible_pos": [],
      "bbox2d": []
    },
    "62": {
      "name": "window#frame",
      "visible_pos": [],
      "bbox2d": []
    },
    "179": {
      "name": "window",
      "visible_pos": [],
      "bbox2d": []
    }
  }
}