{
  "d1cfaea89d6a4f39ab73ed917e31f68e": {
    "190": {
      "name": "light",
      "visible_pos": [
        18,
        19,
        24,
        30,
        31,
        32,
        33,
        34,
        35
      ],
      "bbox2d": [
        [
          424,
          0,
          63,
          47
        ],
        [
          201,
          0,
          75,
          51
        ],
        [
          22,
          0,
          118,
          91
        ],
        [
          413,
          0,
          196,
          277
        ],
        [
          214,
          0,
          310,
          280
        ],
        [
          0,
          0,
          504,
          232
        ],
        [
          0,
          0,
          640,
          54
        ],
        [
          141,
          0,
          325,
          131
        ],
        [
          113,
          0,
          190,
          142
        ]
      ]
    },
    "194": {
      "name": "office#chair",
      "visible_pos": [
        0,
        8,
        9,
        10,
        11,
        21,
        22,
        23
      ],
      "bbox2d": [
        [
          0,
          465,
          15,
          15
        ],
        [
          493,
          281,
          147,
          199
        ],
        [
          337,
          230,
          248,
          250
        ],
        [
          162,
          204,
          212,
          276
        ],
        [
          0,
          220,
          230,
          260
        ],
        [
          378,
          466,
          238,
          14
        ],
        [
          177,
          434,
          194,
          46
        ],
        [
          57,
          454,
          86,
          26
        ]
      ]
    },
    "195": {
      "name": "desk",
      "visible_pos": [
        0,
        6,
        7,
        8,
        9,
        10,
        11,
        19,
        20,
        21,
        22,
        23
      ],
      "bbox2d": [
        [
          0,
          247,
          82,
          102
        ],
        [
          517,
          242,
          123,
          148
        ],
        [
          342,
          170,
          298,
          310
        ],
        [
          145,
          160,
          495,
          320
        ],
        [
          0,
          191,
          640,
          286
        ],
        [
          0,
          164,
          497,
          316
        ],
        [
          0,
          174,
          295,
          171
        ],
        [
          351,
          395,
          289,
          85
        ],
        [
          120,
          385,
          520,
          95
        ],
        [
          0,
          419,
          640,
          61
        ],
        [
          0,
          388,
          524,
          92
        ],
        [
          0,
          400,
          292,
          80
        ]
      ]
    },
    "196": {
      "name": "office#chair",
      "visible_pos": [
        6,
        7,
        8,
        9,
        10,
        19,
        20,
        21
      ],
      "bbox2d": [
        [
          512,
          214,
          128,
          266
        ],
        [
          348,
          176,
          202,
          304
        ],
        [
          168,
          184,
          202,
          294
        ],
        [
          0,
          237,
          229,
          243
        ],
        [
          0,
          443,
          9,
          30
        ],
        [
          380,
          402,
          158,
          78
        ],
        [
          154,
          410,
          166,
          70
        ],
        [
          0,
          479,
          3,
          1
        ]
      ]
    },
    "197": {
      "name": "desk",
      "visible_pos": [
        0,
        1,
        2,
        10,
        11,
        12,
        13,
        22,
        23
      ],
      "bbox2d": [
        [
          92,
          166,
          384,
          251
        ],
        [
          0,
          167,
          290,
          235
        ],
        [
          0,
          233,
          131,
          225
        ],
        [
          504,
          201,
          136,
          67
        ],
        [
          302,
          160,
          338,
          320
        ],
        [
          68,
          390,
          430,
          90
        ],
        [
          0,
          391,
          272,
          89
        ],
        [
          540,
          467,
          51,
          13
        ],
        [
          300,
          384,
          340,
          96
        ]
      ]
    },
    "199": {
      "name": "office#chair",
      "visible_pos": [
        0,
        1,
        10,
        11,
        12,
        13,
        22,
        23
      ],
      "bbox2d": [
        [
          113,
          176,
          223,
          295
        ],
        [
          0,
          223,
          179,
          257
        ],
        [
          455,
          192,
          185,
          288
        ],
        [
          307,
          165,
          194,
          315
        ],
        [
          94,
          402,
          198,
          78
        ],
        [
          0,
          458,
          37,
          22
        ],
        [
          574,
          419,
          66,
          61
        ],
        [
          331,
          389,
          193,
          91
        ]
      ]
    },
    "183": {
      "name": "ceiling#duct",
      "visible_pos": [],
      "bbox2d": []
    },
    "193": {
      "name": "column",
      "visible_pos": [],
      "bbox2d": []
    }
  }
}