{
  "f22192d277254633a0affd39d4676fb7": {
    "1232": {
      "name": "ceiling#duct",
      "visible_pos": [
        14,
        15,
        16,
        20,
        21,
        26,
        27,
        28,
        29,
        30,
        31,
        32,
        33,
        34
      ],
      "bbox2d": [
        [
          581,
          0,
          59,
          74
        ],
        [
          335,
          0,
          132,
          112
        ],
        [
          100,
          0,
          150,
          107
        ],
        [
          397,
          0,
          47,
          22
        ],
        [
          179,
          0,
          46,
          17
        ],
        [
          532,
          0,
          108,
          301
        ],
        [
          334,
          0,
          253,
          335
        ],
        [
          127,
          0,
          360,
          330
        ],
        [
          0,
          0,
          426,
          213
        ],
        [
          0,
          0,
          625,
          26
        ],
        [
          219,
          0,
          421,
          205
        ],
        [
          179,
          0,
          285,
          257
        ],
        [
          86,
          0,
          212,
          253
        ],
        [
          0,
          0,
          130,
          188
        ]
      ]
    },
    "1244": {
      "name": "window#frame",
      "visible_pos": [
        1,
        2,
        3,
        13,
        14,
        15,
        25,
        26,
        27
      ],
      "bbox2d": [
        [
          516,
          0,
          124,
          383
        ],
        [
          342,
          0,
          61,
          338
        ],
        [
          79,
          0,
          131,
          358
        ],
        [
          593,
          141,
          47,
          339
        ],
        [
          344,
          118,
          53,
          362
        ],
        [
          111,
          112,
          62,
          368
        ],
        [
          626,
          363,
          14,
          117
        ],
        [
          347,
          341,
          57,
          139
        ],
        [
          79,
          334,
          90,
          146
        ]
      ]
    },
    "1278": {
      "name": "window",
      "visible_pos": [
        1,
        2,
        3,
        13,
        14,
        15,
        25,
        26,
        27
      ],
      "bbox2d": [
        [
          569,
          53,
          71,
          218
        ],
        [
          357,
          0,
          30,
          233
        ],
        [
          98,
          0,
          71,
          249
        ],
        [
          611,
          0,
          29,
          441
        ],
        [
          356,
          27,
          40,
          444
        ],
        [
          126,
          10,
          45,
          470
        ],
        [
          573,
          225,
          67,
          143
        ],
        [
          353,
          263,
          47,
          217
        ],
        [
          98,
          247,
          83,
          233
        ]
      ]
    },
    "1242": {
      "name": "window#frame",
      "visible_pos": [],
      "bbox2d": []
    },
    "1275": {
      "name": "window",
      "visible_pos": [],
      "bbox2d": []
    },
    "1281": {
      "name": "light",
      "visible_pos": [],
      "bbox2d": []
    }
  }
}