{
  "be7c88ff81f04b52b18125c6c9f4b84f": {
    "1129": {
      "name": "light",
      "visible_pos": [
        17,
        18,
        19,
        29,
        30,
        31
      ],
      "bbox2d": [
        [
          549,
          0,
          32,
          69
        ],
        [
          311,
          0,
          24,
          92
        ],
        [
          69,
          0,
          31,
          69
        ],
        [
          497,
          130,
          61,
          166
        ],
        [
          309,
          168,
          33,
          148
        ],
        [
          94,
          143,
          67,
          153
        ]
      ]
    },
    "1144": {
      "name": "window#frame",
      "visible_pos": [
        0,
        6,
        7,
        8,
        9,
        10,
        11
      ],
      "bbox2d": [
        [
          56,
          474,
          22,
          6
        ],
        [
          472,
          360,
          122,
          120
        ],
        [
          310,
          328,
          192,
          152
        ],
        [
          143,
          354,
          333,
          126
        ],
        [
          0,
          421,
          560,
          59
        ],
        [
          161,
          379,
          236,
          101
        ],
        [
          125,
          393,
          134,
          87
        ]
      ]
    },
    "1117": {
      "name": "window",
      "visible_pos": [],
      "bbox2d": []
    },
    "1123": {
      "name": "window",
      "visible_pos": [],
      "bbox2d": []
    },
    "1140": {
      "name": "window#frame",
      "visible_pos": [],
      "bbox2d": []
    }
  }
}