{
  "bc2dc18951fa4648875786ad8e0bfa8f": {
    "1964": {
      "name": "light",
      "visible_pos": [
        17,
        18,
        25,
        26,
        27,
        28,
        29,
        30
      ],
      "bbox2d": [
        [
          336,
          0,
          91,
          77
        ],
        [
          127,
          0,
          77,
          75
        ],
        [
          480,
          0,
          84,
          42
        ],
        [
          331,
          0,
          248,
          87
        ],
        [
          183,
          29,
          457,
          54
        ],
        [
          77,
          0,
          563,
          253
        ],
        [
          67,
          0,
          352,
          303
        ],
        [
          0,
          0,
          212,
          301
        ]
      ]
    }
  }
}