{
  "78bed5216700412fbbf0b50abd153192": {
    "1120": {
      "name": "light",
      "visible_pos": [
        12,
        13,
        23,
        24,
        25,
        34,
        35
      ],
      "bbox2d": [
        [
          205,
          0,
          93,
          151
        ],
        [
          0,
          0,
          51,
          132
        ],
        [
          428,
          0,
          103,
          142
        ],
        [
          152,
          56,
          145,
          318
        ],
        [
          0,
          0,
          75,
          355
        ],
        [
          466,
          5,
          174,
          170
        ],
        [
          311,
          69,
          219,
          296
        ]
      ]
    },
    "1145": {
      "name": "printer",
      "visible_pos": [
        0,
        1,
        2,
        3,
        4,
        5,
        13,
        14,
        15,
        16,
        17
      ],
      "bbox2d": [
        [
          565,
          276,
          75,
          204
        ],
        [
          391,
          215,
          249,
          265
        ],
        [
          200,
          140,
          440,
          340
        ],
        [
          0,
          121,
          546,
          359
        ],
        [
          0,
          130,
          357,
          350
        ],
        [
          0,
          180,
          211,
          300
        ],
        [
          405,
          447,
          209,
          33
        ],
        [
          182,
          363,
          458,
          117
        ],
        [
          51,
          343,
          508,
          137
        ],
        [
          10,
          352,
          321,
          128
        ],
        [
          0,
          406,
          79,
          74
        ]
      ]
    }
  }
}