{
  "cba470cda9c442c2afb25b9a22713108": {
    "1683": {
      "name": "ceiling#duct",
      "visible_pos": [
        13,
        14,
        15,
        16,
        17,
        18,
        19,
        20,
        21,
        22,
        25,
        26,
        27,
        28,
        29,
        30,
        31,
        32,
        33,
        34,
        35
      ],
      "bbox2d": [
        [
          412,
          0,
          228,
          125
        ],
        [
          189,
          0,
          451,
          156
        ],
        [
          0,
          0,
          610,
          167
        ],
        [
          0,
          0,
          525,
          164
        ],
        [
          0,
          0,
          292,
          95
        ],
        [
          29,
          0,
          4,
          8
        ],
        [
          514,
          0,
          100,
          32
        ],
        [
          256,
          0,
          267,
          60
        ],
        [
          55,
          0,
          337,
          33
        ],
        [
          126,
          0,
          43,
          8
        ],
        [
          404,
          0,
          236,
          348
        ],
        [
          200,
          0,
          440,
          380
        ],
        [
          0,
          0,
          640,
          392
        ],
        [
          0,
          0,
          640,
          388
        ],
        [
          0,
          0,
          640,
          319
        ],
        [
          0,
          0,
          640,
          246
        ],
        [
          0,
          0,
          640,
          264
        ],
        [
          0,
          0,
          607,
          289
        ],
        [
          0,
          0,
          391,
          267
        ],
        [
          0,
          0,
          263,
          246
        ],
        [
          0,
          0,
          43,
          41
        ]
      ]
    },
    "1697": {
      "name": "ceiling#pipe",
      "visible_pos": [
        18,
        24,
        25,
        26,
        29,
        30,
        31,
        35
      ],
      "bbox2d": [
        [
          331,
          0,
          20,
          2
        ],
        [
          299,
          0,
          71,
          224
        ],
        [
          138,
          0,
          101,
          204
        ],
        [
          0,
          0,
          8,
          8
        ],
        [
          431,
          0,
          130,
          211
        ],
        [
          294,
          0,
          72,
          241
        ],
        [
          116,
          0,
          119,
          222
        ],
        [
          444,
          0,
          109,
          191
        ]
      ]
    },
    "1705": {
      "name": "window",
      "visible_pos": [
        0,
        1,
        2,
        9,
        10,
        11,
        12,
        13,
        14,
        22,
        23,
        24,
        25,
        26,
        34,
        35
      ],
      "bbox2d": [
        [
          0,
          0,
          640,
          365
        ],
        [
          0,
          0,
          406,
          433
        ],
        [
          0,
          0,
          174,
          408
        ],
        [
          587,
          261,
          53,
          126
        ],
        [
          378,
          0,
          262,
          431
        ],
        [
          158,
          0,
          482,
          394
        ],
        [
          0,
          26,
          640,
          454
        ],
        [
          0,
          0,
          399,
          480
        ],
        [
          0,
          23,
          175,
          457
        ],
        [
          395,
          0,
          245,
          480
        ],
        [
          171,
          2,
          469,
          478
        ],
        [
          0,
          260,
          640,
          220
        ],
        [
          0,
          219,
          406,
          261
        ],
        [
          0,
          258,
          167,
          222
        ],
        [
          407,
          221,
          233,
          259
        ],
        [
          158,
          237,
          482,
          243
        ]
      ]
    },
    "1694": {
      "name": "column",
      "visible_pos": [],
      "bbox2d": []
    }
  }
}