{
  "48035d7667d44de7affa4fc201a6fb68": {
    "1850": {
      "name": "ceiling#duct",
      "visible_pos": [
        0,
        1,
        2,
        3,
        4,
        5,
        6,
        7,
        11,
        12,
        13,
        14,
        15,
        16,
        17,
        18,
        19,
        23,
        24,
        25,
        26,
        27,
        28,
        29,
        30,
        35
      ],
      "bbox2d": [
        [
          359,
          0,
          281,
          480
        ],
        [
          100,
          0,
          540,
          480
        ],
        [
          0,
          0,
          640,
          480
        ],
        [
          0,
          0,
          640,
          480
        ],
        [
          0,
          0,
          640,
          480
        ],
        [
          0,
          0,
          513,
          480
        ],
        [
          0,
          0,
          276,
          480
        ],
        [
          7,
          109,
          7,
          13
        ],
        [
          601,
          61,
          39,
          340
        ],
        [
          359,
          0,
          281,
          480
        ],
        [
          129,
          0,
          511,
          480
        ],
        [
          0,
          0,
          640,
          480
        ],
        [
          0,
          0,
          640,
          480
        ],
        [
          0,
          0,
          640,
          480
        ],
        [
          0,
          0,
          510,
          480
        ],
        [
          0,
          0,
          277,
          480
        ],
        [
          10,
          189,
          11,
          157
        ],
        [
          615,
          88,
          25,
          357
        ],
        [
          359,
          0,
          281,
          480
        ],
        [
          100,
          0,
          540,
          480
        ],
        [
          0,
          23,
          640,
          457
        ],
        [
          0,
          55,
          640,
          425
        ],
        [
          0,
          0,
          640,
          480
        ],
        [
          0,
          30,
          524,
          450
        ],
        [
          0,
          34,
          245,
          446
        ],
        [
          602,
          310,
          38,
          104
        ]
      ]
    },
    "1887": {
      "name": "light",
      "visible_pos": [
        12,
        13,
        23,
        24,
        25,
        35
      ],
      "bbox2d": [
        [
          297,
          0,
          26,
          39
        ],
        [
          56,
          0,
          27,
          7
        ],
        [
          530,
          0,
          33,
          12
        ],
        [
          284,
          0,
          38,
          271
        ],
        [
          87,
          0,
          81,
          245
        ],
        [
          419,
          0,
          111,
          249
        ]
      ]
    },
    "1894": {
      "name": "picture",
      "visible_pos": [
        0,
        10,
        11,
        12,
        22,
        23,
        24,
        34,
        35
      ],
      "bbox2d": [
        [
          42,
          0,
          71,
          73
        ],
        [
          583,
          0,
          57,
          78
        ],
        [
          319,
          0,
          48,
          64
        ],
        [
          63,
          152,
          68,
          146
        ],
        [
          543,
          156,
          74,
          147
        ],
        [
          307,
          167,
          54,
          125
        ],
        [
          42,
          376,
          74,
          104
        ],
        [
          551,
          379,
          89,
          101
        ],
        [
          306,
          390,
          61,
          90
        ]
      ]
    },
    "1898": {
      "name": "picture",
      "visible_pos": [
        7,
        8,
        9,
        19,
        20,
        21,
        31,
        32,
        33
      ],
      "bbox2d": [
        [
          466,
          0,
          120,
          102
        ],
        [
          220,
          0,
          92,
          90
        ],
        [
          0,
          0,
          63,
          104
        ],
        [
          456,
          181,
          95,
          144
        ],
        [
          233,
          184,
          80,
          131
        ],
        [
          0,
          178,
          70,
          149
        ],
        [
          473,
          408,
          113,
          72
        ],
        [
          220,
          411,
          92,
          69
        ],
        [
          0,
          403,
          48,
          77
        ]
      ]
    },
    "1899": {
      "name": "picture",
      "visible_pos": [
        9,
        10,
        11,
        21,
        22,
        23,
        33,
        34,
        35
      ],
      "bbox2d": [
        [
          517,
          0,
          123,
          106
        ],
        [
          262,
          0,
          107,
          89
        ],
        [
          0,
          0,
          128,
          98
        ],
        [
          497,
          167,
          126,
          162
        ],
        [
          269,
          177,
          95,
          136
        ],
        [
          7,
          167,
          129,
          154
        ],
        [
          509,
          392,
          119,
          88
        ],
        [
          262,
          403,
          80,
          77
        ],
        [
          0,
          392,
          84,
          88
        ]
      ]
    },
    "1883": {
      "name": "column",
      "visible_pos": [],
      "bbox2d": []
    }
  }
}