{
  "b375d293491e4cf88d154d2720bf293b": {
    "1850": {
      "name": "ceiling#duct",
      "visible_pos": [
        0,
        1,
        2,
        3,
        4,
        5,
        6,
        7,
        11,
        12,
        13,
        14,
        15,
        16,
        17,
        18,
        23,
        24,
        25,
        26,
        27,
        28,
        29,
        30,
        35
      ],
      "bbox2d": [
        [
          345,
          0,
          295,
          480
        ],
        [
          78,
          0,
          562,
          480
        ],
        [
          0,
          0,
          640,
          480
        ],
        [
          0,
          310,
          640,
          112
        ],
        [
          0,
          247,
          512,
          233
        ],
        [
          0,
          144,
          476,
          336
        ],
        [
          0,
          138,
          255,
          342
        ],
        [
          0,
          172,
          2,
          7
        ],
        [
          597,
          0,
          43,
          265
        ],
        [
          343,
          0,
          297,
          480
        ],
        [
          110,
          0,
          530,
          480
        ],
        [
          0,
          0,
          640,
          480
        ],
        [
          0,
          0,
          640,
          244
        ],
        [
          0,
          0,
          640,
          228
        ],
        [
          0,
          0,
          485,
          480
        ],
        [
          0,
          0,
          259,
          388
        ],
        [
          592,
          143,
          48,
          277
        ],
        [
          346,
          42,
          294,
          438
        ],
        [
          78,
          0,
          562,
          480
        ],
        [
          0,
          0,
          640,
          480
        ],
        [
          0,
          89,
          640,
          382
        ],
        [
          0,
          0,
          640,
          464
        ],
        [
          0,
          0,
          495,
          466
        ],
        [
          0,
          53,
          255,
          412
        ],
        [
          598,
          366,
          42,
          114
        ]
      ]
    },
    "1880": {
      "name": "ceiling#pipe",
      "visible_pos": [
        12,
        13,
        17,
        18,
        19,
        24,
        25,
        26,
        28,
        29,
        30,
        31,
        35
      ],
      "bbox2d": [
        [
          409,
          0,
          34,
          49
        ],
        [
          185,
          0,
          37,
          45
        ],
        [
          420,
          0,
          101,
          155
        ],
        [
          199,
          0,
          90,
          163
        ],
        [
          0,
          70,
          37,
          76
        ],
        [
          400,
          0,
          134,
          279
        ],
        [
          198,
          0,
          226,
          276
        ],
        [
          0,
          0,
          331,
          188
        ],
        [
          336,
          0,
          304,
          186
        ],
        [
          224,
          0,
          302,
          379
        ],
        [
          110,
          0,
          178,
          387
        ],
        [
          0,
          129,
          34,
          241
        ],
        [
          636,
          184,
          4,
          44
        ]
      ]
    },
    "1891": {
      "name": "picture",
      "visible_pos": [
        7,
        8,
        9,
        19,
        20,
        21,
        31,
        32,
        33
      ],
      "bbox2d": [
        [
          546,
          0,
          94,
          187
        ],
        [
          299,
          0,
          207,
          169
        ],
        [
          15,
          0,
          241,
          165
        ],
        [
          537,
          129,
          103,
          284
        ],
        [
          302,
          109,
          179,
          284
        ],
        [
          55,
          109,
          200,
          280
        ],
        [
          546,
          352,
          94,
          128
        ],
        [
          299,
          333,
          207,
          147
        ],
        [
          15,
          332,
          239,
          148
        ]
      ]
    },
    "1897": {
      "name": "picture",
      "visible_pos": [
        6,
        7,
        8,
        18,
        19,
        20,
        30,
        31,
        32
      ],
      "bbox2d": [
        [
          576,
          0,
          47,
          52
        ],
        [
          311,
          0,
          30,
          44
        ],
        [
          33,
          0,
          47,
          51
        ],
        [
          549,
          195,
          36,
          86
        ],
        [
          312,
          200,
          26,
          76
        ],
        [
          69,
          194,
          35,
          86
        ],
        [
          575,
          423,
          43,
          57
        ],
        [
          316,
          431,
          19,
          49
        ],
        [
          37,
          422,
          29,
          58
        ]
      ]
    },
    "1883": {
      "name": "column",
      "visible_pos": [],
      "bbox2d": []
    }
  }
}