{
  "73f178674ed0409ba292fbc4d057a1ec": {
    "1829": {
      "name": "light",
      "visible_pos": [
        17,
        26,
        27,
        28,
        29,
        30
      ],
      "bbox2d": [
        [
          342,
          0,
          26,
          4
        ],
        [
          497,
          0,
          69,
          22
        ],
        [
          349,
          8,
          291,
          73
        ],
        [
          203,
          2,
          375,
          207
        ],
        [
          76,
          0,
          292,
          243
        ],
        [
          0,
          0,
          179,
          226
        ]
      ]
    }
  }
}