{
  "93f865a2b9104cd3864fdf80446b0e97": {
    "909": {
      "name": "counter",
      "visible_pos": [
        0,
        1,
        2,
        3,
        4,
        5,
        6,
        7,
        12,
        13,
        14,
        15,
        16,
        17,
        18
      ],
      "bbox2d": [
        [
          415,
          57,
          225,
          423
        ],
        [
          182,
          57,
          458,
          423
        ],
        [
          0,
          70,
          640,
          410
        ],
        [
          0,
          120,
          640,
          360
        ],
        [
          0,
          67,
          640,
          413
        ],
        [
          0,
          62,
          443,
          418
        ],
        [
          0,
          72,
          232,
          408
        ],
        [
          0,
          294,
          3,
          15
        ],
        [
          412,
          285,
          228,
          195
        ],
        [
          189,
          285,
          451,
          195
        ],
        [
          0,
          296,
          640,
          184
        ],
        [
          0,
          342,
          640,
          138
        ],
        [
          0,
          294,
          640,
          186
        ],
        [
          0,
          290,
          441,
          190
        ],
        [
          0,
          298,
          219,
          182
        ]
      ]
    },
    "884": {
      "name": "column",
      "visible_pos": [],
      "bbox2d": []
    }
  }
}