{
  "de07fa6aafd04c698dbc2dd9cdae9948": {
    "151": {
      "name": "statue",
      "visible_pos": [
        0,
        9,
        10,
        11,
        21,
        22,
        23
      ],
      "bbox2d": [
        [
          0,
          354,
          24,
          46
        ],
        [
          537,
          52,
          103,
          326
        ],
        [
          333,
          3,
          126,
          311
        ],
        [
          92,
          3,
          140,
          317
        ],
        [
          577,
          266,
          63,
          214
        ],
        [
          332,
          242,
          119,
          238
        ],
        [
          96,
          242,
          132,
          238
        ]
      ]
    },
    "154": {
      "name": "picture",
      "visible_pos": [
        0,
        1,
        2,
        12,
        13,
        14
      ],
      "bbox2d": [
        [
          482,
          122,
          88,
          191
        ],
        [
          274,
          112,
          70,
          166
        ],
        [
          30,
          133,
          126,
          168
        ],
        [
          498,
          345,
          98,
          135
        ],
        [
          270,
          335,
          76,
          145
        ],
        [
          9,
          355,
          105,
          125
        ]
      ]
    },
    "198": {
      "name": "light",
      "visible_pos": [],
      "bbox2d": []
    },
    "156": {
      "name": "picture",
      "visible_pos": [],
      "bbox2d": []
    },
    "161": {
      "name": "stairs#2",
      "visible_pos": [],
      "bbox2d": []
    }
  }
}