{
  "3ba299de6a664924abcfaa9ebd81129f": {
    "684": {
      "name": "skylight",
      "visible_pos": [
        24,
        25,
        33,
        34,
        35
      ],
      "bbox2d": [
        [
          19,
          0,
          302,
          174
        ],
        [
          0,
          0,
          170,
          137
        ],
        [
          318,
          0,
          322,
          64
        ],
        [
          190,
          0,
          450,
          185
        ],
        [
          122,
          0,
          375,
          205
        ]
      ]
    },
    "686": {
      "name": "chair",
      "visible_pos": [
        0,
        1,
        9,
        10,
        11,
        12,
        22,
        23
      ],
      "bbox2d": [
        [
          30,
          212,
          325,
          265
        ],
        [
          0,
          279,
          183,
          201
        ],
        [
          637,
          416,
          3,
          12
        ],
        [
          431,
          235,
          209,
          245
        ],
        [
          250,
          200,
          304,
          280
        ],
        [
          75,
          444,
          191,
          36
        ],
        [
          473,
          474,
          167,
          6
        ],
        [
          240,
          430,
          221,
          50
        ]
      ]
    },
    "697": {
      "name": "plant",
      "visible_pos": [
        0,
        1,
        2,
        12,
        13,
        14,
        24,
        25,
        26
      ],
      "bbox2d": [
        [
          419,
          0,
          221,
          279
        ],
        [
          169,
          0,
          229,
          240
        ],
        [
          0,
          0,
          165,
          257
        ],
        [
          409,
          101,
          231,
          361
        ],
        [
          185,
          128,
          245,
          352
        ],
        [
          0,
          121,
          208,
          359
        ],
        [
          486,
          324,
          154,
          156
        ],
        [
          237,
          351,
          194,
          129
        ],
        [
          0,
          343,
          207,
          137
        ]
      ]
    },
    "700": {
      "name": "skylight",
      "visible_pos": [
        18,
        19,
        29,
        30,
        31,
        32,
        33
      ],
      "bbox2d": [
        [
          325,
          0,
          189,
          26
        ],
        [
          135,
          0,
          158,
          37
        ],
        [
          473,
          12,
          167,
          216
        ],
        [
          319,
          5,
          268,
          255
        ],
        [
          123,
          2,
          285,
          268
        ],
        [
          0,
          0,
          254,
          230
        ],
        [
          0,
          0,
          82,
          44
        ]
      ]
    },
    "703": {
      "name": "clock",
      "visible_pos": [
        15,
        16,
        26,
        27,
        28,
        29
      ],
      "bbox2d": [
        [
          393,
          0,
          93,
          27
        ],
        [
          174,
          0,
          113,
          31
        ],
        [
          546,
          69,
          94,
          141
        ],
        [
          350,
          152,
          144,
          109
        ],
        [
          163,
          149,
          137,
          116
        ],
        [
          0,
          65,
          102,
          149
        ]
      ]
    }
  }
}