{
  "47a909e21ba94ce3a681a72afe023b5d": {
    "39": {
      "name": "sofa#chair",
      "visible_pos": [
        3,
        4,
        5,
        6,
        15,
        16,
        17,
        18
      ],
      "bbox2d": [
        [
          472,
          235,
          168,
          245
        ],
        [
          296,
          172,
          218,
          232
        ],
        [
          89,
          169,
          220,
          260
        ],
        [
          0,
          216,
          122,
          264
        ],
        [
          532,
          474,
          36,
          6
        ],
        [
          297,
          397,
          247,
          83
        ],
        [
          71,
          394,
          236,
          86
        ],
        [
          0,
          460,
          50,
          20
        ]
      ]
    },
    "54": {
      "name": "pot",
      "visible_pos": [
        5,
        6,
        7,
        8,
        18,
        19
      ],
      "bbox2d": [
        [
          617,
          190,
          23,
          86
        ],
        [
          386,
          56,
          90,
          169
        ],
        [
          161,
          57,
          91,
          171
        ],
        [
          0,
          232,
          20,
          41
        ],
        [
          387,
          285,
          89,
          176
        ],
        [
          162,
          286,
          89,
          178
        ]
      ]
    },
    "57": {
      "name": "pot",
      "visible_pos": [
        5,
        6,
        7,
        17,
        18,
        19
      ],
      "bbox2d": [
        [
          472,
          112,
          126,
          137
        ],
        [
          248,
          102,
          105,
          122
        ],
        [
          0,
          114,
          148,
          142
        ],
        [
          473,
          335,
          137,
          145
        ],
        [
          248,
          326,
          109,
          132
        ],
        [
          0,
          338,
          126,
          142
        ]
      ]
    },
    "60": {
      "name": "plant",
      "visible_pos": [
        5,
        6,
        7,
        17,
        18,
        19
      ],
      "bbox2d": [
        [
          517,
          62,
          104,
          83
        ],
        [
          274,
          56,
          90,
          67
        ],
        [
          3,
          66,
          130,
          77
        ],
        [
          506,
          290,
          115,
          78
        ],
        [
          277,
          285,
          86,
          61
        ],
        [
          19,
          294,
          115,
          72
        ]
      ]
    },
    "38": {
      "name": "step",
      "visible_pos": [],
      "bbox2d": []
    }
  }
}