{
  "f9476cd1a1624f0a9da157147bf9aec8": {
    "326": {
      "name": "plant",
      "visible_pos": [
        6,
        7,
        8,
        9,
        10,
        11
      ],
      "bbox2d": [
        [
          522,
          438,
          118,
          42
        ],
        [
          349,
          302,
          291,
          178
        ],
        [
          216,
          260,
          333,
          220
        ],
        [
          70,
          270,
          308,
          210
        ],
        [
          0,
          328,
          222,
          152
        ],
        [
          0,
          460,
          41,
          20
        ]
      ]
    },
    "330": {
      "name": "plant",
      "visible_pos": [
        4,
        5,
        6,
        7,
        8,
        9
      ],
      "bbox2d": [
        [
          567,
          458,
          73,
          22
        ],
        [
          364,
          371,
          276,
          109
        ],
        [
          233,
          321,
          353,
          159
        ],
        [
          82,
          308,
          324,
          172
        ],
        [
          0,
          331,
          326,
          149
        ],
        [
          0,
          428,
          187,
          52
        ]
      ]
    },
    "331": {
      "name": "pot",
      "visible_pos": [],
      "bbox2d": []
    },
    "341": {
      "name": "pot",
      "visible_pos": [
        7,
        8,
        9,
        10,
        11
      ],
      "bbox2d": [
        [
          480,
          473,
          35,
          7
        ],
        [
          315,
          382,
          230,
          98
        ],
        [
          194,
          348,
          179,
          132
        ],
        [
          109,
          364,
          108,
          116
        ],
        [
          24,
          467,
          10,
          13
        ]
      ]
    }
  }
}