{
  "35ff23c384f84395ae6be7ebd4f845ce": {
    "357": {
      "name": "chair",
      "visible_pos": [
        1,
        2,
        3,
        4,
        13,
        14
      ],
      "bbox2d": [
        [
          441,
          235,
          199,
          244
        ],
        [
          248,
          224,
          227,
          164
        ],
        [
          25,
          260,
          265,
          119
        ],
        [
          0,
          305,
          103,
          173
        ],
        [
          464,
          473,
          35,
          7
        ],
        [
          238,
          459,
          91,
          21
        ]
      ]
    }
  }
}