{
  "efaf68f3964f4cda858a98f265e6feb9": {
    "565": {
      "name": "picture",
      "visible_pos": [
        3,
        4,
        5,
        15,
        16,
        17,
        27,
        28,
        29
      ],
      "bbox2d": [
        [
          461,
          0,
          75,
          86
        ],
        [
          208,
          0,
          69,
          80
        ],
        [
          0,
          64,
          8,
          21
        ],
        [
          444,
          84,
          65,
          227
        ],
        [
          222,
          95,
          58,
          211
        ],
        [
          0,
          59,
          23,
          262
        ],
        [
          447,
          309,
          89,
          171
        ],
        [
          208,
          318,
          71,
          162
        ],
        [
          0,
          286,
          32,
          115
        ]
      ]
    },
    "567": {
      "name": "skylight",
      "visible_pos": [],
      "bbox2d": []
    }
  }
}