{
  "dfae0abd79ac4828a7377e1de64d2cc6": {
    "332": {
      "name": "coffee#table",
      "visible_pos": [
        7,
        8,
        9,
        10,
        11
      ],
      "bbox2d": [
        [
          422,
          356,
          218,
          124
        ],
        [
          282,
          312,
          358,
          168
        ],
        [
          124,
          324,
          382,
          156
        ],
        [
          0,
          309,
          353,
          171
        ],
        [
          0,
          356,
          212,
          124
        ]
      ]
    },
    "339": {
      "name": "plant",
      "visible_pos": [
        7,
        8,
        9,
        10,
        11
      ],
      "bbox2d": [
        [
          616,
          452,
          24,
          28
        ],
        [
          427,
          287,
          182,
          154
        ],
        [
          266,
          260,
          135,
          136
        ],
        [
          90,
          281,
          133,
          161
        ],
        [
          0,
          362,
          9,
          118
        ]
      ]
    }
  }
}