{
  "bd2d16e81707455eacd72cda7eb5d3d5": {
    "676": {
      "name": "desk",
      "visible_pos": [
        3,
        4,
        5,
        6,
        7,
        8,
        15,
        16,
        17,
        18
      ],
      "bbox2d": [
        [
          432,
          198,
          208,
          282
        ],
        [
          237,
          165,
          403,
          315
        ],
        [
          0,
          174,
          623,
          306
        ],
        [
          0,
          235,
          447,
          245
        ],
        [
          0,
          247,
          299,
          233
        ],
        [
          0,
          357,
          152,
          123
        ],
        [
          453,
          427,
          187,
          53
        ],
        [
          229,
          389,
          342,
          91
        ],
        [
          0,
          399,
          442,
          81
        ],
        [
          0,
          473,
          397,
          7
        ]
      ]
    },
    "685": {
      "name": "skylight",
      "visible_pos": [
        24,
        25,
        26,
        27,
        28,
        29
      ],
      "bbox2d": [
        [
          597,
          0,
          43,
          6
        ],
        [
          412,
          0,
          228,
          168
        ],
        [
          261,
          0,
          379,
          213
        ],
        [
          94,
          0,
          431,
          203
        ],
        [
          0,
          0,
          369,
          176
        ],
        [
          0,
          0,
          228,
          125
        ]
      ]
    },
    "688": {
      "name": "chair",
      "visible_pos": [
        4,
        5,
        6,
        7,
        16,
        17,
        18
      ],
      "bbox2d": [
        [
          511,
          155,
          129,
          138
        ],
        [
          304,
          127,
          158,
          123
        ],
        [
          90,
          134,
          178,
          105
        ],
        [
          0,
          257,
          53,
          37
        ],
        [
          537,
          379,
          103,
          101
        ],
        [
          302,
          350,
          178,
          130
        ],
        [
          55,
          357,
          205,
          121
        ]
      ]
    },
    "695": {
      "name": "bed",
      "visible_pos": [
        6,
        7,
        8,
        9,
        10,
        11,
        19,
        20,
        21
      ],
      "bbox2d": [
        [
          575,
          293,
          65,
          187
        ],
        [
          401,
          232,
          239,
          248
        ],
        [
          212,
          211,
          428,
          269
        ],
        [
          0,
          210,
          416,
          270
        ],
        [
          0,
          241,
          234,
          239
        ],
        [
          0,
          316,
          47,
          164
        ],
        [
          420,
          469,
          25,
          11
        ],
        [
          199,
          443,
          302,
          37
        ],
        [
          134,
          441,
          290,
          39
        ]
      ]
    },
    "698": {
      "name": "pillow",
      "visible_pos": [
        7,
        8,
        9,
        10,
        20
      ],
      "bbox2d": [
        [
          548,
          279,
          92,
          129
        ],
        [
          346,
          238,
          126,
          89
        ],
        [
          153,
          248,
          137,
          75
        ],
        [
          0,
          305,
          97,
          91
        ],
        [
          368,
          477,
          24,
          3
        ]
      ]
    },
    "699": {
      "name": "pillow",
      "visible_pos": [
        7,
        8,
        9,
        20
      ],
      "bbox2d": [
        [
          444,
          250,
          95,
          151
        ],
        [
          259,
          239,
          96,
          127
        ],
        [
          48,
          281,
          140,
          122
        ],
        [
          257,
          478,
          9,
          2
        ]
      ]
    },
    "701": {
      "name": "pillow",
      "visible_pos": [
        8,
        9,
        10
      ],
      "bbox2d": [
        [
          462,
          288,
          119,
          49
        ],
        [
          282,
          252,
          91,
          56
        ],
        [
          89,
          267,
          95,
          73
        ]
      ]
    },
    "709": {
      "name": "pillow",
      "visible_pos": [
        7,
        8,
        9,
        19,
        20
      ],
      "bbox2d": [
        [
          480,
          238,
          87,
          79
        ],
        [
          287,
          221,
          75,
          60
        ],
        [
          74,
          254,
          99,
          56
        ],
        [
          515,
          478,
          6,
          2
        ],
        [
          282,
          455,
          38,
          25
        ]
      ]
    },
    "710": {
      "name": "pillow",
      "visible_pos": [
        8,
        9,
        10,
        21
      ],
      "bbox2d": [
        [
          463,
          268,
          144,
          37
        ],
        [
          275,
          237,
          112,
          46
        ],
        [
          70,
          248,
          125,
          77
        ],
        [
          335,
          477,
          61,
          3
        ]
      ]
    },
    "712": {
      "name": "pillow",
      "visible_pos": [
        7,
        8,
        9,
        10
      ],
      "bbox2d": [
        [
          580,
          368,
          60,
          90
        ],
        [
          386,
          304,
          112,
          72
        ],
        [
          213,
          286,
          103,
          70
        ],
        [
          3,
          324,
          133,
          85
        ]
      ]
    },
    "708": {
      "name": "window#frame",
      "visible_pos": [],
      "bbox2d": []
    }
  }
}