{
  "39f7bd2434cc4f4798baec7990880eb6": {
    "75": {
      "name": "pillow",
      "visible_pos": [],
      "bbox2d": []
    },
    "76": {
      "name": "couch",
      "visible_pos": [
        15,
        16,
        27,
        28,
        29,
        30
      ],
      "bbox2d": [
        [
          449,
          0,
          40,
          38
        ],
        [
          226,
          0,
          48,
          43
        ],
        [
          436,
          0,
          181,
          270
        ],
        [
          235,
          0,
          288,
          273
        ],
        [
          0,
          35,
          420,
          189
        ],
        [
          0,
          29,
          279,
          23
        ]
      ]
    },
    "78": {
      "name": "stand",
      "visible_pos": [],
      "bbox2d": []
    },
    "83": {
      "name": "wall#\\other#room",
      "visible_pos": [
        16,
        17,
        18,
        19,
        20,
        28,
        29,
        30,
        31,
        32
      ],
      "bbox2d": [
        [
          470,
          175,
          170,
          42
        ],
        [
          245,
          169,
          395,
          50
        ],
        [
          0,
          182,
          583,
          32
        ],
        [
          0,
          168,
          337,
          48
        ],
        [
          0,
          176,
          103,
          37
        ],
        [
          485,
          403,
          155,
          47
        ],
        [
          236,
          395,
          404,
          58
        ],
        [
          0,
          409,
          612,
          35
        ],
        [
          0,
          394,
          339,
          55
        ],
        [
          0,
          405,
          78,
          40
        ]
      ]
    },
    "84": {
      "name": "wall#\\other#room",
      "visible_pos": [
        18,
        19,
        20,
        21,
        22,
        30,
        31,
        32,
        33,
        34
      ],
      "bbox2d": [
        [
          572,
          169,
          68,
          42
        ],
        [
          329,
          131,
          311,
          85
        ],
        [
          92,
          122,
          534,
          91
        ],
        [
          0,
          144,
          436,
          53
        ],
        [
          0,
          122,
          213,
          71
        ],
        [
          591,
          400,
          49,
          43
        ],
        [
          330,
          354,
          310,
          95
        ],
        [
          71,
          345,
          555,
          100
        ],
        [
          0,
          367,
          445,
          59
        ],
        [
          0,
          343,
          205,
          79
        ]
      ]
    },
    "85": {
      "name": "wall#\\other#room",
      "visible_pos": [
        14,
        15,
        16,
        17,
        26,
        27,
        28,
        29
      ],
      "bbox2d": [
        [
          463,
          148,
          177,
          54
        ],
        [
          236,
          166,
          404,
          42
        ],
        [
          0,
          152,
          477,
          65
        ],
        [
          0,
          157,
          254,
          62
        ],
        [
          467,
          372,
          173,
          60
        ],
        [
          231,
          390,
          409,
          49
        ],
        [
          0,
          376,
          496,
          75
        ],
        [
          0,
          382,
          246,
          70
        ]
      ]
    },
    "87": {
      "name": "ceiling#\\other#room",
      "visible_pos": [
        14,
        15,
        16,
        17,
        18,
        19,
        20,
        21,
        22,
        23,
        24,
        25,
        26,
        27,
        28,
        29,
        30,
        31,
        32,
        33,
        34,
        35
      ],
      "bbox2d": [
        [
          324,
          0,
          316,
          170
        ],
        [
          118,
          0,
          522,
          201
        ],
        [
          0,
          0,
          640,
          199
        ],
        [
          0,
          0,
          640,
          196
        ],
        [
          0,
          0,
          640,
          187
        ],
        [
          0,
          0,
          640,
          194
        ],
        [
          0,
          0,
          640,
          188
        ],
        [
          0,
          0,
          637,
          164
        ],
        [
          0,
          0,
          421,
          148
        ],
        [
          0,
          10,
          198,
          77
        ],
        [
          0,
          20,
          640,
          80
        ],
        [
          25,
          0,
          596,
          240
        ],
        [
          53,
          0,
          587,
          395
        ],
        [
          0,
          0,
          640,
          431
        ],
        [
          0,
          0,
          640,
          429
        ],
        [
          0,
          0,
          640,
          426
        ],
        [
          0,
          0,
          640,
          414
        ],
        [
          0,
          0,
          640,
          423
        ],
        [
          0,
          0,
          640,
          414
        ],
        [
          0,
          0,
          640,
          389
        ],
        [
          0,
          0,
          584,
          372
        ],
        [
          0,
          0,
          600,
          321
        ]
      ]
    },
    "252": {
      "name": "barrel",
      "visible_pos": [
        1,
        2,
        3,
        4,
        14,
        15,
        16
      ],
      "bbox2d": [
        [
          558,
          306,
          82,
          174
        ],
        [
          369,
          195,
          133,
          285
        ],
        [
          217,
          183,
          83,
          297
        ],
        [
          0,
          215,
          154,
          265
        ],
        [
          430,
          424,
          94,
          56
        ],
        [
          208,
          410,
          84,
          70
        ],
        [
          0,
          448,
          42,
          32
        ]
      ]
    }
  }
}