{
  "c8a362a30cc24a5f952f1818a5f28048": {
    "276": {
      "name": "mirror",
      "visible_pos": [
        0,
        1,
        2,
        12,
        13,
        14,
        24,
        25,
        26
      ],
      "bbox2d": [
        [
          498,
          0,
          142,
          186
        ],
        [
          258,
          0,
          109,
          161
        ],
        [
          0,
          0,
          130,
          176
        ],
        [
          489,
          170,
          129,
          243
        ],
        [
          262,
          179,
          99,
          206
        ],
        [
          0,
          169,
          132,
          232
        ],
        [
          519,
          394,
          121,
          86
        ],
        [
          258,
          404,
          109,
          76
        ],
        [
          0,
          393,
          110,
          87
        ]
      ]
    },
    "279": {
      "name": "drawers",
      "visible_pos": [
        0,
        1,
        2,
        3,
        11,
        12,
        13,
        14
      ],
      "bbox2d": [
        [
          392,
          117,
          231,
          289
        ],
        [
          175,
          116,
          205,
          249
        ],
        [
          0,
          130,
          213,
          290
        ],
        [
          0,
          440,
          17,
          11
        ],
        [
          607,
          245,
          33,
          229
        ],
        [
          400,
          340,
          240,
          140
        ],
        [
          176,
          339,
          207,
          141
        ],
        [
          0,
          356,
          158,
          124
        ]
      ]
    },
    "291": {
      "name": "box",
      "visible_pos": [
        0,
        1,
        2,
        12,
        13,
        14
      ],
      "bbox2d": [
        [
          427,
          85,
          162,
          85
        ],
        [
          206,
          78,
          134,
          85
        ],
        [
          0,
          93,
          110,
          105
        ],
        [
          430,
          310,
          156,
          85
        ],
        [
          205,
          304,
          134,
          83
        ],
        [
          0,
          317,
          105,
          101
        ]
      ]
    },
    "294": {
      "name": "curtain#rail",
      "visible_pos": [
        24,
        25,
        26,
        27,
        28
      ],
      "bbox2d": [
        [
          513,
          0,
          68,
          109
        ],
        [
          339,
          0,
          143,
          158
        ],
        [
          170,
          0,
          250,
          142
        ],
        [
          0,
          3,
          409,
          19
        ],
        [
          223,
          0,
          53,
          23
        ]
      ]
    },
    "272": {
      "name": "window",
      "visible_pos": [],
      "bbox2d": []
    },
    "280": {
      "name": "window",
      "visible_pos": [],
      "bbox2d": []
    },
    "284": {
      "name": "window",
      "visible_pos": [],
      "bbox2d": []
    },
    "286": {
      "name": "curtain",
      "visible_pos": [],
      "bbox2d": []
    }
  }
}