{
  "ae71514af4dd481d9b6a00a7d323cfc1": {
    "346": {
      "name": "fan",
      "visible_pos": [
        24,
        32,
        33,
        34,
        35
      ],
      "bbox2d": [
        [
          11,
          0,
          77,
          41
        ],
        [
          406,
          0,
          229,
          133
        ],
        [
          269,
          3,
          319,
          186
        ],
        [
          138,
          0,
          271,
          184
        ],
        [
          0,
          0,
          256,
          114
        ]
      ]
    },
    "351": {
      "name": "pillow",
      "visible_pos": [
        6,
        7,
        8,
        9,
        18,
        19,
        20,
        21
      ],
      "bbox2d": [
        [
          584,
          201,
          56,
          142
        ],
        [
          367,
          150,
          118,
          130
        ],
        [
          156,
          147,
          132,
          134
        ],
        [
          0,
          201,
          80,
          150
        ],
        [
          634,
          431,
          6,
          27
        ],
        [
          371,
          373,
          136,
          107
        ],
        [
          144,
          370,
          139,
          110
        ],
        [
          0,
          467,
          9,
          13
        ]
      ]
    },
    "357": {
      "name": "window",
      "visible_pos": [
        4,
        5,
        6,
        7,
        16,
        17,
        18,
        19,
        28,
        29,
        30,
        31
      ],
      "bbox2d": [
        [
          553,
          121,
          87,
          230
        ],
        [
          360,
          0,
          175,
          293
        ],
        [
          118,
          0,
          170,
          309
        ],
        [
          0,
          82,
          78,
          274
        ],
        [
          629,
          87,
          11,
          393
        ],
        [
          368,
          117,
          145,
          363
        ],
        [
          140,
          108,
          143,
          372
        ],
        [
          0,
          115,
          28,
          365
        ],
        [
          617,
          310,
          23,
          55
        ],
        [
          368,
          340,
          168,
          140
        ],
        [
          118,
          332,
          159,
          148
        ],
        [
          0,
          335,
          13,
          65
        ]
      ]
    },
    "361": {
      "name": "bench",
      "visible_pos": [
        0,
        1,
        2,
        3,
        4,
        5,
        6,
        10,
        11,
        12,
        13,
        14,
        22,
        23
      ],
      "bbox2d": [
        [
          115,
          78,
          525,
          402
        ],
        [
          0,
          94,
          624,
          386
        ],
        [
          0,
          121,
          640,
          359
        ],
        [
          0,
          280,
          640,
          200
        ],
        [
          0,
          252,
          448,
          228
        ],
        [
          10,
          261,
          283,
          219
        ],
        [
          0,
          313,
          131,
          167
        ],
        [
          541,
          163,
          99,
          317
        ],
        [
          330,
          83,
          310,
          397
        ],
        [
          96,
          304,
          522,
          176
        ],
        [
          0,
          319,
          361,
          161
        ],
        [
          0,
          343,
          132,
          137
        ],
        [
          576,
          387,
          64,
          93
        ],
        [
          332,
          308,
          308,
          172
        ]
      ]
    },
    "372": {
      "name": "pillow",
      "visible_pos": [
        0,
        1,
        11,
        12,
        13,
        23
      ],
      "bbox2d": [
        [
          320,
          177,
          95,
          114
        ],
        [
          117,
          189,
          100,
          115
        ],
        [
          515,
          209,
          125,
          135
        ],
        [
          320,
          403,
          107,
          77
        ],
        [
          91,
          417,
          113,
          63
        ],
        [
          573,
          440,
          67,
          40
        ]
      ]
    },
    "373": {
      "name": "plant",
      "visible_pos": [
        1,
        2,
        3,
        14
      ],
      "bbox2d": [
        [
          420,
          250,
          60,
          50
        ],
        [
          237,
          241,
          50,
          46
        ],
        [
          21,
          285,
          65,
          55
        ],
        [
          249,
          479,
          1,
          1
        ]
      ]
    },
    "375": {
      "name": "pillow",
      "visible_pos": [
        0,
        1,
        2,
        11,
        12,
        13
      ],
      "bbox2d": [
        [
          380,
          190,
          120,
          143
        ],
        [
          192,
          192,
          106,
          130
        ],
        [
          0,
          246,
          99,
          137
        ],
        [
          581,
          250,
          59,
          162
        ],
        [
          404,
          419,
          121,
          61
        ],
        [
          182,
          421,
          114,
          59
        ]
      ]
    },
    "381": {
      "name": "coffee#table",
      "visible_pos": [
        0,
        7,
        8,
        9,
        10,
        11
      ],
      "bbox2d": [
        [
          0,
          406,
          77,
          74
        ],
        [
          415,
          448,
          162,
          32
        ],
        [
          283,
          355,
          357,
          125
        ],
        [
          143,
          295,
          450,
          185
        ],
        [
          75,
          299,
          326,
          181
        ],
        [
          0,
          332,
          257,
          148
        ]
      ]
    },
    "384": {
      "name": "book",
      "visible_pos": [
        8,
        9,
        10
      ],
      "bbox2d": [
        [
          349,
          420,
          147,
          60
        ],
        [
          214,
          403,
          160,
          77
        ],
        [
          103,
          434,
          132,
          46
        ]
      ]
    },
    "345": {
      "name": "fireplace",
      "visible_pos": [],
      "bbox2d": []
    }
  }
}