{
  "1cee4c97015545f597400825b252e091": {
    "359": {
      "name": "window",
      "visible_pos": [
        1,
        2,
        3,
        4,
        14,
        15,
        26,
        27
      ],
      "bbox2d": [
        [
          635,
          285,
          5,
          8
        ],
        [
          406,
          94,
          45,
          153
        ],
        [
          207,
          94,
          23,
          152
        ],
        [
          0,
          300,
          2,
          5
        ],
        [
          417,
          124,
          33,
          356
        ],
        [
          194,
          126,
          33,
          354
        ],
        [
          423,
          347,
          45,
          133
        ],
        [
          188,
          349,
          38,
          130
        ]
      ]
    },
    "349": {
      "name": "armchair",
      "visible_pos": [],
      "bbox2d": []
    },
    "360": {
      "name": "cabinet",
      "visible_pos": [],
      "bbox2d": []
    }
  }
}