{
  "acfc7a38863c412bbde815478879ed54": {
    "220": {
      "name": "stair",
      "visible_pos": [],
      "bbox2d": []
    },
    "226": {
      "name": "chair",
      "visible_pos": [
        0,
        1,
        2,
        11,
        12,
        13,
        14
      ],
      "bbox2d": [
        [
          370,
          156,
          213,
          275
        ],
        [
          168,
          136,
          191,
          293
        ],
        [
          0,
          150,
          174,
          330
        ],
        [
          555,
          229,
          85,
          251
        ],
        [
          377,
          379,
          225,
          101
        ],
        [
          151,
          358,
          208,
          122
        ],
        [
          0,
          374,
          119,
          106
        ]
      ]
    },
    "239": {
      "name": "chair",
      "visible_pos": [
        3,
        4,
        5,
        6,
        7,
        16,
        17,
        18
      ],
      "bbox2d": [
        [
          486,
          374,
          154,
          106
        ],
        [
          322,
          208,
          258,
          272
        ],
        [
          158,
          197,
          222,
          283
        ],
        [
          0,
          234,
          211,
          246
        ],
        [
          0,
          416,
          23,
          64
        ],
        [
          468,
          439,
          67,
          41
        ],
        [
          242,
          426,
          95,
          54
        ],
        [
          0,
          472,
          17,
          8
        ]
      ]
    },
    "260": {
      "name": "fruit#bowl",
      "visible_pos": [
        1,
        2,
        3,
        4
      ],
      "bbox2d": [
        [
          510,
          328,
          127,
          104
        ],
        [
          336,
          279,
          90,
          86
        ],
        [
          160,
          290,
          98,
          84
        ],
        [
          0,
          360,
          74,
          107
        ]
      ]
    },
    "263": {
      "name": "bench",
      "visible_pos": [
        0,
        1,
        10,
        11
      ],
      "bbox2d": [
        [
          104,
          327,
          166,
          153
        ],
        [
          0,
          394,
          110,
          86
        ],
        [
          302,
          360,
          318,
          120
        ],
        [
          209,
          314,
          220,
          166
        ]
      ]
    },
    "264": {
      "name": "stair",
      "visible_pos": [],
      "bbox2d": []
    },
    "240": {
      "name": "table",
      "visible_pos": [],
      "bbox2d": []
    }
  }
}