{
  "7fb6b56858c14239a79f65ef01e8691b": {
    "62": {
      "name": "light",
      "visible_pos": [],
      "bbox2d": []
    },
    "64": {
      "name": "door#nob",
      "visible_pos": [
        6,
        7,
        8
      ],
      "bbox2d": [
        [
          457,
          376,
          45,
          41
        ],
        [
          298,
          345,
          39,
          41
        ],
        [
          131,
          378,
          46,
          46
        ]
      ]
    },
    "65": {
      "name": "door#knob",
      "visible_pos": [
        0,
        1,
        10,
        11
      ],
      "bbox2d": [
        [
          149,
          365,
          51,
          44
        ],
        [
          0,
          470,
          5,
          10
        ],
        [
          476,
          375,
          57,
          50
        ],
        [
          314,
          338,
          47,
          43
        ]
      ]
    }
  }
}