{
  "9afe7c95718743e288c6f3dceb252faf": {
    "29": {
      "name": "pot",
      "visible_pos": [
        0,
        1,
        2,
        3
      ],
      "bbox2d": [
        [
          506,
          410,
          115,
          70
        ],
        [
          351,
          349,
          170,
          131
        ],
        [
          202,
          341,
          152,
          139
        ],
        [
          21,
          370,
          177,
          110
        ]
      ]
    }
  }
}