{
  "e706d1515b7449558aada9f826b27d2b": {
    "343": {
      "name": "vase",
      "visible_pos": [
        1,
        2,
        3,
        14
      ],
      "bbox2d": [
        [
          429,
          243,
          84,
          110
        ],
        [
          247,
          227,
          75,
          102
        ],
        [
          36,
          261,
          103,
          114
        ],
        [
          251,
          463,
          61,
          17
        ]
      ]
    },
    "351": {
      "name": "pillow",
      "visible_pos": [
        8,
        9,
        10,
        11,
        20,
        21,
        22
      ],
      "bbox2d": [
        [
          507,
          206,
          133,
          198
        ],
        [
          317,
          180,
          109,
          144
        ],
        [
          103,
          198,
          151,
          126
        ],
        [
          0,
          323,
          61,
          65
        ],
        [
          556,
          437,
          84,
          43
        ],
        [
          316,
          406,
          100,
          74
        ],
        [
          76,
          428,
          114,
          52
        ]
      ]
    },
    "384": {
      "name": "book",
      "visible_pos": [
        0,
        1,
        10,
        11
      ],
      "bbox2d": [
        [
          107,
          257,
          118,
          68
        ],
        [
          0,
          355,
          11,
          14
        ],
        [
          485,
          277,
          135,
          81
        ],
        [
          300,
          247,
          105,
          49
        ]
      ]
    },
    "334": {
      "name": "windowframe",
      "visible_pos": [],
      "bbox2d": []
    },
    "345": {
      "name": "fireplace",
      "visible_pos": [],
      "bbox2d": []
    },
    "348": {
      "name": "curtain",
      "visible_pos": [],
      "bbox2d": []
    },
    "357": {
      "name": "window",
      "visible_pos": [],
      "bbox2d": []
    },
    "370": {
      "name": "window",
      "visible_pos": [],
      "bbox2d": []
    }
  }
}