{
  "519b19d242994285bd99db910f4717f6": {
    "229": {
      "name": "fireplace",
      "visible_pos": [
        1,
        2,
        3,
        4,
        13,
        14,
        15,
        16,
        26,
        27,
        28
      ],
      "bbox2d": [
        [
          560,
          108,
          80,
          132
        ],
        [
          333,
          0,
          307,
          270
        ],
        [
          99,
          0,
          322,
          227
        ],
        [
          0,
          0,
          224,
          247
        ],
        [
          578,
          320,
          62,
          139
        ],
        [
          333,
          174,
          307,
          306
        ],
        [
          97,
          178,
          337,
          285
        ],
        [
          0,
          168,
          211,
          310
        ],
        [
          458,
          400,
          115,
          80
        ],
        [
          208,
          404,
          94,
          76
        ],
        [
          0,
          394,
          19,
          86
        ]
      ]
    },
    "239": {
      "name": "chair",
      "visible_pos": [
        0,
        8,
        9,
        10,
        11,
        21,
        22
      ],
      "bbox2d": [
        [
          0,
          444,
          194,
          36
        ],
        [
          509,
          272,
          131,
          208
        ],
        [
          344,
          219,
          249,
          261
        ],
        [
          169,
          216,
          315,
          264
        ],
        [
          0,
          269,
          337,
          211
        ],
        [
          401,
          453,
          59,
          27
        ],
        [
          180,
          450,
          59,
          30
        ]
      ]
    },
    "240": {
      "name": "table",
      "visible_pos": [
        0,
        1,
        9,
        10,
        11,
        12,
        13,
        22,
        23
      ],
      "bbox2d": [
        [
          0,
          187,
          366,
          293
        ],
        [
          0,
          227,
          184,
          253
        ],
        [
          525,
          272,
          115,
          208
        ],
        [
          349,
          202,
          291,
          278
        ],
        [
          166,
          181,
          403,
          299
        ],
        [
          0,
          414,
          360,
          66
        ],
        [
          0,
          463,
          100,
          17
        ],
        [
          383,
          432,
          257,
          48
        ],
        [
          169,
          407,
          400,
          73
        ]
      ]
    },
    "245": {
      "name": "chair",
      "visible_pos": [
        4,
        5,
        6,
        7,
        8,
        17,
        18,
        19,
        20
      ],
      "bbox2d": [
        [
          470,
          341,
          170,
          139
        ],
        [
          327,
          184,
          313,
          296
        ],
        [
          168,
          157,
          351,
          323
        ],
        [
          0,
          171,
          316,
          309
        ],
        [
          0,
          234,
          160,
          246
        ],
        [
          573,
          410,
          67,
          70
        ],
        [
          325,
          381,
          225,
          99
        ],
        [
          92,
          397,
          222,
          83
        ],
        [
          51,
          477,
          16,
          3
        ]
      ]
    },
    "260": {
      "name": "fruit#bowl",
      "visible_pos": [
        0,
        10,
        11,
        12,
        22,
        23
      ],
      "bbox2d": [
        [
          124,
          216,
          73,
          56
        ],
        [
          532,
          237,
          88,
          64
        ],
        [
          327,
          202,
          66,
          54
        ],
        [
          109,
          449,
          70,
          31
        ],
        [
          606,
          476,
          23,
          4
        ],
        [
          328,
          432,
          75,
          48
        ]
      ]
    },
    "220": {
      "name": "stair",
      "visible_pos": [],
      "bbox2d": []
    },
    "230": {
      "name": "ladder",
      "visible_pos": [],
      "bbox2d": []
    }
  }
}