{
  "2b9fc7a9ebdd4114b3e1f78a8abd1c61": {
    "25": {
      "name": "plant",
      "visible_pos": [
        2,
        3,
        4,
        5,
        6
      ],
      "bbox2d": [
        [
          606,
          479,
          9,
          1
        ],
        [
          392,
          387,
          147,
          93
        ],
        [
          254,
          344,
          114,
          136
        ],
        [
          93,
          361,
          124,
          119
        ],
        [
          0,
          466,
          21,
          14
        ]
      ]
    },
    "28": {
      "name": "stool",
      "visible_pos": [
        7,
        8,
        9,
        10
      ],
      "bbox2d": [
        [
          474,
          303,
          166,
          177
        ],
        [
          307,
          251,
          140,
          159
        ],
        [
          134,
          256,
          134,
          159
        ],
        [
          0,
          307,
          91,
          173
        ]
      ]
    }
  }
}