{
  "effa4354d216404ab0f9ea64cbec3144": {
    "104": {
      "name": "table",
      "visible_pos": [
        5,
        6,
        7,
        17,
        18,
        19
      ],
      "bbox2d": [
        [
          422,
          207,
          218,
          197
        ],
        [
          233,
          188,
          176,
          173
        ],
        [
          7,
          204,
          205,
          195
        ],
        [
          446,
          438,
          194,
          42
        ],
        [
          222,
          415,
          197,
          65
        ],
        [
          0,
          434,
          196,
          46
        ]
      ]
    },
    "110": {
      "name": "chair",
      "visible_pos": [
        0,
        1,
        2,
        3,
        4,
        5,
        14,
        15,
        16
      ],
      "bbox2d": [
        [
          615,
          402,
          25,
          78
        ],
        [
          425,
          245,
          215,
          235
        ],
        [
          250,
          157,
          374,
          323
        ],
        [
          35,
          154,
          373,
          326
        ],
        [
          0,
          198,
          230,
          282
        ],
        [
          0,
          346,
          24,
          134
        ],
        [
          288,
          381,
          352,
          99
        ],
        [
          123,
          378,
          279,
          102
        ],
        [
          0,
          427,
          179,
          53
        ]
      ]
    },
    "118": {
      "name": "chair",
      "visible_pos": [
        5,
        6,
        7,
        8,
        9,
        19,
        20
      ],
      "bbox2d": [
        [
          508,
          345,
          132,
          135
        ],
        [
          352,
          241,
          281,
          239
        ],
        [
          198,
          212,
          210,
          258
        ],
        [
          0,
          227,
          222,
          253
        ],
        [
          0,
          455,
          1,
          23
        ],
        [
          228,
          444,
          190,
          36
        ],
        [
          88,
          463,
          104,
          17
        ]
      ]
    },
    "136": {
      "name": "sofa#chair",
      "visible_pos": [
        0,
        1,
        2,
        3
      ],
      "bbox2d": [
        [
          616,
          459,
          6,
          14
        ],
        [
          428,
          370,
          4,
          10
        ],
        [
          268,
          359,
          5,
          9
        ],
        [
          94,
          416,
          8,
          9
        ]
      ]
    },
    "106": {
      "name": "fireplace",
      "visible_pos": [],
      "bbox2d": []
    }
  }
}