{
  "8a27e5d9583e4459a0db21d42d8f0249": {
    "276": {
      "name": "mirror",
      "visible_pos": [
        1,
        2,
        3,
        4,
        13,
        14,
        15,
        25,
        26,
        27
      ],
      "bbox2d": [
        [
          405,
          0,
          235,
          305
        ],
        [
          173,
          0,
          339,
          274
        ],
        [
          0,
          0,
          273,
          261
        ],
        [
          0,
          139,
          68,
          170
        ],
        [
          409,
          109,
          231,
          329
        ],
        [
          185,
          132,
          308,
          348
        ],
        [
          0,
          117,
          266,
          363
        ],
        [
          430,
          333,
          210,
          147
        ],
        [
          173,
          355,
          339,
          125
        ],
        [
          0,
          339,
          251,
          141
        ]
      ]
    },
    "279": {
      "name": "drawers",
      "visible_pos": [
        0,
        1,
        2,
        3,
        4,
        12,
        13,
        14,
        15
      ],
      "bbox2d": [
        [
          436,
          216,
          204,
          264
        ],
        [
          267,
          187,
          373,
          293
        ],
        [
          44,
          202,
          473,
          278
        ],
        [
          0,
          196,
          335,
          284
        ],
        [
          0,
          239,
          197,
          241
        ],
        [
          487,
          449,
          121,
          31
        ],
        [
          261,
          414,
          94,
          66
        ],
        [
          14,
          431,
          477,
          49
        ],
        [
          229,
          424,
          39,
          56
        ]
      ]
    },
    "291": {
      "name": "box",
      "visible_pos": [
        0,
        1,
        2,
        3,
        12,
        13,
        14,
        15
      ],
      "bbox2d": [
        [
          538,
          208,
          102,
          181
        ],
        [
          335,
          139,
          305,
          227
        ],
        [
          133,
          134,
          290,
          204
        ],
        [
          0,
          164,
          224,
          209
        ],
        [
          598,
          439,
          42,
          41
        ],
        [
          338,
          362,
          302,
          118
        ],
        [
          115,
          357,
          321,
          123
        ],
        [
          0,
          388,
          214,
          92
        ]
      ]
    },
    "294": {
      "name": "curtain#rail",
      "visible_pos": [
        26,
        27,
        28,
        29,
        30
      ],
      "bbox2d": [
        [
          442,
          0,
          17,
          19
        ],
        [
          294,
          3,
          346,
          44
        ],
        [
          163,
          0,
          342,
          142
        ],
        [
          155,
          0,
          170,
          174
        ],
        [
          59,
          0,
          87,
          145
        ]
      ]
    },
    "297": {
      "name": "fan",
      "visible_pos": [
        24,
        33,
        34,
        35
      ],
      "bbox2d": [
        [
          29,
          0,
          121,
          98
        ],
        [
          442,
          0,
          198,
          115
        ],
        [
          281,
          0,
          199,
          136
        ],
        [
          108,
          0,
          207,
          139
        ]
      ]
    },
    "272": {
      "name": "window",
      "visible_pos": [],
      "bbox2d": []
    },
    "274": {
      "name": "bed",
      "visible_pos": [],
      "bbox2d": []
    },
    "284": {
      "name": "window",
      "visible_pos": [],
      "bbox2d": []
    },
    "286": {
      "name": "curtain",
      "visible_pos": [],
      "bbox2d": []
    }
  }
}