{
  "3a256f31181143e9844d11ca49211aa4": {
    "31": {
      "name": "railing",
      "visible_pos": [
        6,
        7,
        8,
        9,
        10,
        11
      ],
      "bbox2d": [
        [
          406,
          421,
          75,
          59
        ],
        [
          270,
          398,
          140,
          82
        ],
        [
          114,
          443,
          350,
          37
        ],
        [
          242,
          393,
          196,
          87
        ],
        [
          179,
          380,
          109,
          100
        ],
        [
          102,
          435,
          31,
          45
        ]
      ]
    },
    "36": {
      "name": "steps",
      "visible_pos": [],
      "bbox2d": []
    }
  }
}