{
  "0f69425af2544c6f981c0ae9a7f9b829": {
    "4": {
      "name": "book#rack",
      "visible_pos": [
        0,
        1,
        2,
        3,
        4,
        5,
        6,
        7,
        11,
        12,
        13,
        14,
        15,
        16,
        17,
        18,
        19,
        24,
        25,
        26,
        27,
        28,
        29,
        30,
        31
      ],
      "bbox2d": [
        [
          378,
          0,
          262,
          391
        ],
        [
          156,
          0,
          484,
          480
        ],
        [
          0,
          0,
          640,
          480
        ],
        [
          0,
          0,
          640,
          480
        ],
        [
          0,
          0,
          640,
          480
        ],
        [
          0,
          0,
          550,
          480
        ],
        [
          0,
          0,
          295,
          480
        ],
        [
          0,
          16,
          83,
          464
        ],
        [
          553,
          268,
          87,
          212
        ],
        [
          390,
          0,
          250,
          480
        ],
        [
          165,
          0,
          475,
          480
        ],
        [
          0,
          0,
          640,
          480
        ],
        [
          0,
          0,
          640,
          480
        ],
        [
          0,
          0,
          640,
          480
        ],
        [
          0,
          0,
          527,
          480
        ],
        [
          0,
          0,
          295,
          480
        ],
        [
          0,
          124,
          45,
          356
        ],
        [
          393,
          2,
          247,
          478
        ],
        [
          156,
          0,
          484,
          480
        ],
        [
          0,
          0,
          640,
          480
        ],
        [
          0,
          41,
          640,
          439
        ],
        [
          0,
          0,
          640,
          480
        ],
        [
          0,
          0,
          553,
          480
        ],
        [
          0,
          0,
          293,
          480
        ],
        [
          0,
          346,
          28,
          122
        ]
      ]
    },
    "10": {
      "name": "chair",
      "visible_pos": [
        0,
        1,
        2,
        3,
        11
      ],
      "bbox2d": [
        [
          379,
          288,
          261,
          192
        ],
        [
          222,
          243,
          268,
          237
        ],
        [
          38,
          246,
          275,
          234
        ],
        [
          0,
          295,
          160,
          185
        ],
        [
          553,
          429,
          86,
          51
        ]
      ]
    }
  }
}