{
  "f8190b68f53e40268771352a91bab873": {
    "1434": {
      "name": "sink",
      "visible_pos": [
        1,
        2,
        3,
        4,
        5,
        15,
        16
      ],
      "bbox2d": [
        [
          571,
          319,
          69,
          161
        ],
        [
          378,
          234,
          262,
          246
        ],
        [
          201,
          193,
          218,
          287
        ],
        [
          0,
          201,
          242,
          279
        ],
        [
          0,
          307,
          53,
          173
        ],
        [
          234,
          420,
          184,
          60
        ],
        [
          148,
          430,
          42,
          50
        ]
      ]
    },
    "1441": {
      "name": "mirror",
      "visible_pos": [
        2,
        3,
        4,
        14,
        15,
        16,
        26,
        27,
        28
      ],
      "bbox2d": [
        [
          433,
          0,
          207,
          182
        ],
        [
          194,
          0,
          223,
          164
        ],
        [
          0,
          0,
          187,
          194
        ],
        [
          430,
          4,
          210,
          405
        ],
        [
          207,
          43,
          201,
          345
        ],
        [
          0,
          0,
          185,
          422
        ],
        [
          433,
          243,
          207,
          237
        ],
        [
          194,
          274,
          227,
          206
        ],
        [
          0,
          230,
          173,
          250
        ]
      ]
    },
    "1442": {
      "name": "toilet",
      "visible_pos": [
        0,
        1,
        2,
        3,
        13,
        14
      ],
      "bbox2d": [
        [
          451,
          303,
          189,
          177
        ],
        [
          301,
          233,
          236,
          238
        ],
        [
          145,
          228,
          196,
          252
        ],
        [
          0,
          279,
          171,
          201
        ],
        [
          430,
          470,
          35,
          10
        ],
        [
          208,
          464,
          66,
          16
        ]
      ]
    },
    "1443": {
      "name": "toiletry",
      "visible_pos": [
        1,
        2,
        3,
        13,
        14,
        15,
        25,
        26,
        27
      ],
      "bbox2d": [
        [
          534,
          0,
          40,
          28
        ],
        [
          273,
          0,
          29,
          25
        ],
        [
          0,
          0,
          23,
          29
        ],
        [
          508,
          223,
          32,
          38
        ],
        [
          279,
          225,
          25,
          34
        ],
        [
          22,
          222,
          37,
          42
        ],
        [
          537,
          458,
          36,
          22
        ],
        [
          274,
          460,
          28,
          20
        ],
        [
          0,
          456,
          20,
          24
        ]
      ]
    },
    "1446": {
      "name": "towel",
      "visible_pos": [
        0,
        1,
        10,
        11,
        12,
        13,
        22,
        23
      ],
      "bbox2d": [
        [
          103,
          106,
          180,
          261
        ],
        [
          0,
          155,
          85,
          297
        ],
        [
          494,
          186,
          146,
          257
        ],
        [
          313,
          109,
          172,
          256
        ],
        [
          70,
          329,
          203,
          151
        ],
        [
          0,
          411,
          8,
          69
        ],
        [
          550,
          435,
          90,
          45
        ],
        [
          312,
          332,
          186,
          148
        ]
      ]
    },
    "1447": {
      "name": "toiletry",
      "visible_pos": [
        1,
        2,
        13,
        14,
        15,
        25,
        26
      ],
      "bbox2d": [
        [
          493,
          0,
          39,
          24
        ],
        [
          237,
          0,
          34,
          23
        ],
        [
          473,
          211,
          31,
          48
        ],
        [
          248,
          213,
          28,
          44
        ],
        [
          0,
          209,
          18,
          53
        ],
        [
          496,
          443,
          36,
          37
        ],
        [
          238,
          446,
          31,
          34
        ]
      ]
    },
    "1448": {
      "name": "towel",
      "visible_pos": [
        2,
        3,
        4,
        5,
        15,
        16
      ],
      "bbox2d": [
        [
          588,
          322,
          52,
          158
        ],
        [
          401,
          227,
          83,
          159
        ],
        [
          222,
          220,
          73,
          149
        ],
        [
          1,
          262,
          116,
          160
        ],
        [
          442,
          463,
          46,
          17
        ],
        [
          218,
          454,
          63,
          26
        ]
      ]
    },
    "1449": {
      "name": "bin",
      "visible_pos": [
        2,
        3,
        4,
        5
      ],
      "bbox2d": [
        [
          491,
          425,
          117,
          55
        ],
        [
          344,
          350,
          81,
          130
        ],
        [
          194,
          347,
          101,
          133
        ],
        [
          19,
          414,
          110,
          66
        ]
      ]
    },
    "1450": {
      "name": "tissue#box#stand",
      "visible_pos": [
        1,
        2,
        3,
        4
      ],
      "bbox2d": [
        [
          473,
          312,
          129,
          168
        ],
        [
          319,
          267,
          74,
          185
        ],
        [
          140,
          276,
          100,
          189
        ],
        [
          0,
          410,
          66,
          70
        ]
      ]
    },
    "1451": {
      "name": "rack",
      "visible_pos": [
        1,
        2,
        3,
        13,
        14,
        15,
        25
      ],
      "bbox2d": [
        [
          468,
          5,
          120,
          113
        ],
        [
          218,
          5,
          102,
          104
        ],
        [
          0,
          7,
          59,
          124
        ],
        [
          452,
          246,
          108,
          95
        ],
        [
          229,
          237,
          91,
          95
        ],
        [
          0,
          245,
          80,
          108
        ],
        [
          574,
          477,
          1,
          1
        ]
      ]
    },
    "1452": {
      "name": "picture",
      "visible_pos": [
        3,
        4,
        5,
        15,
        16,
        17,
        27,
        28,
        29
      ],
      "bbox2d": [
        [
          521,
          0,
          114,
          207
        ],
        [
          289,
          0,
          58,
          180
        ],
        [
          2,
          0,
          125,
          198
        ],
        [
          525,
          229,
          68,
          209
        ],
        [
          293,
          230,
          51,
          176
        ],
        [
          42,
          228,
          69,
          198
        ],
        [
          554,
          465,
          81,
          15
        ],
        [
          289,
          467,
          58,
          13
        ],
        [
          1,
          464,
          80,
          16
        ]
      ]
    },
    "1453": {
      "name": "shelf",
      "visible_pos": [
        2,
        3,
        4,
        14,
        15,
        16
      ],
      "bbox2d": [
        [
          428,
          168,
          212,
          87
        ],
        [
          220,
          160,
          174,
          56
        ],
        [
          0,
          169,
          190,
          93
        ],
        [
          436,
          393,
          204,
          87
        ],
        [
          213,
          384,
          188,
          65
        ],
        [
          0,
          394,
          177,
          86
        ]
      ]
    },
    "1454": {
      "name": "picture",
      "visible_pos": [
        15,
        16,
        17,
        27,
        28,
        29
      ],
      "bbox2d": [
        [
          473,
          118,
          42,
          111
        ],
        [
          249,
          131,
          35,
          99
        ],
        [
          0,
          104,
          30,
          123
        ],
        [
          488,
          340,
          45,
          126
        ],
        [
          240,
          349,
          44,
          118
        ],
        [
          0,
          330,
          34,
          100
        ]
      ]
    },
    "1456": {
      "name": "picture",
      "visible_pos": [
        0,
        11,
        12,
        22,
        23,
        24,
        35
      ],
      "bbox2d": [
        [
          117,
          0,
          34,
          18
        ],
        [
          380,
          0,
          30,
          16
        ],
        [
          143,
          190,
          35,
          64
        ],
        [
          633,
          202,
          7,
          43
        ],
        [
          371,
          192,
          31,
          61
        ],
        [
          118,
          417,
          43,
          63
        ],
        [
          377,
          419,
          36,
          61
        ]
      ]
    },
    "1457": {
      "name": "toilet#paper",
      "visible_pos": [
        0,
        1,
        10,
        11
      ],
      "bbox2d": [
        [
          213,
          356,
          49,
          60
        ],
        [
          35,
          428,
          64,
          52
        ],
        [
          524,
          417,
          78,
          63
        ],
        [
          364,
          351,
          54,
          65
        ]
      ]
    }
  }
}