{
  "7c10509acee1485ebbaf50f1effb907e": {
    "1412": {
      "name": "chair",
      "visible_pos": [
        7,
        8,
        9,
        10,
        11,
        20,
        21
      ],
      "bbox2d": [
        [
          463,
          247,
          177,
          233
        ],
        [
          282,
          213,
          281,
          267
        ],
        [
          83,
          224,
          329,
          256
        ],
        [
          0,
          333,
          274,
          147
        ],
        [
          12,
          477,
          92,
          3
        ],
        [
          305,
          445,
          87,
          35
        ],
        [
          100,
          459,
          67,
          21
        ]
      ]
    },
    "1430": {
      "name": "trash#bin",
      "visible_pos": [
        0,
        1,
        2,
        3
      ],
      "bbox2d": [
        [
          540,
          471,
          50,
          9
        ],
        [
          372,
          392,
          94,
          88
        ],
        [
          234,
          383,
          90,
          97
        ],
        [
          73,
          439,
          111,
          41
        ]
      ]
    },
    "1431": {
      "name": "door#stopper",
      "visible_pos": [],
      "bbox2d": []
    },
    "1378": {
      "name": "curtain",
      "visible_pos": [],
      "bbox2d": []
    },
    "1398": {
      "name": "window",
      "visible_pos": [],
      "bbox2d": []
    }
  }
}