{
  "b0f72ba7e21947e780e3301e364e97da": {
    "1494": {
      "name": "bed",
      "visible_pos": [
        0,
        1,
        2,
        3,
        4,
        5,
        6,
        13,
        14,
        15,
        16
      ],
      "bbox2d": [
        [
          431,
          314,
          209,
          166
        ],
        [
          296,
          205,
          344,
          275
        ],
        [
          148,
          184,
          492,
          296
        ],
        [
          0,
          198,
          640,
          282
        ],
        [
          0,
          205,
          507,
          275
        ],
        [
          0,
          240,
          363,
          240
        ],
        [
          0,
          373,
          226,
          107
        ],
        [
          484,
          436,
          156,
          44
        ],
        [
          236,
          410,
          321,
          70
        ],
        [
          31,
          428,
          507,
          52
        ],
        [
          84,
          435,
          250,
          45
        ]
      ]
    },
    "1506": {
      "name": "picture",
      "visible_pos": [
        0,
        1,
        10,
        11,
        12,
        13,
        22,
        23,
        24,
        34,
        35
      ],
      "bbox2d": [
        [
          0,
          0,
          377,
          288
        ],
        [
          0,
          63,
          186,
          247
        ],
        [
          451,
          0,
          189,
          310
        ],
        [
          223,
          0,
          370,
          295
        ],
        [
          0,
          212,
          385,
          268
        ],
        [
          0,
          226,
          52,
          254
        ],
        [
          459,
          211,
          181,
          269
        ],
        [
          235,
          213,
          298,
          267
        ],
        [
          0,
          443,
          264,
          37
        ],
        [
          479,
          447,
          161,
          33
        ],
        [
          223,
          446,
          304,
          34
        ]
      ]
    },
    "1510": {
      "name": "chair",
      "visible_pos": [
        5,
        6,
        7,
        8,
        9,
        19,
        20,
        21
      ],
      "bbox2d": [
        [
          512,
          440,
          128,
          40
        ],
        [
          304,
          344,
          336,
          136
        ],
        [
          206,
          194,
          332,
          286
        ],
        [
          53,
          184,
          292,
          296
        ],
        [
          0,
          220,
          163,
          260
        ],
        [
          462,
          423,
          40,
          57
        ],
        [
          235,
          411,
          62,
          69
        ],
        [
          0,
          454,
          12,
          26
        ]
      ]
    },
    "1513": {
      "name": "picture",
      "visible_pos": [
        0,
        1,
        2,
        12,
        13,
        14,
        24,
        25,
        26
      ],
      "bbox2d": [
        [
          636,
          86,
          4,
          25
        ],
        [
          367,
          0,
          135,
          91
        ],
        [
          104,
          0,
          145,
          97
        ],
        [
          610,
          110,
          30,
          224
        ],
        [
          356,
          135,
          124,
          180
        ],
        [
          125,
          127,
          130,
          195
        ],
        [
          611,
          333,
          29,
          75
        ],
        [
          357,
          358,
          146,
          122
        ],
        [
          104,
          350,
          143,
          130
        ]
      ]
    },
    "1516": {
      "name": "nightstand",
      "visible_pos": [
        0,
        1,
        2,
        9,
        10,
        11,
        12,
        13,
        23
      ],
      "bbox2d": [
        [
          27,
          220,
          462,
          260
        ],
        [
          0,
          215,
          318,
          265
        ],
        [
          0,
          262,
          161,
          218
        ],
        [
          571,
          370,
          69,
          110
        ],
        [
          380,
          249,
          260,
          231
        ],
        [
          232,
          222,
          408,
          258
        ],
        [
          298,
          453,
          170,
          27
        ],
        [
          111,
          449,
          132,
          31
        ],
        [
          300,
          456,
          88,
          24
        ]
      ]
    },
    "1523": {
      "name": "telephone",
      "visible_pos": [
        0,
        1,
        2,
        11,
        12
      ],
      "bbox2d": [
        [
          360,
          238,
          83,
          77
        ],
        [
          175,
          246,
          87,
          77
        ],
        [
          0,
          302,
          63,
          99
        ],
        [
          555,
          286,
          85,
          109
        ],
        [
          396,
          477,
          3,
          3
        ]
      ]
    },
    "1528": {
      "name": "light",
      "visible_pos": [
        0,
        1,
        10,
        11,
        12,
        23
      ],
      "bbox2d": [
        [
          239,
          223,
          111,
          104
        ],
        [
          39,
          252,
          116,
          134
        ],
        [
          614,
          370,
          26,
          48
        ],
        [
          412,
          236,
          146,
          110
        ],
        [
          258,
          457,
          77,
          23
        ],
        [
          487,
          475,
          12,
          5
        ]
      ]
    },
    "1481": {
      "name": "frame",
      "visible_pos": [],
      "bbox2d": []
    },
    "1498": {
      "name": "mirror",
      "visible_pos": [],
      "bbox2d": []
    }
  }
}