{
  "2e15738ca7204da795815a734b345bf2": {
    "1277": {
      "name": "chair",
      "visible_pos": [
        6,
        7,
        8,
        9,
        10
      ],
      "bbox2d": [
        [
          453,
          374,
          187,
          106
        ],
        [
          313,
          302,
          327,
          178
        ],
        [
          177,
          257,
          249,
          223
        ],
        [
          26,
          262,
          260,
          218
        ],
        [
          0,
          327,
          101,
          153
        ]
      ]
    },
    "1279": {
      "name": "chair",
      "visible_pos": [
        2,
        3,
        4,
        5,
        6,
        15,
        16
      ],
      "bbox2d": [
        [
          513,
          275,
          127,
          205
        ],
        [
          344,
          225,
          201,
          255
        ],
        [
          160,
          229,
          224,
          251
        ],
        [
          0,
          289,
          252,
          191
        ],
        [
          0,
          458,
          37,
          22
        ],
        [
          403,
          460,
          18,
          20
        ],
        [
          179,
          466,
          18,
          14
        ]
      ]
    }
  }
}