{
  "53e850a074ec4c9ebecb3c8f41361d57": {
    "1254": {
      "name": "chair",
      "visible_pos": [
        0,
        1,
        2,
        3,
        13,
        14
      ],
      "bbox2d": [
        [
          492,
          450,
          148,
          30
        ],
        [
          346,
          237,
          201,
          243
        ],
        [
          205,
          217,
          140,
          263
        ],
        [
          62,
          245,
          132,
          235
        ],
        [
          530,
          476,
          7,
          4
        ],
        [
          297,
          451,
          46,
          29
        ]
      ]
    },
    "1257": {
      "name": "access#area",
      "visible_pos": [
        24,
        25,
        26,
        27,
        28,
        29
      ],
      "bbox2d": [
        [
          383,
          0,
          257,
          49
        ],
        [
          248,
          0,
          357,
          152
        ],
        [
          136,
          0,
          485,
          179
        ],
        [
          37,
          0,
          438,
          145
        ],
        [
          0,
          0,
          370,
          110
        ],
        [
          25,
          0,
          203,
          59
        ]
      ]
    },
    "1263": {
      "name": "light",
      "visible_pos": [
        27,
        28,
        29,
        30
      ],
      "bbox2d": [
        [
          583,
          80,
          57,
          90
        ],
        [
          380,
          160,
          103,
          73
        ],
        [
          197,
          167,
          99,
          70
        ],
        [
          0,
          94,
          103,
          93
        ]
      ]
    },
    "1247": {
      "name": "grandfather#clock",
      "visible_pos": [],
      "bbox2d": []
    },
    "1249": {
      "name": "pillar",
      "visible_pos": [],
      "bbox2d": []
    },
    "1250": {
      "name": "flag",
      "visible_pos": [],
      "bbox2d": []
    }
  }
}