{
  "761e41fbabfd4f1c80c3ab77df6732ce": {
    "243": {
      "name": "painter",
      "visible_pos": [
        0,
        11,
        12,
        23,
        24,
        35
      ],
      "bbox2d": [
        [
          149,
          0,
          59,
          139
        ],
        [
          390,
          0,
          66,
          133
        ],
        [
          164,
          183,
          51,
          179
        ],
        [
          389,
          186,
          49,
          171
        ],
        [
          149,
          409,
          54,
          71
        ],
        [
          395,
          413,
          61,
          67
        ]
      ]
    },
    "240": {
      "name": "antique#telephone",
      "visible_pos": [],
      "bbox2d": []
    }
  }
}