{
  "a754ecaa7d214c8f8d7a0660401defa6": {
    "40": {
      "name": "chair",
      "visible_pos": [
        3,
        4,
        5,
        6,
        7,
        8
      ],
      "bbox2d": [
        [
          510,
          353,
          130,
          127
        ],
        [
          343,
          292,
          290,
          188
        ],
        [
          176,
          295,
          426,
          169
        ],
        [
          0,
          288,
          410,
          192
        ],
        [
          0,
          301,
          245,
          179
        ],
        [
          0,
          397,
          61,
          83
        ]
      ]
    }
  }
}