{
  "d805f4d18d9945cb940848712b8013fd": {
    "31": {
      "name": "bench",
      "visible_pos": [
        0,
        8,
        9,
        10,
        11,
        21,
        22,
        23
      ],
      "bbox2d": [
        [
          0,
          338,
          133,
          142
        ],
        [
          540,
          304,
          100,
          176
        ],
        [
          360,
          183,
          280,
          297
        ],
        [
          189,
          175,
          272,
          305
        ],
        [
          0,
          211,
          287,
          269
        ],
        [
          467,
          410,
          86,
          70
        ],
        [
          243,
          400,
          133,
          80
        ],
        [
          0,
          444,
          66,
          36
        ]
      ]
    },
    "56": {
      "name": "fireplace",
      "visible_pos": [
        6,
        7,
        8,
        9,
        10
      ],
      "bbox2d": [
        [
          415,
          372,
          225,
          108
        ],
        [
          283,
          313,
          314,
          167
        ],
        [
          140,
          303,
          285,
          177
        ],
        [
          0,
          334,
          290,
          146
        ],
        [
          0,
          423,
          132,
          57
        ]
      ]
    },
    "60": {
      "name": "bench",
      "visible_pos": [
        2,
        3,
        4,
        5,
        6
      ],
      "bbox2d": [
        [
          549,
          420,
          91,
          60
        ],
        [
          378,
          352,
          262,
          128
        ],
        [
          219,
          280,
          301,
          198
        ],
        [
          30,
          274,
          306,
          206
        ],
        [
          0,
          317,
          157,
          163
        ]
      ]
    }
  }
}