{
  "9afa4e322b5b47f6b2d96abe6f8ac81b": {
    "792": {
      "name": "stand",
      "visible_pos": [
        7,
        8,
        9,
        10,
        20
      ],
      "bbox2d": [
        [
          444,
          276,
          196,
          204
        ],
        [
          278,
          239,
          165,
          181
        ],
        [
          94,
          252,
          172,
          194
        ],
        [
          0,
          305,
          95,
          175
        ],
        [
          355,
          479,
          7,
          1
        ]
      ]
    },
    "793": {
      "name": "rack",
      "visible_pos": [
        18,
        19,
        20,
        21,
        29,
        30,
        31,
        32,
        33
      ],
      "bbox2d": [
        [
          535,
          0,
          105,
          191
        ],
        [
          301,
          0,
          323,
          206
        ],
        [
          54,
          0,
          311,
          211
        ],
        [
          0,
          0,
          137,
          207
        ],
        [
          532,
          39,
          108,
          90
        ],
        [
          354,
          97,
          286,
          322
        ],
        [
          183,
          113,
          456,
          324
        ],
        [
          0,
          26,
          368,
          417
        ],
        [
          0,
          91,
          136,
          347
        ]
      ]
    },
    "807": {
      "name": "table#lamp",
      "visible_pos": [
        7,
        8,
        9,
        19,
        20,
        21
      ],
      "bbox2d": [
        [
          537,
          99,
          103,
          234
        ],
        [
          326,
          82,
          90,
          198
        ],
        [
          81,
          86,
          128,
          204
        ],
        [
          568,
          323,
          72,
          157
        ],
        [
          326,
          307,
          93,
          173
        ],
        [
          88,
          311,
          108,
          169
        ]
      ]
    },
    "812": {
      "name": "sink",
      "visible_pos": [
        0,
        1,
        2,
        3,
        13,
        14,
        15
      ],
      "bbox2d": [
        [
          588,
          238,
          52,
          242
        ],
        [
          379,
          163,
          166,
          231
        ],
        [
          179,
          160,
          153,
          219
        ],
        [
          0,
          211,
          129,
          230
        ],
        [
          386,
          387,
          192,
          93
        ],
        [
          160,
          384,
          173,
          96
        ],
        [
          0,
          443,
          97,
          37
        ]
      ]
    },
    "817": {
      "name": "picture",
      "visible_pos": [
        6,
        7,
        8,
        18,
        19,
        20,
        30,
        31,
        32
      ],
      "bbox2d": [
        [
          608,
          34,
          32,
          102
        ],
        [
          354,
          0,
          161,
          113
        ],
        [
          97,
          0,
          163,
          121
        ],
        [
          606,
          159,
          34,
          200
        ],
        [
          353,
          173,
          137,
          163
        ],
        [
          122,
          167,
          142,
          178
        ],
        [
          623,
          382,
          17,
          64
        ],
        [
          356,
          398,
          159,
          82
        ],
        [
          99,
          391,
          157,
          89
        ]
      ]
    },
    "819": {
      "name": "chair",
      "visible_pos": [
        5,
        6,
        7,
        8,
        9,
        10
      ],
      "bbox2d": [
        [
          593,
          471,
          47,
          9
        ],
        [
          359,
          361,
          204,
          119
        ],
        [
          234,
          328,
          339,
          152
        ],
        [
          88,
          355,
          355,
          125
        ],
        [
          0,
          381,
          331,
          99
        ],
        [
          37,
          458,
          86,
          22
        ]
      ]
    },
    "829": {
      "name": "mask",
      "visible_pos": [
        19,
        20,
        21,
        31,
        32,
        33
      ],
      "bbox2d": [
        [
          604,
          113,
          35,
          106
        ],
        [
          352,
          137,
          22,
          85
        ],
        [
          120,
          126,
          28,
          95
        ],
        [
          604,
          336,
          36,
          104
        ],
        [
          352,
          359,
          27,
          97
        ],
        [
          102,
          350,
          40,
          104
        ]
      ]
    },
    "833": {
      "name": "mask",
      "visible_pos": [
        7,
        8,
        9,
        19,
        20,
        21,
        31,
        32,
        33
      ],
      "bbox2d": [
        [
          613,
          0,
          27,
          115
        ],
        [
          342,
          0,
          37,
          95
        ],
        [
          77,
          0,
          59,
          101
        ],
        [
          587,
          232,
          48,
          106
        ],
        [
          340,
          233,
          32,
          86
        ],
        [
          106,
          233,
          39,
          92
        ],
        [
          637,
          473,
          3,
          7
        ],
        [
          349,
          471,
          26,
          9
        ],
        [
          80,
          470,
          32,
          10
        ]
      ]
    },
    "837": {
      "name": "pillow",
      "visible_pos": [
        6,
        7,
        8,
        9
      ],
      "bbox2d": [
        [
          473,
          449,
          167,
          31
        ],
        [
          328,
          343,
          166,
          137
        ],
        [
          183,
          324,
          159,
          156
        ],
        [
          54,
          368,
          152,
          112
        ]
      ]
    },
    "838": {
      "name": "mask",
      "visible_pos": [
        5,
        6,
        7,
        17,
        18,
        19,
        29,
        30,
        31
      ],
      "bbox2d": [
        [
          435,
          0,
          205,
          100
        ],
        [
          194,
          0,
          185,
          101
        ],
        [
          0,
          0,
          132,
          104
        ],
        [
          429,
          51,
          211,
          273
        ],
        [
          206,
          73,
          177,
          250
        ],
        [
          0,
          37,
          158,
          291
        ],
        [
          449,
          280,
          191,
          200
        ],
        [
          196,
          299,
          192,
          181
        ],
        [
          0,
          269,
          146,
          211
        ]
      ]
    },
    "847": {
      "name": "mask",
      "visible_pos": [
        6,
        7,
        8,
        18,
        19,
        20,
        30,
        31
      ],
      "bbox2d": [
        [
          423,
          0,
          116,
          230
        ],
        [
          171,
          0,
          108,
          222
        ],
        [
          0,
          151,
          54,
          122
        ],
        [
          413,
          236,
          98,
          231
        ],
        [
          190,
          236,
          92,
          221
        ],
        [
          0,
          235,
          25,
          245
        ],
        [
          429,
          475,
          94,
          5
        ],
        [
          172,
          475,
          88,
          5
        ]
      ]
    },
    "849": {
      "name": "door#stopper",
      "visible_pos": [],
      "bbox2d": []
    },
    "851": {
      "name": "picture",
      "visible_pos": [
        7,
        8,
        9,
        19,
        20,
        21,
        31,
        32,
        33
      ],
      "bbox2d": [
        [
          510,
          0,
          98,
          128
        ],
        [
          272,
          0,
          56,
          118
        ],
        [
          0,
          0,
          86,
          140
        ],
        [
          499,
          198,
          72,
          152
        ],
        [
          271,
          202,
          57,
          139
        ],
        [
          11,
          193,
          80,
          171
        ],
        [
          518,
          428,
          90,
          52
        ],
        [
          266,
          432,
          62,
          48
        ],
        [
          0,
          426,
          60,
          54
        ]
      ]
    }
  }
}