{
  "e9784db75b934f59aa5ba67102b2b872": {
    "157": {
      "name": "table",
      "visible_pos": [
        5,
        6,
        7,
        8,
        9,
        10
      ],
      "bbox2d": [
        [
          555,
          372,
          85,
          108
        ],
        [
          316,
          304,
          324,
          176
        ],
        [
          224,
          283,
          416,
          197
        ],
        [
          17,
          269,
          492,
          211
        ],
        [
          0,
          299,
          371,
          181
        ],
        [
          0,
          373,
          234,
          107
        ]
      ]
    },
    "162": {
      "name": "table",
      "visible_pos": [
        0,
        9,
        10,
        11,
        12,
        22,
        23
      ],
      "bbox2d": [
        [
          0,
          224,
          147,
          230
        ],
        [
          492,
          251,
          148,
          178
        ],
        [
          321,
          202,
          215,
          270
        ],
        [
          152,
          194,
          185,
          177
        ],
        [
          8,
          459,
          82,
          21
        ],
        [
          364,
          432,
          197,
          48
        ],
        [
          137,
          422,
          191,
          58
        ]
      ]
    },
    "170": {
      "name": "lamp",
      "visible_pos": [
        0,
        10,
        11,
        12,
        22,
        23
      ],
      "bbox2d": [
        [
          0,
          120,
          85,
          156
        ],
        [
          408,
          63,
          137,
          166
        ],
        [
          187,
          59,
          127,
          165
        ],
        [
          0,
          338,
          72,
          83
        ],
        [
          409,
          291,
          143,
          174
        ],
        [
          186,
          288,
          128,
          171
        ]
      ]
    },
    "175": {
      "name": "drawer",
      "visible_pos": [
        3,
        4,
        5,
        6
      ],
      "bbox2d": [
        [
          481,
          295,
          159,
          185
        ],
        [
          297,
          264,
          145,
          167
        ],
        [
          104,
          281,
          188,
          134
        ],
        [
          0,
          358,
          136,
          122
        ]
      ]
    },
    "151": {
      "name": "couch",
      "visible_pos": [],
      "bbox2d": []
    }
  }
}