{
  "0bd3413d79fd42fe983b4f71e953bc6a": {
    "981": {
      "name": "decoration",
      "visible_pos": [
        6,
        7,
        18,
        19,
        20,
        30,
        31
      ],
      "bbox2d": [
        [
          505,
          0,
          19,
          36
        ],
        [
          245,
          0,
          17,
          34
        ],
        [
          466,
          215,
          52,
          53
        ],
        [
          241,
          217,
          47,
          48
        ],
        [
          0,
          211,
          34,
          58
        ],
        [
          486,
          448,
          59,
          32
        ],
        [
          230,
          450,
          54,
          30
        ]
      ]
    },
    "986": {
      "name": "picture",
      "visible_pos": [
        6,
        7,
        8,
        9,
        19,
        20,
        21
      ],
      "bbox2d": [
        [
          612,
          190,
          28,
          105
        ],
        [
          385,
          111,
          117,
          178
        ],
        [
          163,
          111,
          126,
          161
        ],
        [
          0,
          134,
          91,
          182
        ],
        [
          390,
          336,
          122,
          144
        ],
        [
          165,
          334,
          117,
          146
        ],
        [
          0,
          357,
          26,
          123
        ]
      ]
    },
    "992": {
      "name": "tv",
      "visible_pos": [
        5,
        6,
        7,
        17,
        18,
        19,
        29,
        30,
        31,
        32
      ],
      "bbox2d": [
        [
          536,
          0,
          104,
          47
        ],
        [
          280,
          0,
          233,
          39
        ],
        [
          0,
          0,
          253,
          44
        ],
        [
          514,
          114,
          126,
          164
        ],
        [
          284,
          97,
          207,
          174
        ],
        [
          30,
          103,
          234,
          172
        ],
        [
          536,
          336,
          104,
          144
        ],
        [
          288,
          321,
          219,
          159
        ],
        [
          14,
          326,
          251,
          154
        ],
        [
          0,
          296,
          15,
          31
        ]
      ]
    },
    "999": {
      "name": "air#conditioner",
      "visible_pos": [
        0,
        10,
        11
      ],
      "bbox2d": [
        [
          93,
          360,
          121,
          120
        ],
        [
          268,
          367,
          257,
          113
        ],
        [
          190,
          332,
          168,
          148
        ]
      ]
    },
    "1000": {
      "name": "bench",
      "visible_pos": [
        3,
        4,
        5,
        6
      ],
      "bbox2d": [
        [
          431,
          284,
          182,
          196
        ],
        [
          255,
          262,
          223,
          218
        ],
        [
          54,
          294,
          267,
          182
        ],
        [
          0,
          411,
          183,
          69
        ]
      ]
    },
    "1007": {
      "name": "decoration",
      "visible_pos": [
        6,
        7,
        18,
        19
      ],
      "bbox2d": [
        [
          412,
          22,
          71,
          27
        ],
        [
          164,
          22,
          69,
          26
        ],
        [
          403,
          257,
          64,
          22
        ],
        [
          179,
          257,
          62,
          21
        ]
      ]
    },
    "1008": {
      "name": "picture",
      "visible_pos": [
        7,
        8,
        9,
        18,
        19,
        20,
        21,
        30,
        31,
        32,
        33
      ],
      "bbox2d": [
        [
          375,
          0,
          159,
          97
        ],
        [
          116,
          0,
          160,
          91
        ],
        [
          0,
          68,
          9,
          42
        ],
        [
          632,
          127,
          8,
          183
        ],
        [
          370,
          113,
          140,
          208
        ],
        [
          142,
          123,
          139,
          193
        ],
        [
          0,
          94,
          25,
          240
        ],
        [
          635,
          350,
          5,
          21
        ],
        [
          372,
          336,
          160,
          144
        ],
        [
          116,
          345,
          157,
          135
        ],
        [
          0,
          318,
          21,
          72
        ]
      ]
    },
    "959": {
      "name": "fireplace",
      "visible_pos": [],
      "bbox2d": []
    },
    "970": {
      "name": "coat#hanger",
      "visible_pos": [],
      "bbox2d": []
    },
    "975": {
      "name": "window",
      "visible_pos": [],
      "bbox2d": []
    },
    "978": {
      "name": "bed",
      "visible_pos": [],
      "bbox2d": []
    }
  }
}