{
  "cfd4487d04854cbdb03680460e12d5ca": {
    "257": {
      "name": "purse",
      "visible_pos": [
        12,
        13,
        24,
        25
      ],
      "bbox2d": [
        [
          382,
          123,
          51,
          54
        ],
        [
          156,
          123,
          54,
          50
        ],
        [
          385,
          346,
          48,
          57
        ],
        [
          147,
          346,
          63,
          55
        ]
      ]
    },
    "267": {
      "name": "purse",
      "visible_pos": [
        12,
        13,
        14,
        24,
        25,
        26
      ],
      "bbox2d": [
        [
          432,
          0,
          125,
          107
        ],
        [
          210,
          0,
          112,
          110
        ],
        [
          0,
          0,
          77,
          61
        ],
        [
          422,
          195,
          113,
          135
        ],
        [
          220,
          210,
          102,
          123
        ],
        [
          0,
          164,
          121,
          125
        ]
      ]
    },
    "270": {
      "name": "purse",
      "visible_pos": [
        0,
        1,
        2,
        12,
        13,
        14
      ],
      "bbox2d": [
        [
          437,
          83,
          106,
          223
        ],
        [
          232,
          78,
          71,
          206
        ],
        [
          0,
          95,
          108,
          237
        ],
        [
          448,
          308,
          90,
          172
        ],
        [
          224,
          304,
          79,
          176
        ],
        [
          0,
          319,
          57,
          161
        ]
      ]
    },
    "271": {
      "name": "plush#toy",
      "visible_pos": [
        25,
        26,
        27,
        28
      ],
      "bbox2d": [
        [
          485,
          0,
          1,
          2
        ],
        [
          337,
          0,
          132,
          46
        ],
        [
          199,
          0,
          214,
          58
        ],
        [
          143,
          0,
          144,
          33
        ]
      ]
    },
    "274": {
      "name": "shelf",
      "visible_pos": [
        12,
        13,
        14,
        24,
        25,
        26
      ],
      "bbox2d": [
        [
          382,
          53,
          180,
          151
        ],
        [
          157,
          75,
          165,
          133
        ],
        [
          0,
          40,
          82,
          162
        ],
        [
          386,
          282,
          180,
          152
        ],
        [
          147,
          301,
          175,
          137
        ],
        [
          0,
          265,
          95,
          166
        ]
      ]
    },
    "276": {
      "name": "purse",
      "visible_pos": [
        12,
        13,
        24,
        25
      ],
      "bbox2d": [
        [
          421,
          119,
          6,
          16
        ],
        [
          198,
          119,
          6,
          14
        ],
        [
          421,
          342,
          5,
          15
        ],
        [
          198,
          342,
          7,
          14
        ]
      ]
    },
    "279": {
      "name": "table",
      "visible_pos": [
        7,
        8,
        9,
        10
      ],
      "bbox2d": [
        [
          421,
          379,
          206,
          101
        ],
        [
          273,
          313,
          149,
          167
        ],
        [
          109,
          314,
          152,
          166
        ],
        [
          0,
          379,
          102,
          101
        ]
      ]
    },
    "286": {
      "name": "purse",
      "visible_pos": [
        12,
        13,
        23,
        24,
        25
      ],
      "bbox2d": [
        [
          369,
          193,
          32,
          32
        ],
        [
          141,
          190,
          36,
          35
        ],
        [
          630,
          189,
          10,
          29
        ],
        [
          374,
          421,
          35,
          40
        ],
        [
          123,
          417,
          41,
          43
        ]
      ]
    },
    "289": {
      "name": "decoration",
      "visible_pos": [
        24,
        25,
        26,
        27
      ],
      "bbox2d": [
        [
          468,
          0,
          128,
          64
        ],
        [
          327,
          0,
          102,
          126
        ],
        [
          186,
          0,
          96,
          119
        ],
        [
          13,
          0,
          109,
          35
        ]
      ]
    },
    "293": {
      "name": "purse",
      "visible_pos": [
        0,
        1,
        2,
        12,
        13,
        14
      ],
      "bbox2d": [
        [
          482,
          230,
          64,
          111
        ],
        [
          293,
          208,
          51,
          97
        ],
        [
          87,
          234,
          74,
          96
        ],
        [
          545,
          466,
          12,
          14
        ],
        [
          290,
          439,
          45,
          41
        ],
        [
          65,
          472,
          12,
          8
        ]
      ]
    },
    "296": {
      "name": "purse",
      "visible_pos": [
        0,
        1,
        2,
        12,
        13,
        14,
        24,
        25,
        26
      ],
      "bbox2d": [
        [
          556,
          0,
          84,
          44
        ],
        [
          294,
          0,
          71,
          38
        ],
        [
          14,
          0,
          90,
          44
        ],
        [
          530,
          128,
          93,
          146
        ],
        [
          297,
          148,
          67,
          122
        ],
        [
          48,
          139,
          88,
          136
        ],
        [
          559,
          351,
          81,
          129
        ],
        [
          295,
          371,
          72,
          109
        ],
        [
          14,
          362,
          117,
          118
        ]
      ]
    },
    "297": {
      "name": "purse",
      "visible_pos": [
        0,
        1,
        12,
        13,
        24,
        25
      ],
      "bbox2d": [
        [
          424,
          0,
          28,
          40
        ],
        [
          169,
          0,
          26,
          41
        ],
        [
          411,
          189,
          42,
          83
        ],
        [
          188,
          189,
          42,
          83
        ],
        [
          425,
          416,
          48,
          64
        ],
        [
          168,
          417,
          51,
          63
        ]
      ]
    },
    "299": {
      "name": "purse",
      "visible_pos": [
        12,
        13,
        24,
        25
      ],
      "bbox2d": [
        [
          391,
          72,
          54,
          87
        ],
        [
          166,
          74,
          56,
          82
        ],
        [
          389,
          298,
          50,
          85
        ],
        [
          165,
          300,
          62,
          79
        ]
      ]
    },
    "300": {
      "name": "purse",
      "visible_pos": [
        12,
        13,
        24,
        25
      ],
      "bbox2d": [
        [
          424,
          90,
          23,
          43
        ],
        [
          202,
          92,
          22,
          41
        ],
        [
          425,
          314,
          19,
          43
        ],
        [
          201,
          316,
          26,
          40
        ]
      ]
    },
    "303": {
      "name": "plush#toy",
      "visible_pos": [
        28,
        29,
        30
      ],
      "bbox2d": [
        [
          412,
          0,
          114,
          40
        ],
        [
          277,
          0,
          90,
          78
        ],
        [
          137,
          0,
          88,
          65
        ]
      ]
    },
    "304": {
      "name": "purse",
      "visible_pos": [
        0,
        1,
        12,
        13,
        24,
        25
      ],
      "bbox2d": [
        [
          392,
          0,
          35,
          13
        ],
        [
          132,
          0,
          39,
          13
        ],
        [
          383,
          169,
          48,
          81
        ],
        [
          157,
          168,
          51,
          82
        ],
        [
          391,
          393,
          49,
          87
        ],
        [
          131,
          392,
          68,
          88
        ]
      ]
    },
    "305": {
      "name": "purse",
      "visible_pos": [
        12,
        13,
        24,
        25,
        26,
        35
      ],
      "bbox2d": [
        [
          436,
          0,
          17,
          25
        ],
        [
          213,
          0,
          20,
          27
        ],
        [
          410,
          195,
          31,
          64
        ],
        [
          221,
          200,
          33,
          61
        ],
        [
          0,
          143,
          43,
          58
        ],
        [
          633,
          146,
          7,
          21
        ]
      ]
    },
    "307": {
      "name": "purse",
      "visible_pos": [
        0,
        1,
        12,
        13,
        14,
        24,
        25
      ],
      "bbox2d": [
        [
          422,
          0,
          94,
          139
        ],
        [
          185,
          0,
          74,
          137
        ],
        [
          421,
          173,
          72,
          189
        ],
        [
          198,
          175,
          68,
          185
        ],
        [
          0,
          254,
          2,
          6
        ],
        [
          445,
          398,
          45,
          82
        ],
        [
          187,
          401,
          44,
          79
        ]
      ]
    },
    "308": {
      "name": "purse",
      "visible_pos": [
        0,
        1,
        12,
        13,
        24,
        25
      ],
      "bbox2d": [
        [
          383,
          0,
          53,
          88
        ],
        [
          125,
          0,
          70,
          89
        ],
        [
          376,
          193,
          51,
          120
        ],
        [
          149,
          193,
          55,
          121
        ],
        [
          389,
          422,
          30,
          58
        ],
        [
          128,
          420,
          48,
          60
        ]
      ]
    },
    "311": {
      "name": "purse",
      "visible_pos": [
        0,
        1,
        2,
        12,
        13,
        14,
        24,
        25,
        26
      ],
      "bbox2d": [
        [
          491,
          0,
          67,
          30
        ],
        [
          232,
          0,
          59,
          28
        ],
        [
          0,
          5,
          5,
          22
        ],
        [
          466,
          177,
          74,
          87
        ],
        [
          242,
          182,
          61,
          79
        ],
        [
          0,
          169,
          59,
          98
        ],
        [
          483,
          402,
          79,
          78
        ],
        [
          231,
          409,
          70,
          71
        ],
        [
          0,
          394,
          35,
          85
        ]
      ]
    },
    "313": {
      "name": "purse",
      "visible_pos": [
        0,
        1,
        12,
        13
      ],
      "bbox2d": [
        [
          422,
          59,
          33,
          106
        ],
        [
          195,
          61,
          41,
          102
        ],
        [
          421,
          287,
          37,
          102
        ],
        [
          199,
          287,
          35,
          99
        ]
      ]
    },
    "314": {
      "name": "purse",
      "visible_pos": [
        12,
        13,
        24,
        25
      ],
      "bbox2d": [
        [
          415,
          124,
          10,
          16
        ],
        [
          192,
          123,
          10,
          16
        ],
        [
          415,
          347,
          9,
          16
        ],
        [
          192,
          345,
          11,
          16
        ]
      ]
    },
    "319": {
      "name": "purse",
      "visible_pos": [
        12,
        13,
        14,
        24,
        25,
        26
      ],
      "bbox2d": [
        [
          552,
          0,
          68,
          122
        ],
        [
          314,
          0,
          49,
          140
        ],
        [
          72,
          0,
          61,
          127
        ],
        [
          521,
          165,
          73,
          180
        ],
        [
          315,
          206,
          45,
          157
        ],
        [
          86,
          187,
          85,
          163
        ]
      ]
    },
    "326": {
      "name": "purse",
      "visible_pos": [
        12,
        13,
        24,
        25
      ],
      "bbox2d": [
        [
          415,
          0,
          21,
          72
        ],
        [
          192,
          0,
          21,
          70
        ],
        [
          408,
          237,
          14,
          60
        ],
        [
          203,
          238,
          24,
          59
        ]
      ]
    },
    "328": {
      "name": "purse",
      "visible_pos": [
        24,
        25,
        26
      ],
      "bbox2d": [
        [
          444,
          131,
          30,
          65
        ],
        [
          264,
          152,
          34,
          58
        ],
        [
          62,
          108,
          58,
          57
        ]
      ]
    }
  }
}