{
  "9190daed283b493f8c5b2bc3f8f5137d": {
    "1402": {
      "name": "table",
      "visible_pos": [
        0,
        1,
        2,
        10,
        11,
        12,
        13,
        23
      ],
      "bbox2d": [
        [
          123,
          169,
          290,
          254
        ],
        [
          0,
          192,
          249,
          281
        ],
        [
          0,
          339,
          67,
          141
        ],
        [
          456,
          242,
          184,
          197
        ],
        [
          293,
          169,
          339,
          311
        ],
        [
          149,
          395,
          261,
          85
        ],
        [
          0,
          421,
          185,
          59
        ],
        [
          373,
          394,
          267,
          86
        ]
      ]
    },
    "1405": {
      "name": "stool",
      "visible_pos": [
        1,
        2,
        3,
        4,
        5
      ],
      "bbox2d": [
        [
          518,
          388,
          122,
          92
        ],
        [
          361,
          329,
          277,
          151
        ],
        [
          197,
          291,
          251,
          189
        ],
        [
          0,
          310,
          291,
          170
        ],
        [
          0,
          411,
          133,
          69
        ]
      ]
    },
    "1406": {
      "name": "mirror",
      "visible_pos": [
        0,
        1,
        11,
        12,
        13,
        23,
        24,
        25,
        35
      ],
      "bbox2d": [
        [
          192,
          0,
          196,
          154
        ],
        [
          0,
          0,
          147,
          179
        ],
        [
          434,
          0,
          206,
          176
        ],
        [
          203,
          134,
          177,
          244
        ],
        [
          0,
          110,
          154,
          294
        ],
        [
          425,
          122,
          215,
          279
        ],
        [
          192,
          357,
          195,
          123
        ],
        [
          0,
          334,
          138,
          146
        ],
        [
          433,
          345,
          207,
          135
        ]
      ]
    },
    "1407": {
      "name": "pillow",
      "visible_pos": [
        5,
        6,
        7,
        17,
        18,
        19
      ],
      "bbox2d": [
        [
          452,
          129,
          188,
          132
        ],
        [
          257,
          108,
          144,
          132
        ],
        [
          37,
          115,
          153,
          164
        ],
        [
          487,
          352,
          153,
          128
        ],
        [
          247,
          331,
          159,
          149
        ],
        [
          19,
          338,
          163,
          142
        ]
      ]
    },
    "1414": {
      "name": "nightstand",
      "visible_pos": [
        5,
        6,
        7,
        8,
        9
      ],
      "bbox2d": [
        [
          552,
          360,
          88,
          120
        ],
        [
          386,
          288,
          199,
          192
        ],
        [
          220,
          271,
          179,
          209
        ],
        [
          8,
          291,
          232,
          189
        ],
        [
          0,
          415,
          62,
          65
        ]
      ]
    },
    "1415": {
      "name": "lamp",
      "visible_pos": [
        6,
        7,
        8,
        18,
        19,
        20
      ],
      "bbox2d": [
        [
          436,
          117,
          204,
          214
        ],
        [
          236,
          102,
          175,
          173
        ],
        [
          0,
          106,
          217,
          201
        ],
        [
          450,
          340,
          190,
          140
        ],
        [
          227,
          324,
          196,
          156
        ],
        [
          0,
          330,
          200,
          150
        ]
      ]
    },
    "1421": {
      "name": "chair",
      "visible_pos": [
        0,
        1,
        10,
        11
      ],
      "bbox2d": [
        [
          136,
          327,
          239,
          153
        ],
        [
          0,
          375,
          245,
          105
        ],
        [
          451,
          373,
          189,
          107
        ],
        [
          304,
          338,
          228,
          142
        ]
      ]
    },
    "1422": {
      "name": "pillow",
      "visible_pos": [
        5,
        6,
        7,
        17,
        18,
        19
      ],
      "bbox2d": [
        [
          436,
          140,
          138,
          82
        ],
        [
          235,
          124,
          100,
          87
        ],
        [
          0,
          139,
          107,
          118
        ],
        [
          449,
          363,
          132,
          93
        ],
        [
          227,
          346,
          108,
          97
        ],
        [
          0,
          362,
          100,
          118
        ]
      ]
    },
    "1424": {
      "name": "tissue#box",
      "visible_pos": [
        1,
        2,
        3,
        4
      ],
      "bbox2d": [
        [
          634,
          469,
          6,
          11
        ],
        [
          429,
          320,
          112,
          115
        ],
        [
          275,
          292,
          84,
          101
        ],
        [
          107,
          316,
          93,
          124
        ]
      ]
    },
    "1427": {
      "name": "air#conditioner",
      "visible_pos": [
        7,
        8,
        9,
        10,
        11
      ],
      "bbox2d": [
        [
          391,
          397,
          110,
          83
        ],
        [
          256,
          373,
          233,
          107
        ],
        [
          99,
          406,
          407,
          74
        ],
        [
          119,
          385,
          235,
          95
        ],
        [
          115,
          411,
          106,
          69
        ]
      ]
    },
    "1429": {
      "name": "picture",
      "visible_pos": [
        18,
        19,
        20,
        30,
        31,
        32
      ],
      "bbox2d": [
        [
          541,
          0,
          93,
          143
        ],
        [
          305,
          0,
          67,
          157
        ],
        [
          60,
          0,
          84,
          146
        ],
        [
          521,
          197,
          96,
          169
        ],
        [
          306,
          230,
          65,
          150
        ],
        [
          72,
          209,
          85,
          159
        ]
      ]
    },
    "1376": {
      "name": "curtain",
      "visible_pos": [],
      "bbox2d": []
    },
    "1377": {
      "name": "mirror",
      "visible_pos": [],
      "bbox2d": []
    },
    "1413": {
      "name": "coat#hanger",
      "visible_pos": [],
      "bbox2d": []
    }
  }
}