{
  "a6734c6148c94913afe0ab92b7a48175": {
    "132": {
      "name": "pillar",
      "visible_pos": [
        4,
        5,
        6,
        7,
        17,
        18,
        19,
        29,
        30,
        31
      ],
      "bbox2d": [
        [
          628,
          382,
          12,
          31
        ],
        [
          421,
          0,
          173,
          356
        ],
        [
          237,
          0,
          96,
          328
        ],
        [
          0,
          0,
          155,
          379
        ],
        [
          466,
          0,
          94,
          480
        ],
        [
          242,
          0,
          80,
          480
        ],
        [
          0,
          0,
          80,
          480
        ],
        [
          438,
          156,
          156,
          324
        ],
        [
          237,
          181,
          86,
          299
        ],
        [
          0,
          129,
          137,
          351
        ]
      ]
    }
  }
}