{
  "5113a49baf2f48ff9207bbd0b9f57b27": {
    "1125": {
      "name": "chair",
      "visible_pos": [
        6,
        7,
        8,
        9,
        10
      ],
      "bbox2d": [
        [
          529,
          426,
          111,
          54
        ],
        [
          328,
          331,
          312,
          149
        ],
        [
          205,
          265,
          252,
          215
        ],
        [
          61,
          263,
          230,
          217
        ],
        [
          0,
          323,
          141,
          157
        ]
      ]
    },
    "1129": {
      "name": "chair",
      "visible_pos": [
        2,
        3,
        4,
        5,
        6,
        15
      ],
      "bbox2d": [
        [
          535,
          292,
          105,
          188
        ],
        [
          376,
          239,
          223,
          241
        ],
        [
          205,
          243,
          200,
          237
        ],
        [
          0,
          282,
          274,
          198
        ],
        [
          0,
          408,
          73,
          72
        ],
        [
          411,
          479,
          1,
          1
        ]
      ]
    },
    "1121": {
      "name": "window",
      "visible_pos": [],
      "bbox2d": []
    }
  }
}