{
  "172c2604a9054ee784ac24f7af45250a": {
    "770": {
      "name": "decoration",
      "visible_pos": [
        0,
        1,
        2,
        3,
        12,
        13,
        14,
        15,
        24,
        25,
        26,
        27
      ],
      "bbox2d": [
        [
          626,
          69,
          14,
          198
        ],
        [
          362,
          0,
          202,
          224
        ],
        [
          114,
          0,
          181,
          225
        ],
        [
          0,
          0,
          50,
          270
        ],
        [
          613,
          167,
          27,
          171
        ],
        [
          358,
          123,
          173,
          336
        ],
        [
          128,
          124,
          170,
          336
        ],
        [
          0,
          134,
          49,
          302
        ],
        [
          632,
          406,
          8,
          5
        ],
        [
          360,
          346,
          204,
          134
        ],
        [
          113,
          346,
          181,
          134
        ],
        [
          0,
          342,
          27,
          138
        ]
      ]
    },
    "781": {
      "name": "exit#sign",
      "visible_pos": [
        27,
        28,
        29,
        30
      ],
      "bbox2d": [
        [
          449,
          0,
          191,
          108
        ],
        [
          296,
          0,
          188,
          160
        ],
        [
          137,
          0,
          199,
          151
        ],
        [
          0,
          0,
          196,
          73
        ]
      ]
    },
    "778": {
      "name": "photo",
      "visible_pos": [],
      "bbox2d": []
    }
  }
}