{
  "94446ee1941346fa9d9ed2e8251dd5c0": {
    "740": {
      "name": "decoration",
      "visible_pos": [
        0,
        1,
        10,
        11,
        12,
        13,
        23
      ],
      "bbox2d": [
        [
          163,
          52,
          146,
          242
        ],
        [
          0,
          186,
          111,
          180
        ],
        [
          577,
          197,
          63,
          160
        ],
        [
          364,
          53,
          152,
          237
        ],
        [
          142,
          281,
          158,
          199
        ],
        [
          0,
          417,
          52,
          63
        ],
        [
          370,
          282,
          164,
          198
        ]
      ]
    },
    "743": {
      "name": "painter",
      "visible_pos": [
        7,
        8,
        9,
        19,
        20,
        21,
        31,
        32,
        33,
        34
      ],
      "bbox2d": [
        [
          535,
          0,
          105,
          106
        ],
        [
          287,
          0,
          193,
          90
        ],
        [
          0,
          0,
          229,
          94
        ],
        [
          502,
          0,
          138,
          330
        ],
        [
          274,
          7,
          192,
          307
        ],
        [
          13,
          6,
          229,
          313
        ],
        [
          488,
          207,
          152,
          273
        ],
        [
          276,
          245,
          204,
          235
        ],
        [
          0,
          244,
          248,
          236
        ],
        [
          0,
          201,
          19,
          24
        ]
      ]
    },
    "752": {
      "name": "painter",
      "visible_pos": [
        20,
        21,
        22,
        32,
        33,
        34
      ],
      "bbox2d": [
        [
          455,
          0,
          185,
          215
        ],
        [
          232,
          0,
          240,
          223
        ],
        [
          0,
          0,
          246,
          223
        ],
        [
          434,
          169,
          206,
          279
        ],
        [
          228,
          201,
          262,
          256
        ],
        [
          0,
          149,
          237,
          309
        ]
      ]
    },
    "730": {
      "name": "stair",
      "visible_pos": [],
      "bbox2d": []
    },
    "733": {
      "name": "pillar",
      "visible_pos": [],
      "bbox2d": []
    }
  }
}