{
  "8d1f61d5e90e43deb38eb12af08ebf1b": {
    "157": {
      "name": "table",
      "visible_pos": [
        0,
        1,
        9,
        10,
        11,
        12,
        22,
        23
      ],
      "bbox2d": [
        [
          0,
          221,
          345,
          246
        ],
        [
          0,
          283,
          167,
          197
        ],
        [
          589,
          309,
          51,
          143
        ],
        [
          395,
          235,
          245,
          245
        ],
        [
          208,
          215,
          325,
          232
        ],
        [
          104,
          455,
          156,
          25
        ],
        [
          507,
          473,
          37,
          7
        ],
        [
          277,
          447,
          160,
          33
        ]
      ]
    },
    "164": {
      "name": "globe",
      "visible_pos": [
        14,
        15,
        16,
        26,
        27,
        28
      ],
      "bbox2d": [
        [
          457,
          0,
          155,
          123
        ],
        [
          233,
          0,
          124,
          133
        ],
        [
          0,
          0,
          127,
          112
        ],
        [
          437,
          194,
          150,
          152
        ],
        [
          244,
          213,
          111,
          143
        ],
        [
          13,
          166,
          131,
          169
        ]
      ]
    },
    "177": {
      "name": "picture",
      "visible_pos": [
        3,
        4,
        5,
        15,
        16,
        17,
        27,
        28,
        29
      ],
      "bbox2d": [
        [
          486,
          0,
          154,
          109
        ],
        [
          248,
          0,
          116,
          101
        ],
        [
          0,
          0,
          119,
          122
        ],
        [
          478,
          230,
          138,
          103
        ],
        [
          253,
          230,
          107,
          95
        ],
        [
          0,
          228,
          130,
          117
        ],
        [
          501,
          466,
          139,
          14
        ],
        [
          242,
          467,
          121,
          13
        ],
        [
          0,
          466,
          97,
          14
        ]
      ]
    },
    "182": {
      "name": "light",
      "visible_pos": [
        15,
        16,
        17,
        27,
        28,
        29
      ],
      "bbox2d": [
        [
          507,
          115,
          24,
          40
        ],
        [
          278,
          127,
          19,
          37
        ],
        [
          21,
          104,
          28,
          45
        ],
        [
          506,
          338,
          29,
          41
        ],
        [
          278,
          350,
          19,
          38
        ],
        [
          24,
          327,
          29,
          45
        ]
      ]
    },
    "183": {
      "name": "picture",
      "visible_pos": [
        1,
        2,
        3,
        13,
        14,
        15,
        25,
        26,
        27
      ],
      "bbox2d": [
        [
          445,
          0,
          147,
          34
        ],
        [
          192,
          0,
          125,
          31
        ],
        [
          0,
          0,
          42,
          33
        ],
        [
          430,
          113,
          140,
          153
        ],
        [
          207,
          129,
          121,
          135
        ],
        [
          0,
          110,
          90,
          160
        ],
        [
          436,
          336,
          156,
          144
        ],
        [
          191,
          351,
          137,
          129
        ],
        [
          0,
          333,
          88,
          147
        ]
      ]
    },
    "150": {
      "name": "bookshelf",
      "visible_pos": [],
      "bbox2d": []
    }
  }
}