{
  "fe83a0e1e30640bfa09eeb584727db21": {
    "48": {
      "name": "lamp",
      "visible_pos": [
        12,
        22,
        23,
        24,
        34,
        35
      ],
      "bbox2d": [
        [
          0,
          52,
          58,
          153
        ],
        [
          474,
          64,
          65,
          143
        ],
        [
          249,
          73,
          55,
          137
        ],
        [
          0,
          259,
          67,
          176
        ],
        [
          464,
          292,
          84,
          146
        ],
        [
          251,
          299,
          53,
          143
        ]
      ]
    }
  }
}