{
  "aa4ff45ef49748caa68822049d4b2de5": {
    "1382": {
      "name": "nightstand",
      "visible_pos": [
        0,
        8,
        9,
        10,
        11
      ],
      "bbox2d": [
        [
          0,
          461,
          32,
          19
        ],
        [
          475,
          337,
          165,
          143
        ],
        [
          329,
          290,
          216,
          190
        ],
        [
          175,
          285,
          197,
          195
        ],
        [
          0,
          321,
          224,
          159
        ]
      ]
    },
    "1385": {
      "name": "picture",
      "visible_pos": [
        21,
        22,
        23,
        33,
        34,
        35
      ],
      "bbox2d": [
        [
          439,
          0,
          201,
          176
        ],
        [
          216,
          0,
          163,
          183
        ],
        [
          0,
          0,
          152,
          173
        ],
        [
          427,
          174,
          192,
          229
        ],
        [
          220,
          203,
          156,
          207
        ],
        [
          0,
          160,
          165,
          237
        ]
      ]
    },
    "1395": {
      "name": "lamp",
      "visible_pos": [
        4,
        5,
        6,
        7,
        16,
        17,
        18,
        19,
        29,
        30
      ],
      "bbox2d": [
        [
          469,
          73,
          171,
          407
        ],
        [
          319,
          0,
          215,
          480
        ],
        [
          96,
          0,
          232,
          480
        ],
        [
          0,
          112,
          154,
          368
        ],
        [
          559,
          247,
          81,
          233
        ],
        [
          319,
          234,
          237,
          246
        ],
        [
          79,
          233,
          250,
          247
        ],
        [
          0,
          333,
          76,
          147
        ],
        [
          384,
          472,
          6,
          8
        ],
        [
          122,
          471,
          9,
          9
        ]
      ]
    },
    "1396": {
      "name": "chair",
      "visible_pos": [
        2,
        3,
        4,
        5,
        6,
        16,
        17
      ],
      "bbox2d": [
        [
          557,
          430,
          83,
          50
        ],
        [
          359,
          264,
          281,
          216
        ],
        [
          233,
          215,
          289,
          265
        ],
        [
          77,
          209,
          268,
          271
        ],
        [
          0,
          250,
          200,
          230
        ],
        [
          403,
          447,
          120,
          33
        ],
        [
          179,
          440,
          120,
          40
        ]
      ]
    },
    "1401": {
      "name": "decoration",
      "visible_pos": [
        18,
        19,
        20,
        21,
        30,
        31,
        32,
        33,
        34
      ],
      "bbox2d": [
        [
          407,
          0,
          233,
          80
        ],
        [
          183,
          0,
          457,
          76
        ],
        [
          0,
          0,
          489,
          88
        ],
        [
          0,
          0,
          262,
          97
        ],
        [
          402,
          37,
          238,
          269
        ],
        [
          191,
          126,
          449,
          176
        ],
        [
          0,
          135,
          481,
          178
        ],
        [
          0,
          63,
          265,
          259
        ],
        [
          0,
          235,
          21,
          54
        ]
      ]
    },
    "1403": {
      "name": "lamp",
      "visible_pos": [
        8,
        9,
        10,
        11,
        20,
        21,
        22,
        23
      ],
      "bbox2d": [
        [
          557,
          189,
          83,
          125
        ],
        [
          347,
          114,
          191,
          176
        ],
        [
          138,
          114,
          192,
          158
        ],
        [
          0,
          145,
          130,
          188
        ],
        [
          603,
          432,
          37,
          48
        ],
        [
          351,
          337,
          220,
          143
        ],
        [
          119,
          337,
          212,
          143
        ],
        [
          0,
          368,
          92,
          112
        ]
      ]
    },
    "1404": {
      "name": "pillow",
      "visible_pos": [
        0,
        1,
        10,
        11,
        12,
        22,
        23
      ],
      "bbox2d": [
        [
          22,
          137,
          203,
          213
        ],
        [
          0,
          381,
          11,
          42
        ],
        [
          450,
          171,
          190,
          216
        ],
        [
          251,
          133,
          182,
          201
        ],
        [
          3,
          360,
          216,
          120
        ],
        [
          467,
          396,
          173,
          84
        ],
        [
          243,
          356,
          199,
          124
        ]
      ]
    },
    "1416": {
      "name": "foodtray",
      "visible_pos": [
        0,
        1,
        2,
        12,
        13,
        14
      ],
      "bbox2d": [
        [
          422,
          178,
          145,
          65
        ],
        [
          215,
          166,
          134,
          64
        ],
        [
          0,
          192,
          142,
          83
        ],
        [
          430,
          404,
          174,
          76
        ],
        [
          207,
          390,
          144,
          78
        ],
        [
          0,
          420,
          120,
          60
        ]
      ]
    },
    "1417": {
      "name": "pillow",
      "visible_pos": [
        0,
        1,
        11,
        12,
        13,
        23
      ],
      "bbox2d": [
        [
          244,
          170,
          108,
          49
        ],
        [
          1,
          189,
          146,
          58
        ],
        [
          451,
          184,
          124,
          59
        ],
        [
          238,
          395,
          118,
          58
        ],
        [
          0,
          417,
          125,
          63
        ],
        [
          462,
          411,
          148,
          69
        ]
      ]
    },
    "1420": {
      "name": "pillow",
      "visible_pos": [
        0,
        1,
        10,
        11,
        12,
        22,
        23
      ],
      "bbox2d": [
        [
          154,
          203,
          153,
          119
        ],
        [
          0,
          277,
          125,
          125
        ],
        [
          559,
          226,
          81,
          186
        ],
        [
          353,
          191,
          135,
          144
        ],
        [
          130,
          432,
          109,
          48
        ],
        [
          621,
          462,
          19,
          18
        ],
        [
          357,
          418,
          104,
          62
        ]
      ]
    },
    "1423": {
      "name": "pillow",
      "visible_pos": [
        0,
        1,
        10,
        11,
        12,
        13,
        23
      ],
      "bbox2d": [
        [
          182,
          182,
          140,
          79
        ],
        [
          0,
          229,
          119,
          74
        ],
        [
          630,
          222,
          10,
          15
        ],
        [
          390,
          180,
          134,
          95
        ],
        [
          171,
          409,
          151,
          71
        ],
        [
          0,
          468,
          38,
          12
        ],
        [
          396,
          406,
          145,
          74
        ]
      ]
    },
    "1428": {
      "name": "steps",
      "visible_pos": [
        10,
        11
      ],
      "bbox2d": [
        [
          335,
          446,
          85,
          34
        ],
        [
          218,
          453,
          104,
          27
        ]
      ]
    },
    "1432": {
      "name": "footrest",
      "visible_pos": [
        2,
        3,
        4,
        5
      ],
      "bbox2d": [
        [
          512,
          471,
          48,
          9
        ],
        [
          352,
          403,
          42,
          72
        ],
        [
          215,
          403,
          30,
          77
        ],
        [
          77,
          478,
          1,
          2
        ]
      ]
    },
    "1373": {
      "name": "fireplace",
      "visible_pos": [],
      "bbox2d": []
    },
    "1378": {
      "name": "curtain",
      "visible_pos": [],
      "bbox2d": []
    },
    "1379": {
      "name": "bed",
      "visible_pos": [],
      "bbox2d": []
    }
  }
}