{
  "9766d89c21094c5b872be3a378d4cbad": {
    "645": {
      "name": "table",
      "visible_pos": [
        3,
        4,
        5,
        6,
        7,
        8
      ],
      "bbox2d": [
        [
          561,
          333,
          79,
          147
        ],
        [
          393,
          257,
          247,
          223
        ],
        [
          215,
          243,
          425,
          237
        ],
        [
          0,
          254,
          504,
          226
        ],
        [
          0,
          262,
          330,
          218
        ],
        [
          0,
          305,
          193,
          175
        ]
      ]
    },
    "646": {
      "name": "decoration",
      "visible_pos": [
        3,
        4,
        5,
        6,
        7,
        8
      ],
      "bbox2d": [
        [
          623,
          416,
          17,
          64
        ],
        [
          418,
          336,
          166,
          144
        ],
        [
          254,
          326,
          343,
          154
        ],
        [
          65,
          381,
          375,
          98
        ],
        [
          40,
          375,
          262,
          105
        ],
        [
          55,
          428,
          77,
          52
        ]
      ]
    },
    "656": {
      "name": "beam",
      "visible_pos": [
        12,
        13,
        17,
        18,
        23,
        24,
        25,
        26,
        27,
        28,
        29,
        30,
        31,
        35
      ],
      "bbox2d": [
        [
          367,
          0,
          146,
          144
        ],
        [
          139,
          0,
          164,
          138
        ],
        [
          334,
          0,
          93,
          35
        ],
        [
          127,
          0,
          77,
          23
        ],
        [
          627,
          76,
          13,
          39
        ],
        [
          367,
          0,
          273,
          367
        ],
        [
          141,
          0,
          420,
          361
        ],
        [
          0,
          0,
          574,
          266
        ],
        [
          0,
          0,
          640,
          95
        ],
        [
          79,
          0,
          561,
          228
        ],
        [
          74,
          0,
          342,
          267
        ],
        [
          0,
          0,
          229,
          258
        ],
        [
          0,
          119,
          11,
          44
        ],
        [
          615,
          208,
          25,
          131
        ]
      ]
    },
    "658": {
      "name": "beam",
      "visible_pos": [
        12,
        13,
        18,
        19,
        23,
        24,
        25,
        29,
        30,
        31,
        32,
        34,
        35
      ],
      "bbox2d": [
        [
          232,
          0,
          84,
          142
        ],
        [
          0,
          0,
          71,
          123
        ],
        [
          334,
          0,
          72,
          22
        ],
        [
          133,
          0,
          41,
          9
        ],
        [
          459,
          0,
          93,
          132
        ],
        [
          160,
          0,
          156,
          365
        ],
        [
          0,
          0,
          161,
          345
        ],
        [
          486,
          0,
          154,
          220
        ],
        [
          326,
          0,
          170,
          257
        ],
        [
          131,
          0,
          254,
          247
        ],
        [
          0,
          0,
          257,
          148
        ],
        [
          413,
          0,
          227,
          143
        ],
        [
          270,
          0,
          269,
          354
        ]
      ]
    },
    "659": {
      "name": "case",
      "visible_pos": [
        4,
        5,
        6,
        7,
        17,
        18,
        19
      ],
      "bbox2d": [
        [
          519,
          239,
          121,
          229
        ],
        [
          337,
          189,
          224,
          201
        ],
        [
          156,
          194,
          199,
          163
        ],
        [
          0,
          220,
          183,
          227
        ],
        [
          368,
          417,
          217,
          63
        ],
        [
          150,
          422,
          207,
          58
        ],
        [
          0,
          453,
          115,
          27
        ]
      ]
    },
    "666": {
      "name": "sofa#chair",
      "visible_pos": [
        0,
        1,
        2,
        3,
        11,
        12,
        13,
        14
      ],
      "bbox2d": [
        [
          332,
          189,
          308,
          291
        ],
        [
          173,
          162,
          299,
          304
        ],
        [
          0,
          170,
          282,
          310
        ],
        [
          0,
          261,
          128,
          219
        ],
        [
          474,
          317,
          166,
          163
        ],
        [
          433,
          417,
          207,
          63
        ],
        [
          210,
          387,
          266,
          93
        ],
        [
          71,
          396,
          191,
          84
        ]
      ]
    },
    "671": {
      "name": "lamp",
      "visible_pos": [
        5,
        6,
        7,
        8,
        18,
        19,
        20
      ],
      "bbox2d": [
        [
          599,
          256,
          41,
          104
        ],
        [
          386,
          181,
          102,
          117
        ],
        [
          188,
          181,
          96,
          106
        ],
        [
          0,
          224,
          83,
          125
        ],
        [
          395,
          408,
          114,
          72
        ],
        [
          170,
          407,
          110,
          73
        ],
        [
          0,
          459,
          19,
          21
        ]
      ]
    },
    "674": {
      "name": "pillow",
      "visible_pos": [
        0,
        1,
        2,
        11,
        13
      ],
      "bbox2d": [
        [
          418,
          265,
          130,
          82
        ],
        [
          248,
          234,
          95,
          88
        ],
        [
          54,
          255,
          96,
          129
        ],
        [
          622,
          395,
          18,
          18
        ],
        [
          317,
          472,
          29,
          8
        ]
      ]
    },
    "676": {
      "name": "toy",
      "visible_pos": [
        4,
        5,
        6,
        16,
        17,
        18
      ],
      "bbox2d": [
        [
          469,
          182,
          147,
          125
        ],
        [
          270,
          162,
          112,
          108
        ],
        [
          46,
          182,
          133,
          120
        ],
        [
          491,
          409,
          149,
          71
        ],
        [
          264,
          386,
          123,
          94
        ],
        [
          5,
          408,
          157,
          72
        ]
      ]
    },
    "651": {
      "name": "pillar",
      "visible_pos": [],
      "bbox2d": []
    }
  }
}