{
  "abfdc492f81e4b8e87837b26cde983a8": {
    "227": {
      "name": "decoration",
      "visible_pos": [
        0,
        1,
        10,
        11,
        12,
        13,
        23,
        24,
        35
      ],
      "bbox2d": [
        [
          162,
          0,
          118,
          275
        ],
        [
          0,
          149,
          74,
          190
        ],
        [
          619,
          235,
          21,
          107
        ],
        [
          395,
          0,
          123,
          283
        ],
        [
          172,
          236,
          106,
          244
        ],
        [
          0,
          275,
          20,
          174
        ],
        [
          396,
          236,
          111,
          244
        ],
        [
          194,
          474,
          16,
          6
        ],
        [
          451,
          474,
          16,
          6
        ]
      ]
    },
    "692": {
      "name": "stair",
      "visible_pos": [
        29,
        30,
        31
      ],
      "bbox2d": [
        [
          443,
          186,
          166,
          45
        ],
        [
          251,
          234,
          139,
          5
        ],
        [
          31,
          187,
          166,
          44
        ]
      ]
    },
    "147": {
      "name": "staircase",
      "visible_pos": [],
      "bbox2d": []
    },
    "224": {
      "name": "pillar",
      "visible_pos": [],
      "bbox2d": []
    }
  }
}