{
  "cb8dc528a2dd4c78a5c6bd6617119672": {
    "1061": {
      "name": "nightstand",
      "visible_pos": [
        0,
        8,
        9,
        10,
        11
      ],
      "bbox2d": [
        [
          0,
          329,
          130,
          151
        ],
        [
          636,
          465,
          4,
          13
        ],
        [
          440,
          270,
          200,
          210
        ],
        [
          276,
          242,
          183,
          232
        ],
        [
          87,
          252,
          197,
          228
        ]
      ]
    },
    "1044": {
      "name": "bedpost",
      "visible_pos": [],
      "bbox2d": []
    },
    "1052": {
      "name": "decoration",
      "visible_pos": [],
      "bbox2d": []
    }
  }
}