{
  "90b12b251769482cb4437e674ab65ad8": {
    "252": {
      "name": "fire#extinguisher",
      "visible_pos": [
        0,
        1,
        2,
        11
      ],
      "bbox2d": [
        [
          349,
          279,
          99,
          184
        ],
        [
          175,
          273,
          103,
          189
        ],
        [
          0,
          329,
          126,
          151
        ],
        [
          512,
          340,
          128,
          140
        ]
      ]
    },
    "254": {
      "name": "light",
      "visible_pos": [
        27,
        28,
        29,
        30
      ],
      "bbox2d": [
        [
          481,
          65,
          67,
          58
        ],
        [
          312,
          113,
          56,
          48
        ],
        [
          141,
          90,
          61,
          48
        ],
        [
          0,
          4,
          3,
          27
        ]
      ]
    },
    "240": {
      "name": "antique#telephone",
      "visible_pos": [],
      "bbox2d": []
    }
  }
}