{
  "9ef6399314c94a93abeec2d6054f4658": {
    "58": {
      "name": "altar",
      "visible_pos": [
        0,
        8,
        9,
        10,
        11,
        21,
        22,
        23
      ],
      "bbox2d": [
        [
          0,
          271,
          87,
          209
        ],
        [
          534,
          146,
          106,
          334
        ],
        [
          360,
          105,
          280,
          375
        ],
        [
          152,
          103,
          300,
          377
        ],
        [
          0,
          155,
          262,
          325
        ],
        [
          366,
          328,
          274,
          152
        ],
        [
          151,
          326,
          310,
          154
        ],
        [
          0,
          378,
          249,
          102
        ]
      ]
    }
  }
}