{
  "934734efa498455bbbabb9e0cc8e342d": {
    "9": {
      "name": "chair",
      "visible_pos": [
        0,
        8,
        9,
        10,
        11,
        21,
        22,
        23
      ],
      "bbox2d": [
        [
          0,
          330,
          131,
          150
        ],
        [
          590,
          330,
          50,
          150
        ],
        [
          387,
          136,
          253,
          344
        ],
        [
          198,
          121,
          264,
          359
        ],
        [
          0,
          136,
          299,
          344
        ],
        [
          414,
          359,
          218,
          121
        ],
        [
          191,
          344,
          179,
          136
        ],
        [
          0,
          359,
          143,
          121
        ]
      ]
    },
    "11": {
      "name": "chair",
      "visible_pos": [
        7,
        8,
        9,
        10,
        11,
        19,
        20,
        21,
        22
      ],
      "bbox2d": [
        [
          417,
          181,
          223,
          299
        ],
        [
          273,
          142,
          367,
          338
        ],
        [
          117,
          146,
          328,
          334
        ],
        [
          0,
          155,
          299,
          325
        ],
        [
          0,
          301,
          151,
          179
        ],
        [
          620,
          414,
          20,
          66
        ],
        [
          363,
          366,
          236,
          114
        ],
        [
          134,
          369,
          309,
          111
        ],
        [
          0,
          379,
          220,
          101
        ]
      ]
    }
  }
}