{
  "3e18ef6d21744a9f884a6b148c0d63ac": {
    "44": {
      "name": "chair",
      "visible_pos": [
        3,
        4,
        5,
        6,
        16,
        17
      ],
      "bbox2d": [
        [
          437,
          297,
          203,
          119
        ],
        [
          261,
          234,
          221,
          126
        ],
        [
          63,
          231,
          229,
          163
        ],
        [
          0,
          284,
          91,
          142
        ],
        [
          428,
          472,
          30,
          8
        ],
        [
          206,
          468,
          51,
          12
        ]
      ]
    }
  }
}