{
  "72e1dc86633743e0b233853f945953e4": {
    "93": {
      "name": "pews",
      "visible_pos": [
        0,
        1,
        2,
        3,
        4,
        5,
        6,
        7,
        8,
        9,
        10,
        11,
        12,
        13,
        14,
        15,
        16,
        17,
        18,
        19,
        20,
        22,
        23
      ],
      "bbox2d": [
        [
          0,
          68,
          640,
          412
        ],
        [
          0,
          74,
          640,
          406
        ],
        [
          0,
          110,
          640,
          370
        ],
        [
          0,
          177,
          640,
          303
        ],
        [
          0,
          153,
          640,
          327
        ],
        [
          0,
          50,
          640,
          430
        ],
        [
          0,
          45,
          640,
          435
        ],
        [
          0,
          48,
          640,
          432
        ],
        [
          0,
          153,
          640,
          327
        ],
        [
          0,
          260,
          640,
          220
        ],
        [
          0,
          134,
          640,
          346
        ],
        [
          0,
          68,
          640,
          412
        ],
        [
          105,
          295,
          535,
          185
        ],
        [
          117,
          300,
          523,
          180
        ],
        [
          107,
          333,
          462,
          147
        ],
        [
          0,
          403,
          640,
          77
        ],
        [
          52,
          376,
          588,
          104
        ],
        [
          0,
          280,
          640,
          200
        ],
        [
          0,
          276,
          633,
          204
        ],
        [
          0,
          278,
          487,
          202
        ],
        [
          0,
          376,
          261,
          104
        ],
        [
          400,
          358,
          240,
          122
        ],
        [
          180,
          295,
          460,
          185
        ]
      ]
    }
  }
}