{
  "3384e4644c644c85980470220aa3e101": {
    "712": {
      "name": "window",
      "visible_pos": [
        1,
        2,
        3,
        4,
        5,
        13,
        14,
        15,
        16,
        17
      ],
      "bbox2d": [
        [
          450,
          59,
          109,
          421
        ],
        [
          289,
          54,
          230,
          426
        ],
        [
          21,
          63,
          540,
          375
        ],
        [
          118,
          105,
          215,
          375
        ],
        [
          49,
          122,
          112,
          358
        ],
        [
          523,
          286,
          21,
          194
        ],
        [
          292,
          282,
          16,
          198
        ],
        [
          40,
          290,
          538,
          190
        ],
        [
          292,
          328,
          41,
          152
        ],
        [
          40,
          345,
          57,
          135
        ]
      ]
    },
    "701": {
      "name": "curtain",
      "visible_pos": [],
      "bbox2d": []
    }
  }
}