{
  "605435c04d564e878cc6fad8e5ff5a12": {
    "31": {
      "name": "window",
      "visible_pos": [
        15,
        16,
        17,
        26,
        27,
        28,
        29,
        30
      ],
      "bbox2d": [
        [
          387,
          0,
          253,
          197
        ],
        [
          162,
          0,
          268,
          195
        ],
        [
          0,
          0,
          207,
          146
        ],
        [
          630,
          167,
          10,
          133
        ],
        [
          384,
          0,
          256,
          426
        ],
        [
          152,
          5,
          268,
          418
        ],
        [
          0,
          9,
          261,
          341
        ],
        [
          0,
          0,
          52,
          101
        ]
      ]
    }
  }
}