{
  "4be60d023dd24246a79a9e7678bd8430": {
    "7": {
      "name": "tv",
      "visible_pos": [
        3,
        4,
        5,
        6,
        15,
        16,
        17,
        18,
        27,
        28,
        29,
        30
      ],
      "bbox2d": [
        [
          439,
          0,
          201,
          325
        ],
        [
          200,
          0,
          440,
          341
        ],
        [
          0,
          0,
          367,
          299
        ],
        [
          0,
          0,
          176,
          326
        ],
        [
          438,
          13,
          202,
          467
        ],
        [
          215,
          0,
          409,
          480
        ],
        [
          0,
          0,
          368,
          480
        ],
        [
          0,
          0,
          136,
          480
        ],
        [
          444,
          215,
          196,
          265
        ],
        [
          200,
          182,
          440,
          298
        ],
        [
          0,
          219,
          367,
          261
        ],
        [
          0,
          195,
          159,
          285
        ]
      ]
    },
    "20": {
      "name": "picture",
      "visible_pos": [
        4,
        5,
        6,
        7,
        8,
        9,
        17,
        18,
        19,
        20
      ],
      "bbox2d": [
        [
          619,
          445,
          21,
          35
        ],
        [
          422,
          24,
          218,
          456
        ],
        [
          259,
          22,
          381,
          458
        ],
        [
          0,
          17,
          497,
          463
        ],
        [
          0,
          17,
          270,
          463
        ],
        [
          0,
          196,
          115,
          284
        ],
        [
          478,
          258,
          162,
          222
        ],
        [
          253,
          257,
          387,
          223
        ],
        [
          14,
          254,
          469,
          226
        ],
        [
          0,
          253,
          258,
          227
        ]
      ]
    },
    "21": {
      "name": "pillow",
      "visible_pos": [
        0,
        1,
        2,
        3,
        13,
        14
      ],
      "bbox2d": [
        [
          573,
          251,
          67,
          51
        ],
        [
          363,
          211,
          127,
          49
        ],
        [
          165,
          205,
          125,
          52
        ],
        [
          0,
          243,
          77,
          65
        ],
        [
          370,
          443,
          146,
          37
        ],
        [
          143,
          435,
          142,
          45
        ]
      ]
    },
    "26": {
      "name": "pillow",
      "visible_pos": [
        0,
        1,
        2,
        3
      ],
      "bbox2d": [
        [
          490,
          269,
          150,
          75
        ],
        [
          305,
          241,
          132,
          46
        ],
        [
          107,
          245,
          141,
          70
        ],
        [
          0,
          305,
          30,
          48
        ]
      ]
    }
  }
}