{
  "40a31dc1cd3c4c0caf6507f26d26d082": {
    "7": {
      "name": "tv",
      "visible_pos": [
        7,
        8,
        9,
        19,
        20,
        21,
        31,
        32,
        33
      ],
      "bbox2d": [
        [
          484,
          0,
          156,
          318
        ],
        [
          299,
          0,
          214,
          287
        ],
        [
          18,
          0,
          240,
          321
        ],
        [
          527,
          0,
          113,
          480
        ],
        [
          295,
          0,
          195,
          480
        ],
        [
          45,
          0,
          218,
          480
        ],
        [
          501,
          209,
          139,
          271
        ],
        [
          297,
          234,
          216,
          246
        ],
        [
          18,
          204,
          242,
          276
        ]
      ]
    },
    "14": {
      "name": "pillow",
      "visible_pos": [
        0,
        1,
        10,
        11,
        12,
        13,
        23
      ],
      "bbox2d": [
        [
          218,
          182,
          87,
          77
        ],
        [
          0,
          210,
          93,
          109
        ],
        [
          628,
          315,
          12,
          4
        ],
        [
          406,
          199,
          111,
          63
        ],
        [
          217,
          409,
          87,
          71
        ],
        [
          0,
          442,
          58,
          38
        ],
        [
          439,
          428,
          100,
          52
        ]
      ]
    },
    "18": {
      "name": "pillow",
      "visible_pos": [
        0,
        1,
        10,
        11,
        12,
        23
      ],
      "bbox2d": [
        [
          156,
          191,
          100,
          74
        ],
        [
          0,
          233,
          25,
          71
        ],
        [
          564,
          246,
          76,
          51
        ],
        [
          356,
          197,
          104,
          55
        ],
        [
          133,
          419,
          117,
          61
        ],
        [
          362,
          426,
          113,
          54
        ]
      ]
    },
    "0": {
      "name": "window",
      "visible_pos": [],
      "bbox2d": []
    }
  }
}