{
  "a5b1928b6c1144bf8b7fda2317debf08": {
    "393": {
      "name": "bed",
      "visible_pos": [
        0,
        1,
        2,
        3,
        9,
        10,
        11,
        12,
        13,
        23
      ],
      "bbox2d": [
        [
          0,
          171,
          640,
          309
        ],
        [
          0,
          167,
          471,
          313
        ],
        [
          0,
          224,
          322,
          256
        ],
        [
          0,
          402,
          183,
          78
        ],
        [
          461,
          399,
          179,
          81
        ],
        [
          318,
          225,
          322,
          255
        ],
        [
          168,
          181,
          472,
          299
        ],
        [
          131,
          395,
          387,
          85
        ],
        [
          119,
          393,
          195,
          87
        ],
        [
          341,
          407,
          138,
          73
        ]
      ]
    },
    "398": {
      "name": "armchair",
      "visible_pos": [
        7,
        8,
        9,
        10,
        11,
        20,
        21,
        22
      ],
      "bbox2d": [
        [
          615,
          450,
          25,
          14
        ],
        [
          424,
          182,
          216,
          298
        ],
        [
          250,
          166,
          198,
          284
        ],
        [
          17,
          185,
          254,
          290
        ],
        [
          0,
          321,
          98,
          159
        ],
        [
          464,
          409,
          176,
          71
        ],
        [
          240,
          390,
          149,
          90
        ],
        [
          0,
          411,
          164,
          69
        ]
      ]
    },
    "416": {
      "name": "lamp",
      "visible_pos": [
        24,
        25,
        34,
        35
      ],
      "bbox2d": [
        [
          215,
          129,
          130,
          79
        ],
        [
          11,
          56,
          164,
          122
        ],
        [
          573,
          22,
          67,
          113
        ],
        [
          384,
          98,
          149,
          106
        ]
      ]
    },
    "390": {
      "name": "curtain",
      "visible_pos": [],
      "bbox2d": []
    }
  }
}