{
  "6deafeb981834c9a88eaf3c033fc89c9": {
    "144": {
      "name": "dining#chair",
      "visible_pos": [
        0,
        1,
        2,
        3,
        13,
        14,
        15
      ],
      "bbox2d": [
        [
          527,
          329,
          113,
          151
        ],
        [
          354,
          233,
          242,
          204
        ],
        [
          180,
          198,
          190,
          222
        ],
        [
          0,
          211,
          176,
          269
        ],
        [
          511,
          470,
          126,
          10
        ],
        [
          263,
          427,
          113,
          53
        ],
        [
          123,
          442,
          26,
          38
        ]
      ]
    },
    "146": {
      "name": "dining#chair",
      "visible_pos": [
        0,
        1,
        2,
        12,
        13
      ],
      "bbox2d": [
        [
          432,
          175,
          123,
          224
        ],
        [
          223,
          172,
          141,
          197
        ],
        [
          0,
          231,
          190,
          178
        ],
        [
          440,
          401,
          80,
          79
        ],
        [
          217,
          397,
          75,
          83
        ]
      ]
    },
    "148": {
      "name": "vase",
      "visible_pos": [
        0,
        1,
        2,
        12,
        13,
        14
      ],
      "bbox2d": [
        [
          537,
          137,
          88,
          94
        ],
        [
          321,
          115,
          60,
          82
        ],
        [
          99,
          124,
          69,
          90
        ],
        [
          561,
          360,
          79,
          108
        ],
        [
          321,
          338,
          63,
          89
        ],
        [
          81,
          347,
          78,
          100
        ]
      ]
    }
  }
}