{
  "5f9b1db7cc1748c2a71d9924bd1f4fa3": {
    "260": {
      "name": "chair",
      "visible_pos": [
        3,
        4,
        5,
        6,
        7
      ],
      "bbox2d": [
        [
          504,
          306,
          136,
          174
        ],
        [
          341,
          265,
          278,
          215
        ],
        [
          162,
          279,
          352,
          201
        ],
        [
          0,
          340,
          348,
          140
        ],
        [
          0,
          383,
          190,
          97
        ]
      ]
    },
    "263": {
      "name": "wall#\\other#room",
      "visible_pos": [],
      "bbox2d": []
    },
    "267": {
      "name": "table",
      "visible_pos": [
        3,
        4,
        5,
        6,
        7,
        8,
        16,
        17,
        18,
        19
      ],
      "bbox2d": [
        [
          573,
          255,
          67,
          119
        ],
        [
          358,
          115,
          282,
          365
        ],
        [
          159,
          110,
          450,
          370
        ],
        [
          0,
          137,
          409,
          343
        ],
        [
          0,
          191,
          241,
          289
        ],
        [
          0,
          364,
          44,
          116
        ],
        [
          363,
          338,
          259,
          142
        ],
        [
          134,
          333,
          492,
          147
        ],
        [
          0,
          360,
          395,
          120
        ],
        [
          0,
          447,
          167,
          33
        ]
      ]
    },
    "271": {
      "name": "lamp",
      "visible_pos": [
        24,
        25,
        26,
        34,
        35
      ],
      "bbox2d": [
        [
          258,
          79,
          108,
          87
        ],
        [
          85,
          28,
          125,
          118
        ],
        [
          0,
          0,
          21,
          17
        ],
        [
          590,
          0,
          50,
          42
        ],
        [
          412,
          31,
          127,
          114
        ]
      ]
    },
    "269": {
      "name": "curtain",
      "visible_pos": [],
      "bbox2d": []
    }
  }
}