{
  "74994a8e40df4daca33f7baaab9cd8e0": {
    "79": {
      "name": "shirt",
      "visible_pos": [
        4,
        5,
        6,
        7,
        16,
        17,
        18,
        19,
        29,
        30,
        31
      ],
      "bbox2d": [
        [
          622,
          128,
          18,
          89
        ],
        [
          375,
          0,
          265,
          251
        ],
        [
          136,
          0,
          237,
          209
        ],
        [
          0,
          0,
          160,
          244
        ],
        [
          638,
          350,
          2,
          13
        ],
        [
          374,
          203,
          258,
          277
        ],
        [
          147,
          205,
          223,
          240
        ],
        [
          0,
          206,
          142,
          268
        ],
        [
          402,
          435,
          238,
          45
        ],
        [
          142,
          436,
          229,
          44
        ],
        [
          0,
          437,
          109,
          43
        ]
      ]
    },
    "81": {
      "name": "drawer",
      "visible_pos": [
        0,
        1,
        2,
        3,
        9,
        10,
        11,
        12,
        13,
        14,
        15,
        22,
        23
      ],
      "bbox2d": [
        [
          0,
          153,
          640,
          327
        ],
        [
          0,
          150,
          481,
          330
        ],
        [
          0,
          163,
          287,
          317
        ],
        [
          0,
          210,
          127,
          270
        ],
        [
          513,
          253,
          127,
          227
        ],
        [
          360,
          56,
          280,
          424
        ],
        [
          184,
          56,
          456,
          424
        ],
        [
          0,
          377,
          640,
          103
        ],
        [
          0,
          373,
          500,
          107
        ],
        [
          0,
          387,
          272,
          93
        ],
        [
          0,
          443,
          11,
          37
        ],
        [
          406,
          285,
          234,
          195
        ],
        [
          183,
          285,
          457,
          195
        ]
      ]
    },
    "89": {
      "name": "tv",
      "visible_pos": [
        0,
        1,
        11,
        12,
        13,
        23,
        24,
        25,
        35
      ],
      "bbox2d": [
        [
          258,
          0,
          206,
          48
        ],
        [
          0,
          0,
          211,
          57
        ],
        [
          510,
          0,
          130,
          56
        ],
        [
          266,
          160,
          179,
          118
        ],
        [
          2,
          146,
          220,
          140
        ],
        [
          493,
          146,
          147,
          138
        ],
        [
          261,
          384,
          203,
          96
        ],
        [
          0,
          369,
          217,
          111
        ],
        [
          506,
          369,
          134,
          111
        ]
      ]
    },
    "77": {
      "name": "shelf",
      "visible_pos": [],
      "bbox2d": []
    }
  }
}