{
  "18c5cdd8d6d945d8bd63255d32b2a5e2": {
    "474": {
      "name": "plants",
      "visible_pos": [
        2,
        3,
        4,
        5,
        6,
        7,
        8,
        9,
        14,
        15,
        16,
        17,
        18,
        19,
        20,
        21
      ],
      "bbox2d": [
        [
          602,
          94,
          38,
          8
        ],
        [
          344,
          79,
          296,
          401
        ],
        [
          99,
          78,
          541,
          402
        ],
        [
          0,
          117,
          640,
          363
        ],
        [
          0,
          214,
          640,
          211
        ],
        [
          0,
          126,
          640,
          354
        ],
        [
          0,
          72,
          466,
          408
        ],
        [
          0,
          72,
          237,
          408
        ],
        [
          591,
          318,
          49,
          17
        ],
        [
          342,
          305,
          298,
          175
        ],
        [
          109,
          304,
          513,
          176
        ],
        [
          0,
          340,
          543,
          140
        ],
        [
          0,
          447,
          640,
          33
        ],
        [
          103,
          349,
          537,
          131
        ],
        [
          19,
          298,
          443,
          182
        ],
        [
          0,
          298,
          238,
          182
        ]
      ]
    }
  }
}