{
  "59ec556fabbe4241b33fc66068d561f4": {
    "266": {
      "name": "armchair",
      "visible_pos": [
        1,
        2,
        3,
        4,
        5,
        15,
        16
      ],
      "bbox2d": [
        [
          627,
          356,
          13,
          75
        ],
        [
          417,
          249,
          223,
          182
        ],
        [
          236,
          209,
          231,
          164
        ],
        [
          18,
          218,
          254,
          185
        ],
        [
          0,
          264,
          76,
          216
        ],
        [
          303,
          441,
          185,
          39
        ],
        [
          116,
          451,
          148,
          29
        ]
      ]
    }
  }
}