{
  "2d443515b63f4bcebd48b0ec9eeed6ec": {
    "247": {
      "name": "chair",
      "visible_pos": [
        2,
        3,
        4,
        5,
        15
      ],
      "bbox2d": [
        [
          456,
          249,
          184,
          231
        ],
        [
          263,
          239,
          222,
          212
        ],
        [
          47,
          244,
          256,
          236
        ],
        [
          0,
          284,
          147,
          196
        ],
        [
          254,
          477,
          10,
          3
        ]
      ]
    }
  }
}