{
  "453eda1519c34c1492ecef22b8c092d3": {
    "292": {
      "name": "window",
      "visible_pos": [
        1,
        2,
        3,
        9,
        10,
        11,
        13,
        14,
        15,
        21,
        22,
        23,
        24,
        25,
        26,
        27,
        33,
        34,
        35
      ],
      "bbox2d": [
        [
          455,
          0,
          185,
          386
        ],
        [
          276,
          0,
          170,
          353
        ],
        [
          0,
          0,
          219,
          390
        ],
        [
          434,
          0,
          98,
          261
        ],
        [
          207,
          0,
          71,
          252
        ],
        [
          0,
          87,
          68,
          221
        ],
        [
          509,
          0,
          131,
          480
        ],
        [
          278,
          0,
          156,
          480
        ],
        [
          23,
          0,
          188,
          480
        ],
        [
          442,
          0,
          99,
          480
        ],
        [
          219,
          0,
          117,
          480
        ],
        [
          0,
          0,
          41,
          480
        ],
        [
          0,
          11,
          640,
          100
        ],
        [
          0,
          0,
          640,
          480
        ],
        [
          23,
          0,
          423,
          480
        ],
        [
          0,
          0,
          218,
          480
        ],
        [
          436,
          0,
          204,
          480
        ],
        [
          207,
          0,
          408,
          480
        ],
        [
          0,
          0,
          640,
          395
        ]
      ]
    }
  }
}