{
  "47851d0f7ddb4bd2b2b74487d12aa14e": {
    "386": {
      "name": "painter",
      "visible_pos": [
        7,
        8,
        9,
        10,
        20,
        21,
        22,
        31,
        32,
        33,
        34
      ],
      "bbox2d": [
        [
          617,
          328,
          23,
          45
        ],
        [
          411,
          0,
          135,
          299
        ],
        [
          197,
          0,
          87,
          302
        ],
        [
          0,
          43,
          43,
          327
        ],
        [
          432,
          0,
          86,
          480
        ],
        [
          209,
          0,
          78,
          480
        ],
        [
          0,
          10,
          34,
          456
        ],
        [
          618,
          111,
          22,
          34
        ],
        [
          410,
          180,
          136,
          300
        ],
        [
          195,
          180,
          92,
          300
        ],
        [
          0,
          112,
          45,
          328
        ]
      ]
    }
  }
}