{
  "b977f55834dc4d66aa782eea96c64e23": {
    "20": {
      "name": "chair",
      "visible_pos": [
        2,
        3,
        4,
        5,
        6,
        7,
        16
      ],
      "bbox2d": [
        [
          622,
          455,
          18,
          25
        ],
        [
          432,
          262,
          208,
          218
        ],
        [
          272,
          231,
          343,
          249
        ],
        [
          98,
          251,
          340,
          229
        ],
        [
          0,
          319,
          298,
          161
        ],
        [
          0,
          418,
          136,
          62
        ],
        [
          319,
          468,
          39,
          12
        ]
      ]
    },
    "25": {
      "name": "picture",
      "visible_pos": [
        3,
        4,
        5,
        6,
        15,
        16,
        17,
        18,
        27,
        28,
        29,
        30
      ],
      "bbox2d": [
        [
          547,
          0,
          93,
          282
        ],
        [
          337,
          0,
          257,
          238
        ],
        [
          72,
          0,
          246,
          255
        ],
        [
          0,
          0,
          89,
          262
        ],
        [
          581,
          0,
          59,
          480
        ],
        [
          335,
          32,
          223,
          446
        ],
        [
          100,
          8,
          219,
          472
        ],
        [
          0,
          49,
          78,
          411
        ],
        [
          547,
          234,
          93,
          246
        ],
        [
          334,
          265,
          260,
          215
        ],
        [
          73,
          246,
          245,
          234
        ],
        [
          0,
          259,
          85,
          221
        ]
      ]
    }
  }
}