{
  "0871e41cf2a745cdb6a50fbda8d2387b": {
    "403": {
      "name": "couch",
      "visible_pos": [
        0,
        1,
        2,
        3,
        10,
        11,
        12,
        13,
        14
      ],
      "bbox2d": [
        [
          99,
          169,
          541,
          311
        ],
        [
          0,
          154,
          429,
          326
        ],
        [
          0,
          159,
          243,
          321
        ],
        [
          0,
          301,
          68,
          179
        ],
        [
          444,
          316,
          196,
          164
        ],
        [
          287,
          268,
          353,
          212
        ],
        [
          366,
          394,
          274,
          86
        ],
        [
          162,
          378,
          277,
          102
        ],
        [
          0,
          383,
          217,
          97
        ]
      ]
    }
  }
}