{
  "ef9ea6ae23d346a2a4e33b228a30b6ec": {
    "490": {
      "name": "paper#towels",
      "visible_pos": [
        3,
        4,
        5,
        6,
        16,
        17,
        18
      ],
      "bbox2d": [
        [
          614,
          337,
          26,
          46
        ],
        [
          404,
          165,
          93,
          146
        ],
        [
          223,
          158,
          68,
          143
        ],
        [
          0,
          191,
          93,
          171
        ],
        [
          439,
          389,
          80,
          91
        ],
        [
          216,
          382,
          71,
          98
        ],
        [
          0,
          419,
          35,
          61
        ]
      ]
    }
  }
}