{
  "143533f78ff64e93b911ec7868911688": {
    "221": {
      "name": "dining#chair",
      "visible_pos": [
        6,
        7,
        8,
        9,
        18,
        19,
        20,
        21
      ],
      "bbox2d": [
        [
          526,
          97,
          114,
          366
        ],
        [
          332,
          78,
          222,
          298
        ],
        [
          89,
          83,
          256,
          287
        ],
        [
          0,
          219,
          150,
          216
        ],
        [
          576,
          320,
          64,
          160
        ],
        [
          332,
          304,
          238,
          176
        ],
        [
          95,
          308,
          253,
          172
        ],
        [
          0,
          474,
          112,
          6
        ]
      ]
    },
    "247": {
      "name": "clock",
      "visible_pos": [
        24,
        25,
        35
      ],
      "bbox2d": [
        [
          234,
          0,
          161,
          56
        ],
        [
          140,
          0,
          119,
          34
        ],
        [
          366,
          0,
          131,
          48
        ]
      ]
    },
    "249": {
      "name": "picture#frame",
      "visible_pos": [],
      "bbox2d": []
    }
  }
}