{
  "9c660edca14146249746ee93e9172d8c": {
    "54": {
      "name": "stair",
      "visible_pos": [
        3,
        4,
        5,
        6,
        7,
        16,
        17
      ],
      "bbox2d": [
        [
          524,
          215,
          116,
          265
        ],
        [
          362,
          145,
          278,
          334
        ],
        [
          178,
          144,
          321,
          289
        ],
        [
          0,
          202,
          326,
          278
        ],
        [
          0,
          314,
          156,
          166
        ],
        [
          394,
          368,
          89,
          112
        ],
        [
          169,
          367,
          90,
          113
        ]
      ]
    }
  }
}