{
  "7d0475483f584d6bbe42f436353df7fa": {
    "317": {
      "name": "plant",
      "visible_pos": [
        2,
        3,
        4,
        14,
        15,
        16
      ],
      "bbox2d": [
        [
          448,
          17,
          123,
          172
        ],
        [
          199,
          16,
          118,
          163
        ],
        [
          0,
          23,
          60,
          193
        ],
        [
          435,
          253,
          121,
          164
        ],
        [
          212,
          252,
          105,
          153
        ],
        [
          0,
          256,
          76,
          189
        ]
      ]
    },
    "318": {
      "name": "window",
      "visible_pos": [
        0,
        10,
        11,
        12,
        22,
        23,
        24,
        34,
        35
      ],
      "bbox2d": [
        [
          90,
          0,
          135,
          297
        ],
        [
          538,
          25,
          102,
          289
        ],
        [
          344,
          0,
          99,
          276
        ],
        [
          115,
          0,
          106,
          480
        ],
        [
          599,
          0,
          41,
          480
        ],
        [
          347,
          18,
          97,
          462
        ],
        [
          90,
          236,
          118,
          244
        ],
        [
          556,
          221,
          84,
          225
        ],
        [
          344,
          254,
          99,
          226
        ]
      ]
    },
    "320": {
      "name": "curtain",
      "visible_pos": [
        12,
        18,
        19,
        22,
        23,
        24,
        25,
        29,
        30,
        31,
        32,
        33,
        34,
        35
      ],
      "bbox2d": [
        [
          121,
          0,
          147,
          96
        ],
        [
          382,
          0,
          134,
          121
        ],
        [
          156,
          0,
          154,
          119
        ],
        [
          630,
          0,
          10,
          11
        ],
        [
          349,
          0,
          145,
          97
        ],
        [
          0,
          0,
          273,
          320
        ],
        [
          0,
          0,
          51,
          256
        ],
        [
          600,
          0,
          40,
          303
        ],
        [
          380,
          0,
          260,
          345
        ],
        [
          164,
          0,
          389,
          342
        ],
        [
          0,
          0,
          601,
          262
        ],
        [
          0,
          0,
          640,
          117
        ],
        [
          96,
          0,
          544,
          269
        ],
        [
          13,
          0,
          461,
          321
        ]
      ]
    },
    "321": {
      "name": "window",
      "visible_pos": [],
      "bbox2d": []
    },
    "322": {
      "name": "window",
      "visible_pos": [],
      "bbox2d": []
    },
    "326": {
      "name": "window",
      "visible_pos": [],
      "bbox2d": []
    }
  }
}