{
  "72a0ec16147842c88777902fa644204a": {
    "279": {
      "name": "sofa",
      "visible_pos": [
        7,
        8,
        9,
        10,
        11,
        20,
        21,
        22,
        23
      ],
      "bbox2d": [
        [
          582,
          278,
          58,
          57
        ],
        [
          369,
          232,
          271,
          248
        ],
        [
          176,
          137,
          457,
          343
        ],
        [
          0,
          120,
          385,
          357
        ],
        [
          0,
          133,
          187,
          347
        ],
        [
          384,
          469,
          44,
          11
        ],
        [
          173,
          360,
          467,
          120
        ],
        [
          135,
          343,
          253,
          137
        ],
        [
          0,
          356,
          162,
          124
        ]
      ]
    },
    "294": {
      "name": "book",
      "visible_pos": [
        6,
        7,
        8,
        9,
        10
      ],
      "bbox2d": [
        [
          623,
          417,
          17,
          34
        ],
        [
          424,
          332,
          120,
          102
        ],
        [
          257,
          307,
          115,
          72
        ],
        [
          69,
          336,
          146,
          67
        ],
        [
          0,
          465,
          28,
          15
        ]
      ]
    },
    "296": {
      "name": "end#table",
      "visible_pos": [
        5,
        6,
        7,
        8,
        9,
        10
      ],
      "bbox2d": [
        [
          479,
          419,
          159,
          61
        ],
        [
          336,
          333,
          304,
          147
        ],
        [
          188,
          283,
          436,
          197
        ],
        [
          33,
          268,
          428,
          212
        ],
        [
          0,
          291,
          311,
          189
        ],
        [
          0,
          405,
          165,
          75
        ]
      ]
    },
    "290": {
      "name": "painting",
      "visible_pos": [],
      "bbox2d": []
    },
    "293": {
      "name": "lamp",
      "visible_pos": [],
      "bbox2d": []
    }
  }
}