{
  "ebd02fb69bcf45fdb230e77d2b514118": {
    "125": {
      "name": "mirror",
      "visible_pos": [
        6,
        7,
        8,
        9,
        18,
        19,
        20,
        21,
        30,
        31,
        32,
        33
      ],
      "bbox2d": [
        [
          470,
          0,
          170,
          187
        ],
        [
          238,
          0,
          402,
          169
        ],
        [
          0,
          0,
          362,
          168
        ],
        [
          0,
          0,
          126,
          185
        ],
        [
          468,
          0,
          172,
          408
        ],
        [
          244,
          0,
          369,
          394
        ],
        [
          0,
          0,
          358,
          391
        ],
        [
          0,
          0,
          128,
          405
        ],
        [
          451,
          139,
          189,
          341
        ],
        [
          233,
          192,
          407,
          288
        ],
        [
          0,
          185,
          355,
          295
        ],
        [
          0,
          138,
          153,
          342
        ]
      ]
    },
    "127": {
      "name": "desk",
      "visible_pos": [
        1,
        2,
        3,
        4,
        5,
        13,
        14,
        15,
        16
      ],
      "bbox2d": [
        [
          524,
          174,
          96,
          192
        ],
        [
          337,
          142,
          303,
          338
        ],
        [
          126,
          142,
          333,
          327
        ],
        [
          0,
          170,
          271,
          310
        ],
        [
          0,
          249,
          115,
          231
        ],
        [
          594,
          399,
          46,
          81
        ],
        [
          345,
          365,
          295,
          115
        ],
        [
          112,
          365,
          363,
          115
        ],
        [
          0,
          395,
          250,
          85
        ]
      ]
    },
    "130": {
      "name": "mirror",
      "visible_pos": [
        2,
        3,
        4,
        14,
        15,
        16,
        26,
        27,
        28
      ],
      "bbox2d": [
        [
          537,
          0,
          103,
          171
        ],
        [
          300,
          0,
          165,
          158
        ],
        [
          17,
          0,
          206,
          157
        ],
        [
          535,
          80,
          105,
          312
        ],
        [
          301,
          93,
          149,
          289
        ],
        [
          54,
          95,
          173,
          286
        ],
        [
          535,
          298,
          105,
          182
        ],
        [
          299,
          317,
          166,
          163
        ],
        [
          16,
          319,
          212,
          161
        ]
      ]
    },
    "131": {
      "name": "sink",
      "visible_pos": [
        5,
        6,
        7,
        8,
        9,
        10
      ],
      "bbox2d": [
        [
          551,
          367,
          89,
          113
        ],
        [
          371,
          278,
          269,
          202
        ],
        [
          203,
          251,
          391,
          229
        ],
        [
          0,
          251,
          402,
          229
        ],
        [
          0,
          284,
          239,
          196
        ],
        [
          0,
          399,
          55,
          81
        ]
      ]
    },
    "133": {
      "name": "chair",
      "visible_pos": [
        1,
        2,
        3,
        4,
        13,
        14,
        15
      ],
      "bbox2d": [
        [
          547,
          165,
          93,
          315
        ],
        [
          366,
          133,
          110,
          275
        ],
        [
          152,
          139,
          146,
          263
        ],
        [
          0,
          249,
          117,
          223
        ],
        [
          637,
          394,
          3,
          26
        ],
        [
          374,
          356,
          94,
          124
        ],
        [
          147,
          362,
          104,
          118
        ]
      ]
    },
    "138": {
      "name": "paper#towel#dispenser",
      "visible_pos": [
        5,
        6,
        7,
        17,
        18,
        19
      ],
      "bbox2d": [
        [
          505,
          101,
          135,
          91
        ],
        [
          273,
          92,
          145,
          67
        ],
        [
          12,
          98,
          185,
          76
        ],
        [
          503,
          324,
          137,
          91
        ],
        [
          275,
          316,
          144,
          67
        ],
        [
          16,
          322,
          180,
          77
        ]
      ]
    }
  }
}