{
  "e3e6f76ac99c4714aeed085b2a8c95f8": {
    "1077": {
      "name": "washbasin",
      "visible_pos": [
        5,
        6,
        7,
        8,
        17,
        18,
        19
      ],
      "bbox2d": [
        [
          445,
          169,
          195,
          311
        ],
        [
          262,
          151,
          165,
          289
        ],
        [
          25,
          155,
          226,
          286
        ],
        [
          0,
          323,
          78,
          157
        ],
        [
          482,
          393,
          158,
          87
        ],
        [
          256,
          374,
          175,
          106
        ],
        [
          0,
          379,
          208,
          101
        ]
      ]
    },
    "1078": {
      "name": "toilet",
      "visible_pos": [
        0,
        1,
        2,
        3,
        11
      ],
      "bbox2d": [
        [
          303,
          273,
          254,
          207
        ],
        [
          188,
          260,
          185,
          220
        ],
        [
          21,
          292,
          214,
          188
        ],
        [
          0,
          439,
          37,
          41
        ],
        [
          467,
          361,
          173,
          119
        ]
      ]
    },
    "1079": {
      "name": "light",
      "visible_pos": [
        28,
        29,
        30
      ],
      "bbox2d": [
        [
          397,
          0,
          128,
          24
        ],
        [
          266,
          0,
          167,
          63
        ],
        [
          157,
          0,
          161,
          55
        ]
      ]
    },
    "1082": {
      "name": "mirror",
      "visible_pos": [],
      "bbox2d": []
    },
    "1083": {
      "name": "toilet#paper#dispenser",
      "visible_pos": [
        0,
        1,
        10,
        11
      ],
      "bbox2d": [
        [
          169,
          360,
          84,
          92
        ],
        [
          0,
          441,
          89,
          39
        ],
        [
          481,
          408,
          95,
          72
        ],
        [
          325,
          354,
          77,
          81
        ]
      ]
    },
    "1084": {
      "name": "light",
      "visible_pos": [
        30,
        31,
        32
      ],
      "bbox2d": [
        [
          445,
          154,
          43,
          19
        ],
        [
          268,
          175,
          39,
          11
        ],
        [
          72,
          130,
          50,
          19
        ]
      ]
    },
    "1085": {
      "name": "light",
      "visible_pos": [
        24,
        25
      ],
      "bbox2d": [
        [
          369,
          0,
          40,
          10
        ],
        [
          248,
          0,
          54,
          16
        ]
      ]
    },
    "1072": {
      "name": "interior#bathroom#wall",
      "visible_pos": [],
      "bbox2d": []
    },
    "1073": {
      "name": "shower",
      "visible_pos": [],
      "bbox2d": []
    }
  }
}