{
  "544226aae27a4960aa536658fcc7d51e": {
    "597": {
      "name": "board",
      "visible_pos": [
        0,
        1,
        8,
        9,
        10,
        11,
        12,
        13,
        21,
        22,
        23
      ],
      "bbox2d": [
        [
          0,
          79,
          283,
          243
        ],
        [
          0,
          119,
          77,
          198
        ],
        [
          593,
          205,
          47,
          134
        ],
        [
          382,
          86,
          258,
          206
        ],
        [
          165,
          89,
          475,
          232
        ],
        [
          0,
          84,
          506,
          254
        ],
        [
          0,
          304,
          274,
          176
        ],
        [
          0,
          321,
          15,
          115
        ],
        [
          393,
          311,
          247,
          169
        ],
        [
          169,
          314,
          471,
          166
        ],
        [
          0,
          309,
          503,
          171
        ]
      ]
    }
  }
}