{
  "1f476bc71f514d4c8cd520d4ceddd5f7": {
    "542": {
      "name": "pot",
      "visible_pos": [
        7,
        8,
        9,
        10,
        20,
        21,
        22
      ],
      "bbox2d": [
        [
          635,
          138,
          5,
          24
        ],
        [
          377,
          95,
          172,
          167
        ],
        [
          148,
          94,
          162,
          157
        ],
        [
          0,
          110,
          79,
          195
        ],
        [
          376,
          319,
          171,
          161
        ],
        [
          150,
          318,
          160,
          162
        ],
        [
          0,
          333,
          67,
          147
        ]
      ]
    },
    "530": {
      "name": "stair#rail",
      "visible_pos": [],
      "bbox2d": []
    }
  }
}