{
  "58cdef27c7d74befb1a6c8048a182ee6": {
    "1130": {
      "name": "dresser",
      "visible_pos": [
        5,
        6,
        7,
        8,
        18,
        19,
        20
      ],
      "bbox2d": [
        [
          570,
          392,
          70,
          88
        ],
        [
          394,
          179,
          216,
          261
        ],
        [
          240,
          159,
          130,
          269
        ],
        [
          9,
          172,
          177,
          308
        ],
        [
          453,
          405,
          183,
          75
        ],
        [
          229,
          384,
          147,
          96
        ],
        [
          89,
          398,
          60,
          82
        ]
      ]
    },
    "1138": {
      "name": "picture",
      "visible_pos": [
        6,
        7,
        18,
        19,
        20,
        30,
        31
      ],
      "bbox2d": [
        [
          411,
          0,
          114,
          125
        ],
        [
          166,
          0,
          99,
          126
        ],
        [
          409,
          128,
          90,
          220
        ],
        [
          185,
          124,
          86,
          225
        ],
        [
          0,
          162,
          10,
          170
        ],
        [
          409,
          349,
          116,
          131
        ],
        [
          166,
          347,
          101,
          133
        ]
      ]
    },
    "1150": {
      "name": "step",
      "visible_pos": [],
      "bbox2d": []
    }
  }
}