{
  "16a3ffd3d2ee4ce0921004f9872428cd": {
    "277": {
      "name": "curtain",
      "visible_pos": [
        4,
        5,
        6,
        7,
        8,
        9,
        10,
        11,
        16,
        17,
        18,
        19,
        20,
        21,
        22,
        23,
        24,
        27,
        28,
        29,
        30,
        31,
        32,
        33,
        34,
        35
      ],
      "bbox2d": [
        [
          431,
          0,
          209,
          480
        ],
        [
          197,
          0,
          443,
          472
        ],
        [
          0,
          0,
          435,
          456
        ],
        [
          0,
          0,
          213,
          480
        ],
        [
          475,
          159,
          165,
          321
        ],
        [
          323,
          0,
          186,
          434
        ],
        [
          123,
          0,
          160,
          457
        ],
        [
          0,
          142,
          113,
          338
        ],
        [
          424,
          0,
          216,
          480
        ],
        [
          201,
          0,
          439,
          480
        ],
        [
          0,
          0,
          470,
          480
        ],
        [
          0,
          0,
          246,
          480
        ],
        [
          583,
          386,
          34,
          94
        ],
        [
          337,
          0,
          173,
          480
        ],
        [
          102,
          0,
          202,
          480
        ],
        [
          0,
          389,
          6,
          90
        ],
        [
          0,
          97,
          24,
          36
        ],
        [
          619,
          85,
          21,
          93
        ],
        [
          406,
          0,
          234,
          480
        ],
        [
          196,
          0,
          444,
          480
        ],
        [
          0,
          0,
          510,
          480
        ],
        [
          0,
          0,
          427,
          480
        ],
        [
          0,
          0,
          640,
          320
        ],
        [
          201,
          0,
          433,
          480
        ],
        [
          123,
          0,
          293,
          480
        ],
        [
          0,
          0,
          235,
          234
        ]
      ]
    },
    "297": {
      "name": "light",
      "visible_pos": [
        9,
        10,
        11,
        21,
        22,
        23,
        33,
        34,
        35
      ],
      "bbox2d": [
        [
          559,
          113,
          81,
          209
        ],
        [
          357,
          0,
          48,
          273
        ],
        [
          108,
          0,
          83,
          286
        ],
        [
          548,
          46,
          92,
          434
        ],
        [
          311,
          84,
          132,
          396
        ],
        [
          68,
          70,
          152,
          410
        ],
        [
          538,
          272,
          102,
          143
        ],
        [
          311,
          309,
          130,
          171
        ],
        [
          78,
          297,
          144,
          183
        ]
      ]
    },
    "298": {
      "name": "plant",
      "visible_pos": [
        3,
        4,
        5,
        6,
        16,
        17
      ],
      "bbox2d": [
        [
          508,
          246,
          132,
          224
        ],
        [
          328,
          133,
          189,
          254
        ],
        [
          123,
          131,
          200,
          253
        ],
        [
          0,
          162,
          131,
          301
        ],
        [
          329,
          356,
          173,
          124
        ],
        [
          97,
          354,
          177,
          126
        ]
      ]
    },
    "307": {
      "name": "piano#bench",
      "visible_pos": [
        0,
        10,
        11
      ],
      "bbox2d": [
        [
          31,
          281,
          72,
          47
        ],
        [
          430,
          261,
          56,
          31
        ],
        [
          245,
          243,
          53,
          37
        ]
      ]
    },
    "282": {
      "name": "piano",
      "visible_pos": [],
      "bbox2d": []
    },
    "292": {
      "name": "window",
      "visible_pos": [],
      "bbox2d": []
    }
  }
}