{
  "d380f2ad09a24ced8301982126e4dcde": {
    "57": {
      "name": "step",
      "visible_pos": [
        0,
        1,
        2,
        3,
        4,
        8,
        9,
        10,
        11,
        12,
        13,
        14,
        15,
        16,
        21,
        22,
        23
      ],
      "bbox2d": [
        [
          0,
          102,
          640,
          378
        ],
        [
          0,
          65,
          640,
          415
        ],
        [
          0,
          59,
          480,
          421
        ],
        [
          0,
          69,
          271,
          411
        ],
        [
          0,
          218,
          41,
          262
        ],
        [
          600,
          255,
          40,
          225
        ],
        [
          376,
          117,
          264,
          363
        ],
        [
          175,
          76,
          465,
          404
        ],
        [
          0,
          75,
          640,
          405
        ],
        [
          0,
          326,
          640,
          154
        ],
        [
          0,
          293,
          640,
          187
        ],
        [
          0,
          287,
          496,
          193
        ],
        [
          0,
          296,
          269,
          184
        ],
        [
          0,
          452,
          6,
          16
        ],
        [
          383,
          340,
          257,
          140
        ],
        [
          157,
          302,
          483,
          178
        ],
        [
          0,
          301,
          640,
          179
        ]
      ]
    }
  }
}