{
  "3a4c65b97ebb4b4fb888a262586c3fa7": {
    "142": {
      "name": "office#table",
      "visible_pos": [
        6,
        7,
        8,
        9,
        10,
        11,
        19,
        20,
        21,
        22
      ],
      "bbox2d": [
        [
          623,
          264,
          17,
          36
        ],
        [
          399,
          141,
          241,
          253
        ],
        [
          199,
          133,
          441,
          347
        ],
        [
          0,
          159,
          473,
          266
        ],
        [
          0,
          166,
          286,
          245
        ],
        [
          0,
          247,
          128,
          232
        ],
        [
          412,
          364,
          228,
          116
        ],
        [
          189,
          356,
          451,
          124
        ],
        [
          0,
          382,
          485,
          98
        ],
        [
          0,
          390,
          270,
          90
        ]
      ]
    },
    "147": {
      "name": "chair",
      "visible_pos": [
        6,
        7,
        8,
        9,
        19,
        20
      ],
      "bbox2d": [
        [
          547,
          277,
          93,
          203
        ],
        [
          346,
          231,
          225,
          185
        ],
        [
          152,
          228,
          219,
          166
        ],
        [
          0,
          280,
          195,
          170
        ],
        [
          434,
          469,
          24,
          11
        ],
        [
          210,
          464,
          25,
          16
        ]
      ]
    },
    "149": {
      "name": "desk#chair",
      "visible_pos": [
        7,
        8,
        9,
        10,
        11
      ],
      "bbox2d": [
        [
          435,
          290,
          205,
          190
        ],
        [
          258,
          263,
          382,
          217
        ],
        [
          60,
          283,
          373,
          168
        ],
        [
          8,
          287,
          262,
          193
        ],
        [
          0,
          345,
          94,
          135
        ]
      ]
    },
    "130": {
      "name": "shelf",
      "visible_pos": [],
      "bbox2d": []
    },
    "137": {
      "name": "picture",
      "visible_pos": [],
      "bbox2d": []
    }
  }
}