{
  "c51b92525949496b94fdde3b4be91ede": {
    "141": {
      "name": "chair",
      "visible_pos": [
        4,
        5,
        6,
        7,
        17,
        18,
        19
      ],
      "bbox2d": [
        [
          580,
          328,
          60,
          62
        ],
        [
          384,
          163,
          144,
          168
        ],
        [
          209,
          148,
          102,
          173
        ],
        [
          0,
          171,
          102,
          219
        ],
        [
          464,
          387,
          83,
          93
        ],
        [
          240,
          371,
          70,
          109
        ],
        [
          0,
          396,
          66,
          84
        ]
      ]
    },
    "142": {
      "name": "office#table",
      "visible_pos": [
        3,
        4,
        5,
        6,
        7,
        16,
        17,
        18,
        19
      ],
      "bbox2d": [
        [
          493,
          248,
          147,
          232
        ],
        [
          318,
          119,
          322,
          291
        ],
        [
          114,
          100,
          374,
          265
        ],
        [
          0,
          108,
          273,
          294
        ],
        [
          0,
          165,
          63,
          202
        ],
        [
          318,
          342,
          322,
          138
        ],
        [
          102,
          323,
          390,
          157
        ],
        [
          0,
          331,
          265,
          149
        ],
        [
          0,
          432,
          1,
          16
        ]
      ]
    },
    "145": {
      "name": "window",
      "visible_pos": [
        0,
        1,
        2,
        3,
        11,
        12,
        13,
        14,
        23,
        24,
        25,
        26,
        35
      ],
      "bbox2d": [
        [
          363,
          0,
          277,
          332
        ],
        [
          110,
          0,
          329,
          333
        ],
        [
          0,
          0,
          230,
          419
        ],
        [
          0,
          317,
          7,
          11
        ],
        [
          565,
          110,
          75,
          303
        ],
        [
          365,
          8,
          275,
          472
        ],
        [
          138,
          0,
          288,
          480
        ],
        [
          0,
          9,
          203,
          471
        ],
        [
          626,
          0,
          14,
          480
        ],
        [
          360,
          246,
          280,
          234
        ],
        [
          110,
          232,
          329,
          248
        ],
        [
          0,
          224,
          203,
          256
        ],
        [
          572,
          205,
          68,
          164
        ]
      ]
    },
    "146": {
      "name": "picture",
      "visible_pos": [
        6,
        7,
        8,
        18,
        19,
        20,
        30,
        31,
        32
      ],
      "bbox2d": [
        [
          473,
          0,
          167,
          287
        ],
        [
          238,
          0,
          195,
          234
        ],
        [
          0,
          0,
          208,
          238
        ],
        [
          471,
          0,
          169,
          480
        ],
        [
          246,
          0,
          176,
          471
        ],
        [
          0,
          0,
          199,
          477
        ],
        [
          464,
          169,
          176,
          311
        ],
        [
          237,
          221,
          192,
          259
        ],
        [
          0,
          211,
          203,
          269
        ]
      ]
    },
    "148": {
      "name": "plant",
      "visible_pos": [
        8,
        9,
        10,
        20,
        21,
        22,
        31,
        32,
        33,
        34
      ],
      "bbox2d": [
        [
          547,
          0,
          90,
          6
        ],
        [
          286,
          0,
          67,
          5
        ],
        [
          2,
          0,
          84,
          6
        ],
        [
          405,
          0,
          229,
          245
        ],
        [
          181,
          21,
          191,
          223
        ],
        [
          0,
          0,
          144,
          245
        ],
        [
          630,
          215,
          10,
          15
        ],
        [
          396,
          242,
          244,
          238
        ],
        [
          196,
          256,
          183,
          224
        ],
        [
          0,
          207,
          137,
          273
        ]
      ]
    },
    "153": {
      "name": "picture",
      "visible_pos": [
        19,
        20,
        21,
        22,
        31,
        32,
        33,
        34
      ],
      "bbox2d": [
        [
          499,
          0,
          141,
          236
        ],
        [
          271,
          6,
          245,
          232
        ],
        [
          10,
          15,
          275,
          223
        ],
        [
          0,
          79,
          32,
          43
        ],
        [
          498,
          205,
          142,
          270
        ],
        [
          264,
          244,
          249,
          234
        ],
        [
          0,
          251,
          285,
          227
        ],
        [
          0,
          201,
          40,
          143
        ]
      ]
    },
    "138": {
      "name": "shelf",
      "visible_pos": [],
      "bbox2d": []
    }
  }
}