{
  "4385dfc7f81c413b86bb06658c1ff5c7": {
    "160": {
      "name": "cabinet",
      "visible_pos": [
        0,
        7,
        8,
        9,
        10,
        11,
        19,
        20,
        21,
        22,
        23
      ],
      "bbox2d": [
        [
          0,
          343,
          88,
          137
        ],
        [
          446,
          195,
          194,
          285
        ],
        [
          298,
          161,
          342,
          319
        ],
        [
          92,
          165,
          548,
          311
        ],
        [
          0,
          142,
          413,
          338
        ],
        [
          0,
          179,
          257,
          301
        ],
        [
          551,
          432,
          89,
          48
        ],
        [
          294,
          384,
          346,
          96
        ],
        [
          73,
          389,
          567,
          91
        ],
        [
          13,
          366,
          411,
          114
        ],
        [
          0,
          375,
          201,
          105
        ]
      ]
    },
    "162": {
      "name": "picture",
      "visible_pos": [],
      "bbox2d": []
    },
    "172": {
      "name": "picture",
      "visible_pos": [
        8,
        9,
        10,
        11,
        20,
        21,
        22,
        23,
        32,
        33,
        34,
        35
      ],
      "bbox2d": [
        [
          536,
          0,
          104,
          93
        ],
        [
          273,
          0,
          343,
          80
        ],
        [
          0,
          0,
          334,
          94
        ],
        [
          0,
          0,
          81,
          82
        ],
        [
          508,
          0,
          132,
          317
        ],
        [
          279,
          8,
          302,
          297
        ],
        [
          22,
          0,
          313,
          318
        ],
        [
          0,
          0,
          100,
          307
        ],
        [
          492,
          195,
          148,
          285
        ],
        [
          272,
          246,
          345,
          234
        ],
        [
          0,
          216,
          337,
          264
        ],
        [
          0,
          196,
          124,
          284
        ]
      ]
    }
  }
}