{
  "d2e778a1130d4dbfb60b503a7b528d80": {
    "47": {
      "name": "closet#shelf",
      "visible_pos": [
        1,
        2,
        3,
        4,
        5,
        6,
        7,
        8,
        13,
        14,
        15,
        16,
        17,
        18,
        19,
        20,
        25,
        26,
        27,
        28,
        29,
        30,
        31,
        32
      ],
      "bbox2d": [
        [
          570,
          11,
          70,
          255
        ],
        [
          349,
          0,
          291,
          268
        ],
        [
          85,
          0,
          555,
          231
        ],
        [
          0,
          0,
          640,
          284
        ],
        [
          0,
          0,
          640,
          275
        ],
        [
          0,
          0,
          597,
          262
        ],
        [
          0,
          0,
          372,
          282
        ],
        [
          0,
          0,
          173,
          286
        ],
        [
          593,
          0,
          47,
          480
        ],
        [
          344,
          0,
          296,
          480
        ],
        [
          111,
          0,
          529,
          468
        ],
        [
          0,
          0,
          640,
          480
        ],
        [
          0,
          0,
          640,
          480
        ],
        [
          0,
          0,
          639,
          480
        ],
        [
          0,
          0,
          379,
          480
        ],
        [
          0,
          0,
          152,
          480
        ],
        [
          529,
          53,
          111,
          417
        ],
        [
          339,
          62,
          301,
          418
        ],
        [
          85,
          91,
          555,
          389
        ],
        [
          0,
          2,
          640,
          478
        ],
        [
          0,
          0,
          640,
          480
        ],
        [
          0,
          83,
          569,
          397
        ],
        [
          0,
          25,
          353,
          455
        ],
        [
          0,
          0,
          173,
          480
        ]
      ]
    },
    "54": {
      "name": "light",
      "visible_pos": [
        33,
        34,
        35
      ],
      "bbox2d": [
        [
          422,
          0,
          53,
          8
        ],
        [
          279,
          0,
          86,
          42
        ],
        [
          176,
          0,
          49,
          15
        ]
      ]
    },
    "55": {
      "name": "clothes#hangers",
      "visible_pos": [
        14,
        15,
        16,
        26,
        27,
        28,
        29
      ],
      "bbox2d": [
        [
          520,
          0,
          120,
          55
        ],
        [
          289,
          0,
          150,
          75
        ],
        [
          36,
          0,
          182,
          61
        ],
        [
          500,
          147,
          140,
          136
        ],
        [
          291,
          210,
          135,
          91
        ],
        [
          66,
          196,
          169,
          93
        ],
        [
          0,
          144,
          14,
          40
        ]
      ]
    },
    "56": {
      "name": "shelf",
      "visible_pos": [
        3,
        4,
        5,
        6,
        7
      ],
      "bbox2d": [
        [
          502,
          316,
          138,
          164
        ],
        [
          347,
          247,
          202,
          233
        ],
        [
          189,
          242,
          174,
          238
        ],
        [
          0,
          271,
          215,
          209
        ],
        [
          0,
          464,
          9,
          16
        ]
      ]
    },
    "58": {
      "name": "shirt",
      "visible_pos": [
        6,
        7,
        17,
        18,
        19,
        20,
        29,
        30,
        31,
        32
      ],
      "bbox2d": [
        [
          374,
          0,
          153,
          154
        ],
        [
          122,
          0,
          144,
          155
        ],
        [
          633,
          175,
          7,
          152
        ],
        [
          371,
          0,
          136,
          378
        ],
        [
          143,
          0,
          135,
          379
        ],
        [
          0,
          0,
          20,
          307
        ],
        [
          598,
          126,
          42,
          214
        ],
        [
          378,
          195,
          147,
          285
        ],
        [
          122,
          197,
          158,
          283
        ],
        [
          0,
          130,
          69,
          228
        ]
      ]
    },
    "61": {
      "name": "box",
      "visible_pos": [
        0,
        1,
        2,
        12,
        13,
        14,
        24,
        25
      ],
      "bbox2d": [
        [
          413,
          0,
          151,
          122
        ],
        [
          165,
          0,
          136,
          123
        ],
        [
          0,
          17,
          41,
          113
        ],
        [
          405,
          240,
          133,
          105
        ],
        [
          181,
          240,
          122,
          105
        ],
        [
          0,
          246,
          57,
          107
        ],
        [
          489,
          479,
          1,
          1
        ],
        [
          230,
          479,
          1,
          1
        ]
      ]
    },
    "62": {
      "name": "box",
      "visible_pos": [
        2,
        3,
        4,
        14,
        15,
        16
      ],
      "bbox2d": [
        [
          483,
          13,
          157,
          195
        ],
        [
          248,
          12,
          211,
          161
        ],
        [
          0,
          13,
          220,
          189
        ],
        [
          481,
          250,
          159,
          181
        ],
        [
          255,
          249,
          189,
          149
        ],
        [
          0,
          250,
          221,
          182
        ]
      ]
    },
    "63": {
      "name": "clothes#hangers",
      "visible_pos": [
        12,
        13,
        14,
        24,
        25,
        26
      ],
      "bbox2d": [
        [
          443,
          76,
          113,
          57
        ],
        [
          220,
          86,
          97,
          52
        ],
        [
          0,
          50,
          76,
          58
        ],
        [
          440,
          302,
          108,
          54
        ],
        [
          222,
          311,
          95,
          50
        ],
        [
          0,
          274,
          86,
          58
        ]
      ]
    },
    "65": {
      "name": "light",
      "visible_pos": [
        25,
        26,
        27
      ],
      "bbox2d": [
        [
          422,
          0,
          65,
          23
        ],
        [
          276,
          0,
          118,
          54
        ],
        [
          163,
          0,
          102,
          24
        ]
      ]
    },
    "48": {
      "name": "closet#shelf",
      "visible_pos": [],
      "bbox2d": []
    },
    "51": {
      "name": "closet#shelf",
      "visible_pos": [],
      "bbox2d": []
    },
    "59": {
      "name": "shirt",
      "visible_pos": [],
      "bbox2d": []
    }
  }
}