{
  "c9ac0c98d16a4105a3214989cac149c0": {
    "119": {
      "name": "chair",
      "visible_pos": [
        0,
        9,
        10,
        11,
        12,
        22,
        23
      ],
      "bbox2d": [
        [
          0,
          114,
          238,
          366
        ],
        [
          481,
          267,
          159,
          213
        ],
        [
          318,
          96,
          299,
          384
        ],
        [
          152,
          91,
          225,
          352
        ],
        [
          0,
          337,
          138,
          143
        ],
        [
          354,
          320,
          272,
          160
        ],
        [
          153,
          315,
          214,
          165
        ]
      ]
    },
    "123": {
      "name": "armchair",
      "visible_pos": [
        0,
        1,
        2,
        3,
        12,
        13,
        14,
        15
      ],
      "bbox2d": [
        [
          494,
          110,
          146,
          370
        ],
        [
          314,
          84,
          209,
          322
        ],
        [
          84,
          85,
          252,
          318
        ],
        [
          0,
          239,
          160,
          241
        ],
        [
          565,
          333,
          75,
          147
        ],
        [
          324,
          309,
          230,
          171
        ],
        [
          85,
          310,
          230,
          170
        ],
        [
          60,
          478,
          13,
          2
        ]
      ]
    },
    "124": {
      "name": "post",
      "visible_pos": [
        3,
        4,
        5,
        7,
        8,
        9,
        15,
        16,
        17,
        19,
        20,
        21,
        26,
        27,
        28,
        29,
        30,
        31,
        32,
        33,
        34
      ],
      "bbox2d": [
        [
          422,
          0,
          103,
          301
        ],
        [
          210,
          0,
          67,
          290
        ],
        [
          0,
          112,
          78,
          237
        ],
        [
          497,
          0,
          143,
          400
        ],
        [
          318,
          0,
          125,
          355
        ],
        [
          40,
          0,
          187,
          378
        ],
        [
          447,
          0,
          54,
          480
        ],
        [
          224,
          0,
          49,
          480
        ],
        [
          0,
          0,
          13,
          480
        ],
        [
          557,
          0,
          83,
          480
        ],
        [
          318,
          0,
          141,
          480
        ],
        [
          77,
          0,
          158,
          480
        ],
        [
          632,
          32,
          8,
          111
        ],
        [
          413,
          0,
          166,
          480
        ],
        [
          210,
          0,
          260,
          480
        ],
        [
          0,
          0,
          412,
          362
        ],
        [
          0,
          0,
          640,
          24
        ],
        [
          236,
          0,
          404,
          480
        ],
        [
          170,
          0,
          274,
          480
        ],
        [
          40,
          0,
          204,
          480
        ],
        [
          0,
          70,
          13,
          152
        ]
      ]
    },
    "125": {
      "name": "chair",
      "visible_pos": [
        0,
        1,
        2,
        10,
        11,
        12,
        13,
        23
      ],
      "bbox2d": [
        [
          223,
          115,
          226,
          365
        ],
        [
          0,
          119,
          300,
          361
        ],
        [
          0,
          360,
          144,
          120
        ],
        [
          542,
          377,
          98,
          103
        ],
        [
          373,
          122,
          267,
          358
        ],
        [
          250,
          338,
          161,
          142
        ],
        [
          0,
          343,
          188,
          137
        ],
        [
          475,
          345,
          165,
          135
        ]
      ]
    },
    "115": {
      "name": "ceiling#fan",
      "visible_pos": [],
      "bbox2d": []
    }
  }
}