{
  "0565dcc2a0d54d72b97f26a1a14cebe5": {
    "203": {
      "name": "washing#machine",
      "visible_pos": [
        7,
        8,
        9,
        10,
        11
      ],
      "bbox2d": [
        [
          524,
          436,
          76,
          44
        ],
        [
          368,
          371,
          250,
          109
        ],
        [
          221,
          378,
          287,
          102
        ],
        [
          40,
          343,
          300,
          137
        ],
        [
          47,
          366,
          156,
          114
        ]
      ]
    },
    "205": {
      "name": "cabinet",
      "visible_pos": [
        9,
        10,
        11,
        21,
        22,
        23,
        24,
        33,
        34,
        35
      ],
      "bbox2d": [
        [
          610,
          0,
          30,
          76
        ],
        [
          345,
          0,
          153,
          64
        ],
        [
          78,
          0,
          164,
          71
        ],
        [
          464,
          0,
          176,
          302
        ],
        [
          240,
          0,
          237,
          291
        ],
        [
          0,
          0,
          252,
          297
        ],
        [
          0,
          236,
          17,
          60
        ],
        [
          451,
          213,
          189,
          267
        ],
        [
          240,
          235,
          258,
          245
        ],
        [
          0,
          197,
          255,
          283
        ]
      ]
    },
    "209": {
      "name": "light",
      "visible_pos": [],
      "bbox2d": []
    },
    "200": {
      "name": "clothes#dryer",
      "visible_pos": [],
      "bbox2d": []
    },
    "207": {
      "name": "cabinet",
      "visible_pos": [],
      "bbox2d": []
    }
  }
}