{
  "9f0e2562fcf447f5a7c5e44e85978148": {
    "658": {
      "name": "pillow",
      "visible_pos": [
        5,
        6,
        7,
        17,
        18,
        19
      ],
      "bbox2d": [
        [
          526,
          145,
          114,
          181
        ],
        [
          318,
          120,
          89,
          163
        ],
        [
          89,
          126,
          111,
          177
        ],
        [
          557,
          368,
          83,
          112
        ],
        [
          318,
          343,
          95,
          137
        ],
        [
          77,
          349,
          113,
          131
        ]
      ]
    },
    "662": {
      "name": "pillow",
      "visible_pos": [
        5,
        6,
        7,
        8,
        18,
        19,
        20
      ],
      "bbox2d": [
        [
          601,
          257,
          39,
          104
        ],
        [
          387,
          114,
          101,
          176
        ],
        [
          163,
          115,
          122,
          173
        ],
        [
          0,
          206,
          76,
          150
        ],
        [
          387,
          337,
          120,
          143
        ],
        [
          162,
          337,
          116,
          143
        ],
        [
          0,
          445,
          17,
          35
        ]
      ]
    },
    "663": {
      "name": "drawer",
      "visible_pos": [
        5,
        6,
        7,
        8,
        9
      ],
      "bbox2d": [
        [
          518,
          364,
          122,
          116
        ],
        [
          350,
          297,
          196,
          183
        ],
        [
          191,
          273,
          172,
          207
        ],
        [
          0,
          304,
          221,
          176
        ],
        [
          0,
          462,
          11,
          18
        ]
      ]
    },
    "676": {
      "name": "pillow",
      "visible_pos": [
        5,
        6,
        7,
        17,
        18,
        19
      ],
      "bbox2d": [
        [
          494,
          159,
          68,
          89
        ],
        [
          288,
          140,
          44,
          85
        ],
        [
          65,
          158,
          52,
          98
        ],
        [
          515,
          382,
          68,
          98
        ],
        [
          284,
          363,
          48,
          98
        ],
        [
          30,
          382,
          66,
          98
        ]
      ]
    },
    "677": {
      "name": "firealarm",
      "visible_pos": [],
      "bbox2d": []
    }
  }
}