{
  "c7399ec14d8a480699014a7c0f1775fb": {
    "526": {
      "name": "painting",
      "visible_pos": [
        9,
        10,
        11,
        21,
        22,
        23
      ],
      "bbox2d": [
        [
          516,
          43,
          124,
          159
        ],
        [
          292,
          36,
          98,
          143
        ],
        [
          25,
          40,
          143,
          165
        ],
        [
          527,
          274,
          113,
          158
        ],
        [
          294,
          268,
          93,
          137
        ],
        [
          44,
          271,
          118,
          165
        ]
      ]
    }
  }
}