{
  "ce23b2b514f449a0b334dc15146fc14f": {
    "273": {
      "name": "sofa#chair",
      "visible_pos": [
        0,
        5,
        6,
        7,
        8,
        9,
        10,
        11,
        17,
        18,
        19,
        20,
        21,
        22,
        23
      ],
      "bbox2d": [
        [
          0,
          247,
          123,
          233
        ],
        [
          402,
          100,
          238,
          380
        ],
        [
          184,
          91,
          456,
          389
        ],
        [
          0,
          107,
          640,
          373
        ],
        [
          0,
          176,
          640,
          304
        ],
        [
          0,
          163,
          640,
          317
        ],
        [
          0,
          151,
          501,
          329
        ],
        [
          0,
          174,
          300,
          306
        ],
        [
          406,
          323,
          234,
          157
        ],
        [
          182,
          315,
          458,
          165
        ],
        [
          0,
          330,
          506,
          150
        ],
        [
          0,
          402,
          640,
          78
        ],
        [
          0,
          387,
          634,
          93
        ],
        [
          11,
          375,
          515,
          105
        ],
        [
          0,
          399,
          297,
          81
        ]
      ]
    },
    "286": {
      "name": "cushion",
      "visible_pos": [
        5,
        6,
        7,
        8,
        18,
        19
      ],
      "bbox2d": [
        [
          565,
          211,
          75,
          144
        ],
        [
          357,
          176,
          95,
          116
        ],
        [
          162,
          184,
          100,
          101
        ],
        [
          0,
          228,
          58,
          124
        ],
        [
          363,
          402,
          101,
          78
        ],
        [
          144,
          410,
          97,
          70
        ]
      ]
    },
    "287": {
      "name": "cushion",
      "visible_pos": [
        0,
        9,
        10,
        11,
        21,
        22,
        23
      ],
      "bbox2d": [
        [
          0,
          334,
          14,
          15
        ],
        [
          496,
          199,
          144,
          145
        ],
        [
          304,
          179,
          109,
          100
        ],
        [
          82,
          187,
          148,
          119
        ],
        [
          537,
          428,
          103,
          52
        ],
        [
          302,
          405,
          120,
          75
        ],
        [
          55,
          414,
          144,
          66
        ]
      ]
    },
    "288": {
      "name": "ottoman",
      "visible_pos": [
        0,
        1,
        2,
        10,
        11
      ],
      "bbox2d": [
        [
          151,
          296,
          277,
          184
        ],
        [
          0,
          331,
          322,
          149
        ],
        [
          0,
          479,
          7,
          1
        ],
        [
          431,
          349,
          209,
          131
        ],
        [
          292,
          311,
          259,
          169
        ]
      ]
    },
    "289": {
      "name": "cushion",
      "visible_pos": [
        8,
        9,
        10,
        11,
        21,
        22
      ],
      "bbox2d": [
        [
          483,
          259,
          121,
          218
        ],
        [
          313,
          224,
          93,
          192
        ],
        [
          133,
          238,
          107,
          192
        ],
        [
          0,
          368,
          64,
          112
        ],
        [
          338,
          459,
          48,
          21
        ],
        [
          136,
          478,
          11,
          2
        ]
      ]
    },
    "291": {
      "name": "cushion",
      "visible_pos": [
        6,
        7,
        8,
        9,
        19
      ],
      "bbox2d": [
        [
          485,
          247,
          155,
          190
        ],
        [
          310,
          219,
          134,
          159
        ],
        [
          119,
          242,
          142,
          146
        ],
        [
          0,
          321,
          62,
          159
        ],
        [
          321,
          453,
          68,
          27
        ]
      ]
    },
    "294": {
      "name": "ottoman",
      "visible_pos": [
        3,
        4,
        5,
        6,
        7
      ],
      "bbox2d": [
        [
          405,
          372,
          235,
          108
        ],
        [
          274,
          297,
          322,
          183
        ],
        [
          156,
          290,
          259,
          190
        ],
        [
          7,
          308,
          280,
          172
        ],
        [
          0,
          388,
          107,
          92
        ]
      ]
    },
    "297": {
      "name": "cushion",
      "visible_pos": [
        1,
        2,
        3,
        4
      ],
      "bbox2d": [
        [
          542,
          324,
          98,
          43
        ],
        [
          349,
          282,
          113,
          26
        ],
        [
          167,
          284,
          115,
          20
        ],
        [
          0,
          331,
          88,
          39
        ]
      ]
    },
    "303": {
      "name": "floor#carpet",
      "visible_pos": [
        0,
        1,
        2,
        3,
        4,
        5,
        6,
        7,
        9,
        10,
        11,
        16,
        17,
        18
      ],
      "bbox2d": [
        [
          103,
          279,
          369,
          201
        ],
        [
          0,
          288,
          393,
          192
        ],
        [
          0,
          369,
          326,
          111
        ],
        [
          275,
          327,
          365,
          153
        ],
        [
          201,
          187,
          439,
          293
        ],
        [
          103,
          178,
          366,
          302
        ],
        [
          0,
          186,
          347,
          294
        ],
        [
          0,
          304,
          200,
          176
        ],
        [
          638,
          479,
          2,
          1
        ],
        [
          363,
          316,
          277,
          164
        ],
        [
          238,
          294,
          402,
          186
        ],
        [
          455,
          413,
          67,
          67
        ],
        [
          230,
          404,
          204,
          76
        ],
        [
          0,
          414,
          212,
          66
        ]
      ]
    }
  }
}