{
  "16897e2c8dbd48c3a44997dad1c3801f": {
    "330": {
      "name": "mirror",
      "visible_pos": [
        0,
        1,
        2,
        3,
        4,
        12,
        13,
        14,
        15,
        16,
        24,
        25,
        26,
        27
      ],
      "bbox2d": [
        [
          507,
          0,
          133,
          246
        ],
        [
          290,
          0,
          350,
          213
        ],
        [
          13,
          0,
          522,
          235
        ],
        [
          0,
          0,
          278,
          221
        ],
        [
          0,
          76,
          56,
          186
        ],
        [
          520,
          160,
          120,
          320
        ],
        [
          289,
          120,
          351,
          325
        ],
        [
          37,
          142,
          470,
          330
        ],
        [
          0,
          132,
          278,
          324
        ],
        [
          0,
          178,
          21,
          302
        ],
        [
          551,
          383,
          89,
          97
        ],
        [
          287,
          343,
          353,
          137
        ],
        [
          1,
          365,
          527,
          115
        ],
        [
          0,
          355,
          273,
          125
        ]
      ]
    },
    "336": {
      "name": "mirror",
      "visible_pos": [
        3,
        4,
        15,
        16,
        17,
        27,
        28,
        29
      ],
      "bbox2d": [
        [
          501,
          0,
          29,
          96
        ],
        [
          260,
          0,
          9,
          89
        ],
        [
          494,
          83,
          12,
          237
        ],
        [
          267,
          95,
          10,
          219
        ],
        [
          3,
          60,
          16,
          272
        ],
        [
          490,
          308,
          40,
          172
        ],
        [
          260,
          319,
          17,
          161
        ],
        [
          0,
          288,
          37,
          108
        ]
      ]
    },
    "337": {
      "name": "desk",
      "visible_pos": [
        0,
        1,
        2,
        3,
        4,
        5,
        11,
        12,
        13,
        14,
        15
      ],
      "bbox2d": [
        [
          401,
          233,
          239,
          247
        ],
        [
          247,
          196,
          393,
          284
        ],
        [
          42,
          200,
          511,
          280
        ],
        [
          0,
          196,
          364,
          284
        ],
        [
          0,
          241,
          220,
          239
        ],
        [
          0,
          470,
          11,
          10
        ],
        [
          584,
          376,
          56,
          104
        ],
        [
          592,
          471,
          48,
          9
        ],
        [
          304,
          424,
          184,
          56
        ],
        [
          98,
          429,
          407,
          51
        ],
        [
          148,
          425,
          145,
          55
        ]
      ]
    },
    "341": {
      "name": "plant",
      "visible_pos": [
        0,
        1,
        2,
        3,
        13,
        14,
        15
      ],
      "bbox2d": [
        [
          620,
          175,
          20,
          51
        ],
        [
          377,
          92,
          132,
          148
        ],
        [
          158,
          88,
          132,
          142
        ],
        [
          0,
          129,
          62,
          146
        ],
        [
          379,
          316,
          142,
          164
        ],
        [
          152,
          312,
          137,
          155
        ],
        [
          0,
          353,
          37,
          127
        ]
      ]
    },
    "342": {
      "name": "firealarm",
      "visible_pos": [
        29,
        30,
        31,
        32
      ],
      "bbox2d": [
        [
          528,
          80,
          49,
          32
        ],
        [
          352,
          131,
          35,
          30
        ],
        [
          185,
          116,
          34,
          35
        ],
        [
          0,
          30,
          21,
          38
        ]
      ]
    },
    "332": {
      "name": "plant",
      "visible_pos": [],
      "bbox2d": []
    }
  }
}