{
  "700e564b1a6f4ae2a7a230639c9f2b7f": {
    "588": {
      "name": "plant",
      "visible_pos": [
        0,
        1,
        2,
        12,
        13,
        14,
        24,
        25,
        26
      ],
      "bbox2d": [
        [
          581,
          0,
          59,
          230
        ],
        [
          330,
          0,
          161,
          213
        ],
        [
          58,
          0,
          175,
          214
        ],
        [
          572,
          207,
          68,
          251
        ],
        [
          329,
          203,
          139,
          243
        ],
        [
          92,
          203,
          152,
          244
        ],
        [
          617,
          477,
          23,
          3
        ],
        [
          335,
          433,
          155,
          47
        ],
        [
          62,
          433,
          170,
          47
        ]
      ]
    },
    "587": {
      "name": "shelf",
      "visible_pos": [],
      "bbox2d": []
    },
    "594": {
      "name": "closet",
      "visible_pos": [],
      "bbox2d": []
    }
  }
}