{
  "eea0bea649b64f6a8ec8d2ba6eaa8ec9": {
    "34": {
      "name": "cushion",
      "visible_pos": [
        2,
        3,
        4,
        14,
        15,
        16
      ],
      "bbox2d": [
        [
          427,
          213,
          85,
          86
        ],
        [
          248,
          196,
          56,
          96
        ],
        [
          40,
          225,
          48,
          124
        ],
        [
          484,
          445,
          53,
          35
        ],
        [
          252,
          424,
          50,
          56
        ],
        [
          22,
          460,
          34,
          20
        ]
      ]
    },
    "35": {
      "name": "cushion",
      "visible_pos": [
        0,
        1,
        2,
        11,
        12,
        13,
        23
      ],
      "bbox2d": [
        [
          298,
          176,
          103,
          122
        ],
        [
          79,
          200,
          143,
          114
        ],
        [
          0,
          363,
          10,
          8
        ],
        [
          508,
          196,
          105,
          162
        ],
        [
          295,
          402,
          103,
          78
        ],
        [
          46,
          429,
          127,
          51
        ],
        [
          530,
          425,
          102,
          55
        ]
      ]
    },
    "41": {
      "name": "firealarm",
      "visible_pos": [
        24,
        34,
        35
      ],
      "bbox2d": [
        [
          144,
          0,
          53,
          28
        ],
        [
          420,
          0,
          60,
          41
        ],
        [
          284,
          2,
          52,
          65
        ]
      ]
    },
    "42": {
      "name": "cushion",
      "visible_pos": [
        2,
        3,
        4,
        15
      ],
      "bbox2d": [
        [
          488,
          244,
          10,
          6
        ],
        [
          290,
          229,
          4,
          2
        ],
        [
          78,
          257,
          9,
          9
        ],
        [
          284,
          460,
          10,
          9
        ]
      ]
    }
  }
}