{
  "181482379f144d5aa2cf726000d5adc8": {
    "625": {
      "name": "toilet",
      "visible_pos": [
        1,
        2,
        3,
        4,
        5
      ],
      "bbox2d": [
        [
          595,
          353,
          45,
          127
        ],
        [
          364,
          276,
          229,
          204
        ],
        [
          224,
          255,
          175,
          225
        ],
        [
          10,
          277,
          258,
          203
        ],
        [
          0,
          381,
          34,
          99
        ]
      ]
    },
    "627": {
      "name": "sink",
      "visible_pos": [
        0,
        1,
        2,
        3,
        13,
        14,
        15
      ],
      "bbox2d": [
        [
          564,
          269,
          76,
          211
        ],
        [
          359,
          200,
          281,
          280
        ],
        [
          163,
          181,
          246,
          283
        ],
        [
          0,
          207,
          215,
          273
        ],
        [
          364,
          429,
          207,
          51
        ],
        [
          154,
          407,
          268,
          73
        ],
        [
          0,
          438,
          199,
          42
        ]
      ]
    },
    "630": {
      "name": "trash",
      "visible_pos": [
        1,
        2,
        3,
        4
      ],
      "bbox2d": [
        [
          475,
          352,
          149,
          128
        ],
        [
          330,
          296,
          105,
          184
        ],
        [
          174,
          303,
          111,
          177
        ],
        [
          0,
          377,
          127,
          103
        ]
      ]
    },
    "636": {
      "name": "toilet#paper",
      "visible_pos": [
        4,
        5
      ],
      "bbox2d": [
        [
          328,
          431,
          66,
          49
        ],
        [
          205,
          445,
          67,
          35
        ]
      ]
    },
    "640": {
      "name": "window",
      "visible_pos": [
        31,
        32,
        34
      ],
      "bbox2d": [
        [
          414,
          0,
          25,
          24
        ],
        [
          281,
          0,
          83,
          42
        ],
        [
          275,
          0,
          35,
          12
        ]
      ]
    },
    "628": {
      "name": "cabinet",
      "visible_pos": [],
      "bbox2d": []
    },
    "635": {
      "name": "decoration",
      "visible_pos": [],
      "bbox2d": []
    }
  }
}