{
  "c7095dfd572446d48c02d4411e685a0a": {
    "134": {
      "name": "clutter",
      "visible_pos": [
        8,
        9,
        10,
        11,
        20,
        21,
        22,
        23,
        32,
        33,
        34,
        35
      ],
      "bbox2d": [
        [
          551,
          0,
          89,
          43
        ],
        [
          289,
          0,
          351,
          43
        ],
        [
          6,
          0,
          448,
          43
        ],
        [
          0,
          0,
          200,
          36
        ],
        [
          525,
          42,
          115,
          233
        ],
        [
          293,
          81,
          347,
          193
        ],
        [
          42,
          67,
          395,
          206
        ],
        [
          0,
          165,
          213,
          105
        ],
        [
          578,
          273,
          62,
          207
        ],
        [
          308,
          306,
          332,
          174
        ],
        [
          27,
          294,
          406,
          186
        ],
        [
          37,
          390,
          139,
          90
        ]
      ]
    },
    "143": {
      "name": "chair",
      "visible_pos": [
        5,
        6,
        7,
        8,
        9,
        18,
        19,
        20,
        21
      ],
      "bbox2d": [
        [
          610,
          465,
          30,
          15
        ],
        [
          403,
          164,
          237,
          316
        ],
        [
          264,
          104,
          251,
          376
        ],
        [
          93,
          103,
          213,
          377
        ],
        [
          0,
          157,
          148,
          323
        ],
        [
          585,
          393,
          55,
          87
        ],
        [
          338,
          328,
          201,
          152
        ],
        [
          103,
          326,
          202,
          154
        ],
        [
          0,
          398,
          58,
          82
        ]
      ]
    },
    "145": {
      "name": "dresser",
      "visible_pos": [],
      "bbox2d": []
    },
    "157": {
      "name": "lamp",
      "visible_pos": [],
      "bbox2d": []
    }
  }
}