{
  "19ce58d7d1694f89a647999990fb663f": {
    "47": {
      "name": "picture",
      "visible_pos": [
        1,
        2,
        3,
        4,
        13,
        14,
        15,
        16,
        25,
        26,
        27,
        28
      ],
      "bbox2d": [
        [
          440,
          0,
          200,
          262
        ],
        [
          203,
          0,
          437,
          261
        ],
        [
          0,
          0,
          459,
          223
        ],
        [
          0,
          0,
          218,
          269
        ],
        [
          439,
          19,
          201,
          456
        ],
        [
          216,
          0,
          424,
          480
        ],
        [
          0,
          36,
          441,
          421
        ],
        [
          0,
          0,
          218,
          480
        ],
        [
          436,
          235,
          204,
          245
        ],
        [
          203,
          232,
          437,
          248
        ],
        [
          0,
          268,
          459,
          212
        ],
        [
          0,
          223,
          222,
          257
        ]
      ]
    }
  }
}