{
  "c1073fa8cc0f4caeadc3e56e17cd95c4": {
    "0": {
      "name": "sofa#chair",
      "visible_pos": [
        2,
        3,
        4,
        5,
        14,
        15,
        16,
        17,
        19,
        20,
        21,
        22,
        27,
        28,
        29,
        30,
        31,
        32,
        33,
        34
      ],
      "bbox2d": [
        [
          609,
          159,
          31,
          55
        ],
        [
          370,
          0,
          270,
          228
        ],
        [
          149,
          0,
          240,
          202
        ],
        [
          0,
          0,
          157,
          242
        ],
        [
          633,
          387,
          7,
          42
        ],
        [
          371,
          165,
          269,
          299
        ],
        [
          144,
          165,
          243,
          267
        ],
        [
          0,
          191,
          161,
          286
        ],
        [
          319,
          10,
          30,
          18
        ],
        [
          459,
          33,
          33,
          20
        ],
        [
          235,
          42,
          30,
          21
        ],
        [
          0,
          5,
          1,
          5
        ],
        [
          432,
          389,
          208,
          91
        ],
        [
          198,
          389,
          179,
          91
        ],
        [
          0,
          418,
          122,
          62
        ],
        [
          523,
          216,
          34,
          20
        ],
        [
          319,
          232,
          27,
          30
        ],
        [
          114,
          224,
          362,
          58
        ],
        [
          243,
          273,
          27,
          18
        ],
        [
          4,
          229,
          38,
          23
        ]
      ]
    },
    "10": {
      "name": "table",
      "visible_pos": [
        3,
        4,
        5,
        6,
        16,
        17,
        18
      ],
      "bbox2d": [
        [
          625,
          212,
          15,
          36
        ],
        [
          390,
          66,
          232,
          165
        ],
        [
          166,
          61,
          198,
          146
        ],
        [
          0,
          73,
          154,
          179
        ],
        [
          393,
          293,
          233,
          175
        ],
        [
          169,
          288,
          198,
          149
        ],
        [
          0,
          299,
          138,
          181
        ]
      ]
    },
    "11": {
      "name": "plant",
      "visible_pos": [
        0,
        9,
        10,
        11,
        12,
        21,
        22,
        23
      ],
      "bbox2d": [
        [
          0,
          197,
          196,
          195
        ],
        [
          530,
          152,
          110,
          240
        ],
        [
          330,
          124,
          231,
          245
        ],
        [
          111,
          131,
          259,
          212
        ],
        [
          0,
          454,
          15,
          26
        ],
        [
          575,
          377,
          65,
          103
        ],
        [
          331,
          347,
          172,
          133
        ],
        [
          94,
          354,
          180,
          126
        ]
      ]
    },
    "19": {
      "name": "coffee#table",
      "visible_pos": [
        0,
        1,
        8,
        9,
        10,
        11,
        12,
        21,
        22,
        23
      ],
      "bbox2d": [
        [
          0,
          221,
          269,
          259
        ],
        [
          0,
          360,
          111,
          120
        ],
        [
          533,
          365,
          107,
          115
        ],
        [
          372,
          234,
          268,
          246
        ],
        [
          209,
          205,
          431,
          275
        ],
        [
          3,
          193,
          433,
          287
        ],
        [
          5,
          455,
          126,
          25
        ],
        [
          516,
          473,
          31,
          7
        ],
        [
          271,
          436,
          283,
          44
        ],
        [
          218,
          421,
          155,
          59
        ]
      ]
    },
    "6": {
      "name": "couch",
      "visible_pos": [],
      "bbox2d": []
    }
  }
}