{
  "470d9a66144e43b4b686b6735e782e3b": {
    "378": {
      "name": "gym#machine",
      "visible_pos": [
        7,
        8,
        9,
        10,
        19,
        20,
        21
      ],
      "bbox2d": [
        [
          463,
          180,
          177,
          300
        ],
        [
          286,
          153,
          251,
          327
        ],
        [
          97,
          163,
          297,
          317
        ],
        [
          0,
          270,
          253,
          210
        ],
        [
          554,
          406,
          86,
          74
        ],
        [
          316,
          376,
          85,
          104
        ],
        [
          74,
          387,
          97,
          93
        ]
      ]
    },
    "384": {
      "name": "treadmill",
      "visible_pos": [
        3,
        4,
        5,
        6,
        7,
        8,
        17,
        18,
        19
      ],
      "bbox2d": [
        [
          497,
          369,
          143,
          111
        ],
        [
          333,
          245,
          307,
          235
        ],
        [
          171,
          99,
          469,
          381
        ],
        [
          0,
          81,
          451,
          399
        ],
        [
          0,
          86,
          290,
          394
        ],
        [
          0,
          337,
          127,
          143
        ],
        [
          400,
          323,
          240,
          157
        ],
        [
          176,
          306,
          274,
          174
        ],
        [
          0,
          311,
          227,
          169
        ]
      ]
    },
    "396": {
      "name": "picture",
      "visible_pos": [
        3,
        4,
        5,
        15,
        16,
        17,
        27,
        28,
        29
      ],
      "bbox2d": [
        [
          465,
          0,
          152,
          55
        ],
        [
          218,
          0,
          115,
          52
        ],
        [
          0,
          0,
          68,
          47
        ],
        [
          451,
          0,
          130,
          284
        ],
        [
          228,
          0,
          108,
          281
        ],
        [
          0,
          0,
          100,
          285
        ],
        [
          436,
          213,
          181,
          267
        ],
        [
          229,
          219,
          108,
          261
        ],
        [
          0,
          165,
          109,
          315
        ]
      ]
    },
    "381": {
      "name": "window",
      "visible_pos": [],
      "bbox2d": []
    }
  }
}