{
  "9c35890a2f474649800a33d89df96b84": {
    "409": {
      "name": "office#chair",
      "visible_pos": [
        0,
        1,
        2,
        3,
        12,
        13,
        14,
        15
      ],
      "bbox2d": [
        [
          558,
          132,
          82,
          133
        ],
        [
          342,
          92,
          162,
          134
        ],
        [
          135,
          93,
          163,
          132
        ],
        [
          0,
          127,
          82,
          134
        ],
        [
          593,
          363,
          47,
          117
        ],
        [
          344,
          316,
          185,
          146
        ],
        [
          111,
          317,
          185,
          144
        ],
        [
          0,
          348,
          46,
          132
        ]
      ]
    },
    "414": {
      "name": "art",
      "visible_pos": [
        1,
        2,
        3,
        4,
        14,
        15,
        16
      ],
      "bbox2d": [
        [
          546,
          271,
          94,
          143
        ],
        [
          355,
          142,
          146,
          191
        ],
        [
          174,
          142,
          133,
          185
        ],
        [
          0,
          178,
          110,
          231
        ],
        [
          397,
          365,
          113,
          115
        ],
        [
          173,
          365,
          110,
          115
        ],
        [
          0,
          408,
          25,
          72
        ]
      ]
    },
    "415": {
      "name": "cabinet",
      "visible_pos": [
        4,
        5,
        6,
        7,
        8,
        9,
        10,
        11,
        16,
        17,
        18,
        19,
        20,
        21,
        22
      ],
      "bbox2d": [
        [
          536,
          149,
          104,
          331
        ],
        [
          334,
          128,
          306,
          352
        ],
        [
          103,
          140,
          537,
          340
        ],
        [
          0,
          182,
          640,
          298
        ],
        [
          0,
          191,
          640,
          289
        ],
        [
          0,
          159,
          477,
          321
        ],
        [
          0,
          161,
          270,
          319
        ],
        [
          0,
          202,
          79,
          278
        ],
        [
          579,
          373,
          61,
          107
        ],
        [
          334,
          351,
          306,
          129
        ],
        [
          98,
          362,
          392,
          118
        ],
        [
          86,
          434,
          178,
          46
        ],
        [
          236,
          418,
          404,
          62
        ],
        [
          139,
          383,
          349,
          97
        ],
        [
          0,
          386,
          262,
          94
        ]
      ]
    },
    "416": {
      "name": "clutter",
      "visible_pos": [
        5,
        6,
        7,
        8,
        9,
        18,
        19,
        20
      ],
      "bbox2d": [
        [
          555,
          275,
          85,
          168
        ],
        [
          352,
          214,
          273,
          189
        ],
        [
          160,
          204,
          256,
          142
        ],
        [
          0,
          217,
          244,
          182
        ],
        [
          0,
          342,
          48,
          101
        ],
        [
          380,
          447,
          171,
          33
        ],
        [
          163,
          434,
          225,
          46
        ],
        [
          112,
          450,
          50,
          30
        ]
      ]
    },
    "421": {
      "name": "fan",
      "visible_pos": [
        24,
        25,
        26,
        27,
        28
      ],
      "bbox2d": [
        [
          593,
          28,
          47,
          93
        ],
        [
          393,
          0,
          247,
          182
        ],
        [
          216,
          0,
          286,
          203
        ],
        [
          3,
          0,
          334,
          192
        ],
        [
          0,
          0,
          177,
          111
        ]
      ]
    },
    "427": {
      "name": "box",
      "visible_pos": [
        5,
        6,
        7,
        17,
        18,
        19
      ],
      "bbox2d": [
        [
          448,
          166,
          124,
          89
        ],
        [
          237,
          154,
          110,
          77
        ],
        [
          0,
          181,
          139,
          80
        ],
        [
          456,
          390,
          145,
          90
        ],
        [
          232,
          377,
          117,
          91
        ],
        [
          0,
          408,
          117,
          72
        ]
      ]
    },
    "408": {
      "name": "desk",
      "visible_pos": [],
      "bbox2d": []
    },
    "412": {
      "name": "picture",
      "visible_pos": [],
      "bbox2d": []
    }
  }
}