{
  "f719c2037d3e4b70b30aa2f9e4f87320": {
    "445": {
      "name": "doorknob",
      "visible_pos": [
        5,
        6,
        7
      ],
      "bbox2d": [
        [
          572,
          287,
          44,
          41
        ],
        [
          368,
          242,
          29,
          33
        ],
        [
          180,
          252,
          31,
          32
        ]
      ]
    },
    "456": {
      "name": "skirting",
      "visible_pos": [],
      "bbox2d": []
    }
  }
}