{
  "ccc7d6b756d74188b10a989d2f057f6a": {
    "479": {
      "name": "scale",
      "visible_pos": [
        7,
        8,
        9,
        10,
        20,
        21,
        22
      ],
      "bbox2d": [
        [
          618,
          422,
          22,
          58
        ],
        [
          291,
          28,
          329,
          452
        ],
        [
          202,
          27,
          152,
          453
        ],
        [
          0,
          41,
          178,
          439
        ],
        [
          429,
          262,
          179,
          218
        ],
        [
          206,
          261,
          148,
          219
        ],
        [
          0,
          270,
          123,
          210
        ]
      ]
    },
    "486": {
      "name": "mirror",
      "visible_pos": [
        4,
        5,
        6,
        7,
        16,
        17,
        18,
        19,
        28,
        29,
        30,
        31
      ],
      "bbox2d": [
        [
          492,
          0,
          148,
          263
        ],
        [
          244,
          0,
          396,
          224
        ],
        [
          0,
          0,
          470,
          255
        ],
        [
          0,
          0,
          229,
          245
        ],
        [
          477,
          23,
          163,
          457
        ],
        [
          252,
          0,
          388,
          460
        ],
        [
          27,
          0,
          426,
          480
        ],
        [
          0,
          0,
          229,
          461
        ],
        [
          480,
          139,
          160,
          341
        ],
        [
          290,
          165,
          350,
          315
        ],
        [
          1,
          129,
          469,
          351
        ],
        [
          0,
          214,
          232,
          266
        ]
      ]
    },
    "487": {
      "name": "drawer",
      "visible_pos": [
        3,
        4,
        5,
        6,
        7,
        8,
        16,
        17,
        18,
        19,
        20
      ],
      "bbox2d": [
        [
          608,
          443,
          32,
          37
        ],
        [
          418,
          239,
          222,
          241
        ],
        [
          250,
          182,
          390,
          298
        ],
        [
          27,
          140,
          494,
          340
        ],
        [
          0,
          142,
          302,
          338
        ],
        [
          0,
          185,
          106,
          295
        ],
        [
          465,
          478,
          9,
          2
        ],
        [
          240,
          415,
          400,
          65
        ],
        [
          108,
          362,
          427,
          118
        ],
        [
          0,
          366,
          300,
          114
        ],
        [
          0,
          412,
          53,
          68
        ]
      ]
    },
    "489": {
      "name": "bathroom#art",
      "visible_pos": [
        4,
        5,
        6,
        7,
        17,
        18
      ],
      "bbox2d": [
        [
          621,
          296,
          19,
          41
        ],
        [
          400,
          219,
          45,
          56
        ],
        [
          211,
          214,
          41,
          56
        ],
        [
          0,
          264,
          37,
          70
        ],
        [
          424,
          452,
          38,
          28
        ],
        [
          203,
          447,
          38,
          33
        ]
      ]
    },
    "492": {
      "name": "shower#curtain#rod",
      "visible_pos": [
        12,
        13,
        14,
        15,
        16,
        23,
        24,
        25,
        26,
        27,
        28,
        35
      ],
      "bbox2d": [
        [
          316,
          0,
          138,
          56
        ],
        [
          74,
          0,
          297,
          33
        ],
        [
          295,
          0,
          345,
          72
        ],
        [
          149,
          0,
          245,
          103
        ],
        [
          0,
          0,
          170,
          91
        ],
        [
          554,
          0,
          77,
          24
        ],
        [
          316,
          153,
          324,
          132
        ],
        [
          103,
          190,
          537,
          76
        ],
        [
          0,
          178,
          640,
          121
        ],
        [
          0,
          153,
          391,
          174
        ],
        [
          0,
          194,
          178,
          121
        ],
        [
          524,
          182,
          116,
          77
        ]
      ]
    },
    "496": {
      "name": "blinds",
      "visible_pos": [
        8,
        9,
        20,
        21,
        31,
        32,
        33,
        34
      ],
      "bbox2d": [
        [
          405,
          0,
          94,
          40
        ],
        [
          148,
          0,
          95,
          40
        ],
        [
          391,
          0,
          86,
          271
        ],
        [
          166,
          0,
          86,
          271
        ],
        [
          603,
          126,
          37,
          161
        ],
        [
          383,
          176,
          115,
          304
        ],
        [
          150,
          184,
          110,
          296
        ],
        [
          0,
          128,
          61,
          163
        ]
      ]
    },
    "497": {
      "name": "lamp",
      "visible_pos": [
        4,
        5,
        6,
        16,
        17,
        18
      ],
      "bbox2d": [
        [
          539,
          93,
          101,
          231
        ],
        [
          339,
          52,
          71,
          223
        ],
        [
          119,
          56,
          81,
          232
        ],
        [
          587,
          292,
          53,
          188
        ],
        [
          340,
          282,
          75,
          198
        ],
        [
          105,
          285,
          87,
          195
        ]
      ]
    },
    "502": {
      "name": "box",
      "visible_pos": [
        8,
        9,
        10,
        11
      ],
      "bbox2d": [
        [
          446,
          458,
          102,
          22
        ],
        [
          284,
          399,
          202,
          81
        ],
        [
          178,
          409,
          243,
          71
        ],
        [
          116,
          442,
          176,
          38
        ]
      ]
    },
    "503": {
      "name": "sink",
      "visible_pos": [
        5,
        6,
        7,
        8,
        17,
        18,
        19
      ],
      "bbox2d": [
        [
          476,
          204,
          164,
          113
        ],
        [
          279,
          179,
          150,
          86
        ],
        [
          59,
          197,
          173,
          90
        ],
        [
          0,
          299,
          4,
          2
        ],
        [
          503,
          434,
          119,
          46
        ],
        [
          271,
          405,
          172,
          75
        ],
        [
          56,
          426,
          164,
          54
        ]
      ]
    },
    "504": {
      "name": "light",
      "visible_pos": [
        17,
        18,
        19,
        29,
        30,
        31
      ],
      "bbox2d": [
        [
          583,
          34,
          54,
          56
        ],
        [
          336,
          72,
          38,
          44
        ],
        [
          101,
          55,
          45,
          49
        ],
        [
          569,
          267,
          51,
          48
        ],
        [
          336,
          298,
          36,
          41
        ],
        [
          111,
          284,
          41,
          44
        ]
      ]
    },
    "505": {
      "name": "toilet",
      "visible_pos": [
        2,
        3,
        4,
        5,
        6
      ],
      "bbox2d": [
        [
          498,
          343,
          142,
          137
        ],
        [
          321,
          267,
          277,
          213
        ],
        [
          199,
          258,
          192,
          222
        ],
        [
          0,
          286,
          230,
          194
        ],
        [
          0,
          386,
          50,
          94
        ]
      ]
    },
    "507": {
      "name": "toilet#paper",
      "visible_pos": [
        3,
        4,
        5,
        6
      ],
      "bbox2d": [
        [
          553,
          383,
          87,
          95
        ],
        [
          378,
          322,
          60,
          67
        ],
        [
          213,
          322,
          62,
          62
        ],
        [
          8,
          382,
          95,
          86
        ]
      ]
    },
    "508": {
      "name": "soap#dish",
      "visible_pos": [
        5,
        6,
        7,
        17,
        18,
        19
      ],
      "bbox2d": [
        [
          580,
          206,
          60,
          34
        ],
        [
          355,
          169,
          62,
          29
        ],
        [
          144,
          176,
          66,
          31
        ],
        [
          613,
          441,
          27,
          29
        ],
        [
          358,
          394,
          66,
          33
        ],
        [
          128,
          402,
          74,
          36
        ]
      ]
    },
    "509": {
      "name": "bathroom#art",
      "visible_pos": [
        4,
        5,
        6
      ],
      "bbox2d": [
        [
          473,
          297,
          70,
          50
        ],
        [
          292,
          265,
          59,
          45
        ],
        [
          100,
          289,
          73,
          54
        ]
      ]
    },
    "510": {
      "name": "soap",
      "visible_pos": [
        5,
        6,
        7,
        17,
        18
      ],
      "bbox2d": [
        [
          464,
          235,
          35,
          26
        ],
        [
          268,
          220,
          32,
          23
        ],
        [
          49,
          255,
          46,
          28
        ],
        [
          487,
          473,
          34,
          7
        ],
        [
          260,
          454,
          37,
          26
        ]
      ]
    },
    "511": {
      "name": "trash",
      "visible_pos": [
        3,
        4,
        5,
        6
      ],
      "bbox2d": [
        [
          493,
          447,
          64,
          33
        ],
        [
          344,
          393,
          86,
          87
        ],
        [
          197,
          401,
          100,
          79
        ],
        [
          81,
          456,
          58,
          24
        ]
      ]
    },
    "485": {
      "name": "storage#bin",
      "visible_pos": [],
      "bbox2d": []
    },
    "491": {
      "name": "towel",
      "visible_pos": [],
      "bbox2d": []
    },
    "495": {
      "name": "shower#curtain",
      "visible_pos": [],
      "bbox2d": []
    },
    "499": {
      "name": "window",
      "visible_pos": [],
      "bbox2d": []
    }
  }
}