{
  "91b191a2efb1441dafa40cabb3c91b37": {
    "521": {
      "name": "vase",
      "visible_pos": [
        29,
        30,
        31,
        32
      ],
      "bbox2d": [
        [
          486,
          52,
          69,
          56
        ],
        [
          329,
          94,
          40,
          66
        ],
        [
          166,
          65,
          34,
          82
        ],
        [
          0,
          0,
          2,
          2
        ]
      ]
    },
    "528": {
      "name": "plant",
      "visible_pos": [
        18,
        19,
        20,
        29,
        30,
        31,
        32
      ],
      "bbox2d": [
        [
          454,
          0,
          72,
          35
        ],
        [
          230,
          0,
          75,
          52
        ],
        [
          2,
          0,
          38,
          12
        ],
        [
          550,
          67,
          90,
          97
        ],
        [
          367,
          144,
          138,
          124
        ],
        [
          198,
          137,
          110,
          145
        ],
        [
          0,
          61,
          109,
          188
        ]
      ]
    },
    "530": {
      "name": "firealarm",
      "visible_pos": [],
      "bbox2d": []
    },
    "532": {
      "name": "arc",
      "visible_pos": [
        16,
        17,
        18,
        26,
        27,
        28,
        29,
        30,
        31
      ],
      "bbox2d": [
        [
          291,
          0,
          5,
          10
        ],
        [
          360,
          0,
          17,
          17
        ],
        [
          149,
          0,
          1,
          2
        ],
        [
          588,
          0,
          52,
          86
        ],
        [
          399,
          0,
          241,
          227
        ],
        [
          232,
          30,
          408,
          215
        ],
        [
          38,
          37,
          396,
          216
        ],
        [
          0,
          0,
          263,
          240
        ],
        [
          0,
          0,
          76,
          128
        ]
      ]
    },
    "534": {
      "name": "desk",
      "visible_pos": [
        5,
        6,
        7,
        8,
        17,
        18,
        19,
        20
      ],
      "bbox2d": [
        [
          474,
          218,
          166,
          262
        ],
        [
          325,
          149,
          258,
          306
        ],
        [
          117,
          143,
          233,
          330
        ],
        [
          0,
          165,
          162,
          315
        ],
        [
          569,
          458,
          71,
          22
        ],
        [
          327,
          372,
          277,
          108
        ],
        [
          89,
          367,
          263,
          113
        ],
        [
          0,
          390,
          121,
          90
        ]
      ]
    },
    "535": {
      "name": "picture",
      "visible_pos": [
        5,
        6,
        7,
        17,
        18,
        19
      ],
      "bbox2d": [
        [
          576,
          98,
          64,
          64
        ],
        [
          335,
          80,
          49,
          60
        ],
        [
          93,
          86,
          63,
          68
        ],
        [
          580,
          321,
          60,
          65
        ],
        [
          335,
          306,
          47,
          57
        ],
        [
          99,
          311,
          57,
          67
        ]
      ]
    },
    "526": {
      "name": "cabinet",
      "visible_pos": [],
      "bbox2d": []
    }
  }
}