{
  "50af05930bc74cc289e56753369e4161": {
    "321": {
      "name": "pillar",
      "visible_pos": [
        3,
        4,
        5,
        15,
        16,
        17,
        27,
        28,
        29
      ],
      "bbox2d": [
        [
          570,
          0,
          70,
          138
        ],
        [
          329,
          0,
          60,
          119
        ],
        [
          81,
          0,
          63,
          132
        ],
        [
          573,
          0,
          67,
          361
        ],
        [
          328,
          40,
          53,
          301
        ],
        [
          90,
          18,
          65,
          337
        ],
        [
          548,
          232,
          92,
          248
        ],
        [
          333,
          271,
          56,
          209
        ],
        [
          81,
          254,
          90,
          226
        ]
      ]
    },
    "325": {
      "name": "bath#cabinet",
      "visible_pos": [
        8,
        9,
        10,
        11,
        21,
        22,
        23
      ],
      "bbox2d": [
        [
          616,
          201,
          8,
          7
        ],
        [
          376,
          142,
          252,
          222
        ],
        [
          162,
          132,
          230,
          177
        ],
        [
          2,
          157,
          212,
          166
        ],
        [
          379,
          364,
          261,
          111
        ],
        [
          152,
          355,
          239,
          125
        ],
        [
          0,
          381,
          166,
          99
        ]
      ]
    },
    "329": {
      "name": "box",
      "visible_pos": [
        9,
        10,
        11,
        21,
        22,
        23
      ],
      "bbox2d": [
        [
          476,
          189,
          71,
          32
        ],
        [
          265,
          179,
          65,
          16
        ],
        [
          29,
          205,
          89,
          19
        ],
        [
          488,
          417,
          87,
          39
        ],
        [
          261,
          405,
          70,
          19
        ],
        [
          0,
          436,
          94,
          23
        ]
      ]
    },
    "342": {
      "name": "mirror",
      "visible_pos": [
        8,
        9,
        10,
        11,
        20,
        21,
        22,
        23,
        32,
        33,
        34,
        35
      ],
      "bbox2d": [
        [
          612,
          111,
          28,
          106
        ],
        [
          368,
          0,
          150,
          176
        ],
        [
          109,
          0,
          166,
          182
        ],
        [
          0,
          134,
          27,
          50
        ],
        [
          625,
          194,
          15,
          215
        ],
        [
          366,
          70,
          138,
          332
        ],
        [
          137,
          59,
          139,
          350
        ],
        [
          0,
          101,
          16,
          297
        ],
        [
          610,
          259,
          30,
          74
        ],
        [
          372,
          296,
          143,
          184
        ],
        [
          109,
          287,
          164,
          193
        ],
        [
          0,
          318,
          18,
          74
        ]
      ]
    },
    "353": {
      "name": "tissue#box",
      "visible_pos": [
        3,
        4,
        5,
        15,
        16,
        17
      ],
      "bbox2d": [
        [
          579,
          85,
          61,
          69
        ],
        [
          338,
          69,
          46,
          59
        ],
        [
          99,
          75,
          56,
          65
        ],
        [
          584,
          309,
          56,
          67
        ],
        [
          338,
          296,
          43,
          55
        ],
        [
          104,
          301,
          50,
          62
        ]
      ]
    },
    "357": {
      "name": "unkown",
      "visible_pos": [
        0,
        9,
        10,
        11,
        22,
        23
      ],
      "bbox2d": [
        [
          0,
          287,
          47,
          62
        ],
        [
          552,
          274,
          88,
          90
        ],
        [
          365,
          213,
          68,
          100
        ],
        [
          180,
          215,
          71,
          112
        ],
        [
          405,
          445,
          44,
          35
        ],
        [
          187,
          448,
          39,
          32
        ]
      ]
    },
    "318": {
      "name": "cabinet",
      "visible_pos": [],
      "bbox2d": []
    },
    "344": {
      "name": "pillar",
      "visible_pos": [],
      "bbox2d": []
    }
  }
}