{
  "ccad3359dc884acb802b118b6f200c1b": {
    "289": {
      "name": "mirror",
      "visible_pos": [],
      "bbox2d": []
    },
    "321": {
      "name": "pillar",
      "visible_pos": [
        5,
        6,
        7,
        17,
        18,
        19,
        29,
        30,
        31,
        32
      ],
      "bbox2d": [
        [
          564,
          85,
          76,
          130
        ],
        [
          334,
          0,
          88,
          180
        ],
        [
          109,
          0,
          94,
          185
        ],
        [
          579,
          0,
          61,
          430
        ],
        [
          334,
          0,
          87,
          406
        ],
        [
          99,
          0,
          99,
          413
        ],
        [
          527,
          136,
          113,
          253
        ],
        [
          332,
          194,
          88,
          286
        ],
        [
          110,
          186,
          122,
          294
        ],
        [
          0,
          132,
          9,
          28
        ]
      ]
    },
    "327": {
      "name": "bathtub",
      "visible_pos": [
        0,
        1,
        2,
        9,
        10,
        11,
        12,
        13,
        21,
        22,
        23
      ],
      "bbox2d": [
        [
          0,
          176,
          394,
          304
        ],
        [
          0,
          205,
          235,
          275
        ],
        [
          0,
          387,
          50,
          93
        ],
        [
          446,
          228,
          194,
          252
        ],
        [
          293,
          158,
          347,
          322
        ],
        [
          108,
          148,
          481,
          332
        ],
        [
          0,
          402,
          382,
          78
        ],
        [
          55,
          438,
          97,
          42
        ],
        [
          571,
          464,
          69,
          16
        ],
        [
          311,
          382,
          329,
          98
        ],
        [
          88,
          371,
          503,
          109
        ]
      ]
    },
    "334": {
      "name": "sink",
      "visible_pos": [
        3,
        4,
        5,
        6,
        16,
        17
      ],
      "bbox2d": [
        [
          495,
          292,
          145,
          188
        ],
        [
          319,
          233,
          261,
          168
        ],
        [
          138,
          228,
          246,
          153
        ],
        [
          0,
          271,
          210,
          198
        ],
        [
          404,
          470,
          55,
          10
        ],
        [
          205,
          465,
          81,
          15
        ]
      ]
    },
    "339": {
      "name": "pillar",
      "visible_pos": [
        2,
        3,
        4,
        14,
        15,
        16,
        26,
        27,
        28
      ],
      "bbox2d": [
        [
          450,
          0,
          136,
          207
        ],
        [
          235,
          0,
          114,
          188
        ],
        [
          0,
          0,
          132,
          222
        ],
        [
          455,
          0,
          148,
          438
        ],
        [
          232,
          0,
          119,
          416
        ],
        [
          0,
          0,
          120,
          456
        ],
        [
          425,
          139,
          161,
          341
        ],
        [
          244,
          162,
          97,
          318
        ],
        [
          0,
          117,
          159,
          363
        ]
      ]
    },
    "340": {
      "name": "bath#cabinet",
      "visible_pos": [
        1,
        2,
        3,
        4,
        5,
        6,
        7,
        8,
        14,
        15,
        16,
        17,
        18,
        19
      ],
      "bbox2d": [
        [
          638,
          477,
          2,
          3
        ],
        [
          426,
          222,
          214,
          258
        ],
        [
          270,
          184,
          370,
          296
        ],
        [
          57,
          193,
          583,
          287
        ],
        [
          0,
          160,
          627,
          320
        ],
        [
          0,
          148,
          397,
          332
        ],
        [
          0,
          175,
          230,
          305
        ],
        [
          0,
          402,
          48,
          78
        ],
        [
          495,
          458,
          145,
          22
        ],
        [
          268,
          410,
          238,
          70
        ],
        [
          60,
          421,
          367,
          59
        ],
        [
          201,
          384,
          439,
          96
        ],
        [
          155,
          371,
          254,
          109
        ],
        [
          13,
          398,
          164,
          82
        ]
      ]
    },
    "348": {
      "name": "towel",
      "visible_pos": [
        2,
        3,
        4,
        14,
        15,
        16,
        26,
        27,
        28
      ],
      "bbox2d": [
        [
          552,
          0,
          88,
          184
        ],
        [
          312,
          0,
          87,
          155
        ],
        [
          39,
          0,
          122,
          170
        ],
        [
          550,
          203,
          90,
          208
        ],
        [
          313,
          210,
          78,
          168
        ],
        [
          70,
          207,
          97,
          187
        ],
        [
          593,
          443,
          47,
          37
        ],
        [
          321,
          441,
          74,
          39
        ],
        [
          47,
          438,
          88,
          42
        ]
      ]
    },
    "353": {
      "name": "tissue#box",
      "visible_pos": [
        6,
        7,
        8,
        18,
        19,
        20
      ],
      "bbox2d": [
        [
          400,
          90,
          94,
          94
        ],
        [
          176,
          91,
          92,
          89
        ],
        [
          0,
          142,
          18,
          76
        ],
        [
          400,
          314,
          95,
          97
        ],
        [
          176,
          315,
          92,
          91
        ],
        [
          0,
          373,
          5,
          14
        ]
      ]
    },
    "313": {
      "name": "mirror",
      "visible_pos": [],
      "bbox2d": []
    },
    "318": {
      "name": "cabinet",
      "visible_pos": [],
      "bbox2d": []
    }
  }
}