{
  "24a2b84f0be245c9a9748fba7a52ae35": {
    "137": {
      "name": "window",
      "visible_pos": [
        2,
        3,
        4,
        5,
        14,
        15,
        16,
        17,
        26,
        27,
        28,
        29
      ],
      "bbox2d": [
        [
          521,
          0,
          119,
          352
        ],
        [
          319,
          0,
          321,
          345
        ],
        [
          59,
          0,
          354,
          307
        ],
        [
          0,
          0,
          204,
          353
        ],
        [
          555,
          0,
          85,
          480
        ],
        [
          316,
          0,
          324,
          480
        ],
        [
          75,
          0,
          328,
          480
        ],
        [
          0,
          0,
          179,
          480
        ],
        [
          515,
          133,
          125,
          347
        ],
        [
          317,
          195,
          323,
          285
        ],
        [
          56,
          174,
          357,
          306
        ],
        [
          0,
          131,
          195,
          349
        ]
      ]
    },
    "140": {
      "name": "softer",
      "visible_pos": [
        0,
        1,
        2,
        3,
        4,
        5,
        6,
        13,
        14,
        15
      ],
      "bbox2d": [
        [
          456,
          266,
          184,
          214
        ],
        [
          277,
          201,
          363,
          279
        ],
        [
          77,
          191,
          563,
          289
        ],
        [
          0,
          222,
          603,
          258
        ],
        [
          0,
          275,
          448,
          205
        ],
        [
          0,
          311,
          302,
          169
        ],
        [
          0,
          432,
          155,
          48
        ],
        [
          332,
          430,
          258,
          50
        ],
        [
          146,
          418,
          266,
          62
        ],
        [
          0,
          457,
          165,
          23
        ]
      ]
    },
    "147": {
      "name": "window",
      "visible_pos": [
        1,
        2,
        3,
        4,
        13,
        14,
        15,
        16,
        25,
        26,
        27,
        28
      ],
      "bbox2d": [
        [
          435,
          0,
          205,
          302
        ],
        [
          206,
          0,
          325,
          277
        ],
        [
          0,
          0,
          283,
          263
        ],
        [
          0,
          99,
          72,
          211
        ],
        [
          430,
          0,
          210,
          480
        ],
        [
          208,
          0,
          300,
          480
        ],
        [
          0,
          0,
          279,
          480
        ],
        [
          0,
          0,
          22,
          480
        ],
        [
          418,
          147,
          222,
          333
        ],
        [
          206,
          195,
          322,
          285
        ],
        [
          0,
          208,
          282,
          272
        ],
        [
          0,
          147,
          78,
          219
        ]
      ]
    },
    "151": {
      "name": "lamp",
      "visible_pos": [
        6,
        7,
        8,
        18,
        19,
        20,
        30,
        31,
        32
      ],
      "bbox2d": [
        [
          554,
          0,
          86,
          182
        ],
        [
          301,
          0,
          96,
          160
        ],
        [
          35,
          0,
          118,
          177
        ],
        [
          537,
          216,
          103,
          193
        ],
        [
          302,
          220,
          89,
          164
        ],
        [
          56,
          217,
          110,
          187
        ],
        [
          594,
          449,
          46,
          31
        ],
        [
          320,
          454,
          59,
          26
        ],
        [
          43,
          451,
          74,
          29
        ]
      ]
    }
  }
}