{
  "8f9fb18bd1f14a2792f90646ae861c79": {
    "97": {
      "name": "decoration",
      "visible_pos": [
        3,
        4,
        5,
        6,
        15,
        16,
        17,
        18
      ],
      "bbox2d": [
        [
          545,
          191,
          95,
          148
        ],
        [
          334,
          146,
          160,
          128
        ],
        [
          124,
          148,
          164,
          133
        ],
        [
          0,
          219,
          75,
          123
        ],
        [
          581,
          427,
          59,
          53
        ],
        [
          335,
          369,
          180,
          111
        ],
        [
          100,
          371,
          184,
          109
        ],
        [
          0,
          467,
          29,
          13
        ]
      ]
    },
    "98": {
      "name": "chair",
      "visible_pos": [
        4,
        5,
        6,
        7,
        17,
        18,
        19
      ],
      "bbox2d": [
        [
          454,
          325,
          186,
          127
        ],
        [
          296,
          150,
          231,
          224
        ],
        [
          130,
          145,
          181,
          269
        ],
        [
          0,
          186,
          109,
          291
        ],
        [
          452,
          373,
          95,
          107
        ],
        [
          229,
          368,
          81,
          112
        ],
        [
          0,
          417,
          66,
          63
        ]
      ]
    },
    "99": {
      "name": "chandellier",
      "visible_pos": [
        15,
        16,
        17,
        18,
        27,
        28,
        29,
        30
      ],
      "bbox2d": [
        [
          579,
          38,
          61,
          108
        ],
        [
          334,
          0,
          219,
          218
        ],
        [
          99,
          0,
          216,
          218
        ],
        [
          0,
          72,
          73,
          69
        ],
        [
          567,
          153,
          73,
          216
        ],
        [
          334,
          215,
          210,
          236
        ],
        [
          104,
          215,
          211,
          236
        ],
        [
          0,
          149,
          85,
          215
        ]
      ]
    },
    "110": {
      "name": "art#/#clutter",
      "visible_pos": [
        24,
        25,
        26,
        27,
        34,
        35
      ],
      "bbox2d": [
        [
          153,
          0,
          487,
          17
        ],
        [
          378,
          0,
          64,
          112
        ],
        [
          246,
          0,
          46,
          129
        ],
        [
          74,
          0,
          63,
          77
        ],
        [
          425,
          0,
          45,
          30
        ],
        [
          290,
          0,
          105,
          54
        ]
      ]
    },
    "112": {
      "name": "chair",
      "visible_pos": [
        2,
        3,
        4,
        5,
        6,
        14,
        15,
        16
      ],
      "bbox2d": [
        [
          495,
          220,
          145,
          260
        ],
        [
          315,
          194,
          248,
          286
        ],
        [
          111,
          213,
          273,
          267
        ],
        [
          0,
          358,
          245,
          122
        ],
        [
          0,
          445,
          58,
          35
        ],
        [
          563,
          454,
          31,
          26
        ],
        [
          315,
          422,
          35,
          58
        ],
        [
          82,
          446,
          32,
          34
        ]
      ]
    },
    "116": {
      "name": "table",
      "visible_pos": [
        3,
        4,
        5,
        6,
        15,
        16,
        17,
        18
      ],
      "bbox2d": [
        [
          428,
          207,
          212,
          220
        ],
        [
          235,
          180,
          367,
          172
        ],
        [
          6,
          174,
          381,
          220
        ],
        [
          0,
          214,
          199,
          239
        ],
        [
          445,
          438,
          156,
          42
        ],
        [
          222,
          406,
          355,
          74
        ],
        [
          0,
          400,
          378,
          80
        ],
        [
          0,
          449,
          118,
          31
        ]
      ]
    },
    "118": {
      "name": "chair",
      "visible_pos": [
        3,
        4,
        5,
        6,
        7
      ],
      "bbox2d": [
        [
          505,
          449,
          78,
          31
        ],
        [
          350,
          385,
          290,
          95
        ],
        [
          201,
          308,
          319,
          172
        ],
        [
          62,
          281,
          271,
          199
        ],
        [
          0,
          310,
          159,
          170
        ]
      ]
    },
    "119": {
      "name": "chair",
      "visible_pos": [
        2,
        3,
        4,
        5,
        14,
        15,
        16
      ],
      "bbox2d": [
        [
          549,
          145,
          91,
          273
        ],
        [
          351,
          119,
          114,
          215
        ],
        [
          130,
          126,
          143,
          209
        ],
        [
          0,
          288,
          80,
          100
        ],
        [
          606,
          367,
          34,
          113
        ],
        [
          353,
          342,
          82,
          138
        ],
        [
          122,
          349,
          90,
          131
        ]
      ]
    },
    "123": {
      "name": "wall#behind",
      "visible_pos": [],
      "bbox2d": []
    },
    "105": {
      "name": "cabinet",
      "visible_pos": [],
      "bbox2d": []
    },
    "120": {
      "name": "curtain",
      "visible_pos": [],
      "bbox2d": []
    }
  }
}