{
  "06cce75e286e46a59d44615b4936d9df": {
    "228": {
      "name": "mirror",
      "visible_pos": [
        7,
        8,
        19,
        20,
        31,
        32
      ],
      "bbox2d": [
        [
          471,
          0,
          35,
          130
        ],
        [
          235,
          0,
          15,
          125
        ],
        [
          470,
          224,
          12,
          130
        ],
        [
          246,
          224,
          10,
          117
        ],
        [
          491,
          459,
          15,
          21
        ],
        [
          235,
          460,
          11,
          20
        ]
      ]
    },
    "234": {
      "name": "picture",
      "visible_pos": [
        19,
        20,
        31,
        32
      ],
      "bbox2d": [
        [
          464,
          116,
          20,
          121
        ],
        [
          239,
          122,
          19,
          115
        ],
        [
          468,
          339,
          41,
          138
        ],
        [
          230,
          345,
          19,
          132
        ]
      ]
    },
    "222": {
      "name": "window",
      "visible_pos": [],
      "bbox2d": []
    },
    "230": {
      "name": "piano",
      "visible_pos": [],
      "bbox2d": []
    }
  }
}