{
  "2df15700dc074bffade9d3527cda852f": {
    "12": {
      "name": "picture",
      "visible_pos": [
        4,
        5,
        6,
        16,
        17,
        18,
        28,
        29,
        30
      ],
      "bbox2d": [
        [
          589,
          0,
          51,
          200
        ],
        [
          344,
          0,
          87,
          182
        ],
        [
          79,
          0,
          125,
          185
        ],
        [
          590,
          84,
          50,
          321
        ],
        [
          342,
          88,
          78,
          320
        ],
        [
          108,
          84,
          89,
          327
        ],
        [
          591,
          293,
          49,
          187
        ],
        [
          343,
          313,
          89,
          167
        ],
        [
          79,
          310,
          124,
          170
        ]
      ]
    },
    "18": {
      "name": "picture",
      "visible_pos": [],
      "bbox2d": []
    }
  }
}