{
  "5d81e8f44f58477d880be9bde5ce543d": {
    "301": {
      "name": "picture",
      "visible_pos": [
        2,
        3,
        4,
        14,
        15,
        16
      ],
      "bbox2d": [
        [
          572,
          130,
          68,
          165
        ],
        [
          362,
          81,
          98,
          170
        ],
        [
          139,
          81,
          101,
          182
        ],
        [
          630,
          353,
          10,
          127
        ],
        [
          369,
          307,
          88,
          173
        ],
        [
          141,
          306,
          92,
          174
        ]
      ]
    },
    "303": {
      "name": "picture",
      "visible_pos": [
        3,
        4,
        14,
        15,
        16,
        26,
        27,
        28
      ],
      "bbox2d": [
        [
          372,
          0,
          105,
          49
        ],
        [
          110,
          0,
          111,
          53
        ],
        [
          626,
          60,
          14,
          226
        ],
        [
          366,
          96,
          91,
          183
        ],
        [
          138,
          86,
          95,
          196
        ],
        [
          612,
          288,
          28,
          96
        ],
        [
          368,
          320,
          109,
          160
        ],
        [
          110,
          309,
          120,
          171
        ]
      ]
    },
    "304": {
      "name": "picture",
      "visible_pos": [
        14,
        15,
        16,
        26,
        27,
        28,
        29
      ],
      "bbox2d": [
        [
          621,
          0,
          19,
          38
        ],
        [
          363,
          0,
          98,
          104
        ],
        [
          134,
          0,
          103,
          104
        ],
        [
          543,
          122,
          97,
          150
        ],
        [
          357,
          169,
          95,
          158
        ],
        [
          150,
          156,
          97,
          171
        ],
        [
          0,
          124,
          27,
          120
        ]
      ]
    },
    "306": {
      "name": "picture",
      "visible_pos": [
        6,
        7,
        8,
        18,
        19,
        20,
        30,
        31,
        32
      ],
      "bbox2d": [
        [
          474,
          0,
          113,
          92
        ],
        [
          228,
          0,
          86,
          83
        ],
        [
          0,
          0,
          59,
          99
        ],
        [
          460,
          58,
          93,
          259
        ],
        [
          237,
          77,
          78,
          231
        ],
        [
          0,
          45,
          73,
          278
        ],
        [
          453,
          286,
          134,
          194
        ],
        [
          228,
          303,
          87,
          177
        ],
        [
          0,
          271,
          86,
          209
        ]
      ]
    },
    "310": {
      "name": "wall#trim",
      "visible_pos": [
        3,
        4,
        5
      ],
      "bbox2d": [
        [
          359,
          418,
          73,
          62
        ],
        [
          235,
          404,
          52,
          76
        ],
        [
          121,
          457,
          17,
          23
        ]
      ]
    },
    "297": {
      "name": "cabinet",
      "visible_pos": [],
      "bbox2d": []
    },
    "305": {
      "name": "picture",
      "visible_pos": [],
      "bbox2d": []
    }
  }
}