{
  "3808d8eb951a48de9766994286c4b6e8": {
    "87": {
      "name": "pillow",
      "visible_pos": [
        4,
        5,
        6,
        7
      ],
      "bbox2d": [
        [
          478,
          271,
          162,
          115
        ],
        [
          295,
          244,
          151,
          66
        ],
        [
          102,
          267,
          162,
          61
        ],
        [
          0,
          330,
          67,
          67
        ]
      ]
    },
    "89": {
      "name": "pillow",
      "visible_pos": [
        3,
        4,
        5,
        6
      ],
      "bbox2d": [
        [
          567,
          313,
          73,
          71
        ],
        [
          367,
          263,
          176,
          91
        ],
        [
          181,
          246,
          172,
          64
        ],
        [
          0,
          276,
          177,
          97
        ]
      ]
    },
    "82": {
      "name": "window",
      "visible_pos": [],
      "bbox2d": []
    },
    "128": {
      "name": "window",
      "visible_pos": [],
      "bbox2d": []
    }
  }
}