{
  "4cb7fa10e5014ec292756433d83484c8": {
    "756": {
      "name": "hunting#trophy",
      "visible_pos": [
        20,
        21,
        22,
        23,
        32,
        33,
        34,
        35
      ],
      "bbox2d": [
        [
          595,
          0,
          45,
          6
        ],
        [
          318,
          0,
          186,
          132
        ],
        [
          96,
          0,
          179,
          132
        ],
        [
          0,
          0,
          9,
          5
        ],
        [
          516,
          178,
          124,
          79
        ],
        [
          317,
          235,
          166,
          119
        ],
        [
          118,
          207,
          162,
          148
        ],
        [
          0,
          189,
          59,
          57
        ]
      ]
    },
    "758": {
      "name": "hunting#trophy",
      "visible_pos": [
        21,
        22,
        23,
        33,
        34,
        35
      ],
      "bbox2d": [
        [
          607,
          0,
          33,
          90
        ],
        [
          354,
          18,
          99,
          176
        ],
        [
          123,
          1,
          107,
          194
        ],
        [
          574,
          212,
          66,
          110
        ],
        [
          351,
          254,
          110,
          168
        ],
        [
          139,
          241,
          90,
          182
        ]
      ]
    },
    "766": {
      "name": "hunting#trophy",
      "visible_pos": [
        7,
        8,
        9,
        19,
        20,
        21,
        22,
        31,
        32,
        33,
        34
      ],
      "bbox2d": [
        [
          618,
          35,
          22,
          105
        ],
        [
          355,
          0,
          185,
          117
        ],
        [
          92,
          0,
          183,
          123
        ],
        [
          604,
          93,
          36,
          264
        ],
        [
          352,
          0,
          288,
          339
        ],
        [
          120,
          0,
          300,
          346
        ],
        [
          0,
          0,
          197,
          276
        ],
        [
          613,
          309,
          27,
          146
        ],
        [
          356,
          208,
          284,
          272
        ],
        [
          92,
          231,
          336,
          249
        ],
        [
          0,
          198,
          189,
          260
        ]
      ]
    },
    "768": {
      "name": "hunting#trohpy",
      "visible_pos": [
        0,
        10,
        11,
        12,
        22,
        23,
        24,
        35
      ],
      "bbox2d": [
        [
          0,
          0,
          195,
          218
        ],
        [
          505,
          3,
          135,
          242
        ],
        [
          257,
          0,
          163,
          205
        ],
        [
          0,
          225,
          189,
          227
        ],
        [
          490,
          242,
          150,
          238
        ],
        [
          264,
          225,
          148,
          211
        ],
        [
          143,
          460,
          21,
          20
        ],
        [
          402,
          461,
          18,
          19
        ]
      ]
    },
    "757": {
      "name": "hunting#trophy",
      "visible_pos": [],
      "bbox2d": []
    },
    "761": {
      "name": "moose#head#/#sculpture#/#hunting#trophy",
      "visible_pos": [],
      "bbox2d": []
    }
  }
}