{
  "f96564815414409a96375c15027d13ae": {
    "16": {
      "name": "stove",
      "visible_pos": [
        0,
        9,
        10,
        11,
        12,
        21,
        22,
        23,
        33,
        34,
        35
      ],
      "bbox2d": [
        [
          0,
          58,
          65,
          197
        ],
        [
          492,
          0,
          148,
          248
        ],
        [
          275,
          0,
          258,
          233
        ],
        [
          35,
          0,
          248,
          232
        ],
        [
          0,
          203,
          28,
          277
        ],
        [
          501,
          201,
          139,
          279
        ],
        [
          273,
          202,
          240,
          268
        ],
        [
          13,
          201,
          270,
          269
        ],
        [
          592,
          435,
          48,
          45
        ],
        [
          323,
          431,
          215,
          49
        ],
        [
          49,
          431,
          225,
          49
        ]
      ]
    },
    "18": {
      "name": "table",
      "visible_pos": [
        4,
        5,
        6,
        7,
        8,
        9,
        17,
        18,
        19,
        20
      ],
      "bbox2d": [
        [
          517,
          408,
          123,
          72
        ],
        [
          348,
          181,
          292,
          299
        ],
        [
          190,
          147,
          450,
          333
        ],
        [
          6,
          143,
          526,
          337
        ],
        [
          0,
          175,
          353,
          305
        ],
        [
          0,
          266,
          193,
          214
        ],
        [
          516,
          408,
          124,
          72
        ],
        [
          286,
          370,
          354,
          110
        ],
        [
          40,
          366,
          452,
          114
        ],
        [
          0,
          403,
          323,
          77
        ]
      ]
    },
    "22": {
      "name": "chair",
      "visible_pos": [
        6,
        7,
        8,
        9
      ],
      "bbox2d": [
        [
          370,
          421,
          270,
          59
        ],
        [
          249,
          321,
          262,
          159
        ],
        [
          111,
          293,
          219,
          187
        ],
        [
          65,
          325,
          90,
          155
        ]
      ]
    },
    "31": {
      "name": "chair",
      "visible_pos": [
        4,
        5,
        6,
        7,
        16,
        17,
        18
      ],
      "bbox2d": [
        [
          457,
          227,
          183,
          253
        ],
        [
          272,
          193,
          204,
          287
        ],
        [
          68,
          205,
          220,
          275
        ],
        [
          0,
          301,
          103,
          179
        ],
        [
          534,
          463,
          106,
          17
        ],
        [
          276,
          421,
          115,
          59
        ],
        [
          65,
          436,
          102,
          44
        ]
      ]
    },
    "35": {
      "name": "chair",
      "visible_pos": [
        0,
        1,
        2,
        3,
        13,
        14,
        15
      ],
      "bbox2d": [
        [
          600,
          447,
          40,
          33
        ],
        [
          418,
          140,
          141,
          258
        ],
        [
          242,
          135,
          111,
          246
        ],
        [
          0,
          165,
          169,
          275
        ],
        [
          466,
          363,
          34,
          47
        ],
        [
          241,
          358,
          111,
          122
        ],
        [
          0,
          409,
          11,
          26
        ]
      ]
    },
    "36": {
      "name": "box",
      "visible_pos": [
        1,
        2,
        3,
        13,
        14,
        15
      ],
      "bbox2d": [
        [
          432,
          189,
          136,
          120
        ],
        [
          233,
          176,
          113,
          112
        ],
        [
          0,
          207,
          146,
          124
        ],
        [
          446,
          416,
          154,
          64
        ],
        [
          223,
          402,
          125,
          78
        ],
        [
          27,
          437,
          89,
          43
        ]
      ]
    },
    "37": {
      "name": "picture",
      "visible_pos": [
        0,
        1,
        10,
        11,
        12,
        13,
        23
      ],
      "bbox2d": [
        [
          228,
          145,
          146,
          177
        ],
        [
          0,
          158,
          192,
          224
        ],
        [
          607,
          338,
          33,
          66
        ],
        [
          405,
          170,
          191,
          196
        ],
        [
          216,
          369,
          148,
          111
        ],
        [
          12,
          382,
          123,
          98
        ],
        [
          440,
          395,
          183,
          85
        ]
      ]
    },
    "39": {
      "name": "picture",
      "visible_pos": [
        0,
        1,
        12,
        13,
        14,
        23,
        24,
        25,
        26,
        35
      ],
      "bbox2d": [
        [
          374,
          0,
          93,
          43
        ],
        [
          111,
          0,
          100,
          44
        ],
        [
          300,
          59,
          219,
          215
        ],
        [
          53,
          54,
          235,
          220
        ],
        [
          0,
          116,
          35,
          62
        ],
        [
          534,
          46,
          106,
          198
        ],
        [
          299,
          288,
          227,
          192
        ],
        [
          42,
          283,
          244,
          197
        ],
        [
          0,
          317,
          27,
          80
        ],
        [
          544,
          243,
          96,
          214
        ]
      ]
    },
    "45": {
      "name": "chair",
      "visible_pos": [
        6,
        7,
        8,
        9
      ],
      "bbox2d": [
        [
          608,
          463,
          16,
          17
        ],
        [
          423,
          375,
          24,
          13
        ],
        [
          265,
          363,
          22,
          12
        ],
        [
          92,
          418,
          13,
          14
        ]
      ]
    },
    "46": {
      "name": "book",
      "visible_pos": [
        1,
        2,
        3,
        13,
        14
      ],
      "bbox2d": [
        [
          430,
          114,
          46,
          99
        ],
        [
          206,
          113,
          61,
          96
        ],
        [
          0,
          194,
          33,
          56
        ],
        [
          430,
          337,
          59,
          108
        ],
        [
          207,
          336,
          56,
          106
        ]
      ]
    },
    "47": {
      "name": "picture",
      "visible_pos": [
        0,
        1,
        2,
        3,
        12,
        13,
        14
      ],
      "bbox2d": [
        [
          522,
          159,
          118,
          170
        ],
        [
          324,
          126,
          108,
          162
        ],
        [
          102,
          128,
          140,
          185
        ],
        [
          0,
          290,
          21,
          32
        ],
        [
          566,
          384,
          74,
          96
        ],
        [
          325,
          349,
          117,
          131
        ],
        [
          86,
          351,
          134,
          129
        ]
      ]
    },
    "51": {
      "name": "picture",
      "visible_pos": [
        0,
        1,
        2,
        11,
        12,
        13,
        23
      ],
      "bbox2d": [
        [
          350,
          117,
          114,
          139
        ],
        [
          127,
          116,
          120,
          154
        ],
        [
          0,
          232,
          25,
          83
        ],
        [
          558,
          140,
          82,
          176
        ],
        [
          352,
          339,
          111,
          141
        ],
        [
          121,
          339,
          118,
          141
        ],
        [
          605,
          363,
          35,
          117
        ]
      ]
    },
    "1": {
      "name": "cabinet",
      "visible_pos": [],
      "bbox2d": []
    },
    "23": {
      "name": "oven",
      "visible_pos": [],
      "bbox2d": []
    }
  }
}