{
  "24e1d29d44014a1484f7b0e48bbaffe5": {
    "295": {
      "name": "desk",
      "visible_pos": [
        2,
        3,
        4,
        5,
        6,
        14,
        15,
        16,
        17
      ],
      "bbox2d": [
        [
          524,
          96,
          116,
          384
        ],
        [
          351,
          46,
          289,
          434
        ],
        [
          117,
          40,
          346,
          440
        ],
        [
          0,
          45,
          272,
          435
        ],
        [
          0,
          238,
          112,
          242
        ],
        [
          610,
          320,
          30,
          160
        ],
        [
          355,
          276,
          262,
          204
        ],
        [
          124,
          271,
          341,
          209
        ],
        [
          0,
          276,
          241,
          204
        ]
      ]
    },
    "304": {
      "name": "tablecloth",
      "visible_pos": [
        0,
        1,
        2,
        3,
        11,
        12,
        13,
        14,
        15,
        23
      ],
      "bbox2d": [
        [
          328,
          125,
          312,
          305
        ],
        [
          128,
          112,
          422,
          320
        ],
        [
          0,
          118,
          340,
          362
        ],
        [
          0,
          161,
          139,
          163
        ],
        [
          497,
          169,
          143,
          311
        ],
        [
          333,
          348,
          307,
          132
        ],
        [
          101,
          335,
          484,
          145
        ],
        [
          0,
          340,
          343,
          140
        ],
        [
          0,
          385,
          108,
          95
        ],
        [
          585,
          393,
          55,
          87
        ]
      ]
    },
    "309": {
      "name": "chandelier",
      "visible_pos": [
        12,
        13,
        14,
        24,
        25,
        26,
        27
      ],
      "bbox2d": [
        [
          626,
          0,
          14,
          51
        ],
        [
          366,
          0,
          98,
          109
        ],
        [
          138,
          0,
          104,
          106
        ],
        [
          572,
          119,
          68,
          175
        ],
        [
          361,
          184,
          91,
          148
        ],
        [
          152,
          181,
          100,
          148
        ],
        [
          0,
          106,
          30,
          139
        ]
      ]
    },
    "312": {
      "name": "chair",
      "visible_pos": [
        0,
        1,
        2,
        3,
        13,
        14,
        15
      ],
      "bbox2d": [
        [
          498,
          230,
          142,
          244
        ],
        [
          322,
          148,
          198,
          251
        ],
        [
          147,
          136,
          156,
          264
        ],
        [
          0,
          160,
          130,
          316
        ],
        [
          396,
          371,
          133,
          109
        ],
        [
          172,
          359,
          124,
          121
        ],
        [
          0,
          383,
          46,
          97
        ]
      ]
    },
    "329": {
      "name": "light#fixture",
      "visible_pos": [
        3,
        4,
        5,
        15,
        16,
        17,
        28,
        29
      ],
      "bbox2d": [
        [
          558,
          54,
          82,
          170
        ],
        [
          334,
          0,
          65,
          188
        ],
        [
          102,
          0,
          83,
          204
        ],
        [
          580,
          197,
          60,
          257
        ],
        [
          334,
          204,
          66,
          212
        ],
        [
          99,
          202,
          77,
          232
        ],
        [
          360,
          434,
          29,
          46
        ],
        [
          102,
          431,
          34,
          49
        ]
      ]
    },
    "335": {
      "name": "candle",
      "visible_pos": [
        0,
        1,
        2,
        12,
        13,
        14
      ],
      "bbox2d": [
        [
          513,
          90,
          36,
          86
        ],
        [
          289,
          81,
          17,
          79
        ],
        [
          31,
          95,
          43,
          91
        ],
        [
          523,
          314,
          19,
          88
        ],
        [
          291,
          306,
          15,
          78
        ],
        [
          39,
          319,
          22,
          94
        ]
      ]
    },
    "336": {
      "name": "candle",
      "visible_pos": [
        0,
        1,
        2,
        12,
        13,
        14
      ],
      "bbox2d": [
        [
          614,
          107,
          26,
          63
        ],
        [
          367,
          67,
          17,
          74
        ],
        [
          131,
          72,
          25,
          79
        ],
        [
          628,
          308,
          12,
          86
        ],
        [
          368,
          294,
          12,
          69
        ],
        [
          141,
          298,
          13,
          75
        ]
      ]
    },
    "288": {
      "name": "wall#desk",
      "visible_pos": [],
      "bbox2d": []
    },
    "308": {
      "name": "floor#behind",
      "visible_pos": [],
      "bbox2d": []
    }
  }
}