{
  "feae9e692abf42eaa8369c09c7dd97c9": {
    "296": {
      "name": "shelves",
      "visible_pos": [
        4,
        5,
        6,
        16,
        17,
        18
      ],
      "bbox2d": [
        [
          442,
          36,
          109,
          284
        ],
        [
          241,
          36,
          69,
          271
        ],
        [
          0,
          49,
          115,
          310
        ],
        [
          472,
          270,
          71,
          210
        ],
        [
          247,
          267,
          60,
          213
        ],
        [
          0,
          279,
          62,
          201
        ]
      ]
    },
    "265": {
      "name": "plant",
      "visible_pos": [],
      "bbox2d": []
    },
    "270": {
      "name": "curtain",
      "visible_pos": [],
      "bbox2d": []
    }
  }
}