{
  "f07a5e07bf3f4e5a8f74705dc211e55a": {
    "884": {
      "name": "light",
      "visible_pos": [
        18,
        19,
        20,
        30,
        31,
        32
      ],
      "bbox2d": [
        [
          462,
          82,
          95,
          130
        ],
        [
          239,
          96,
          79,
          119
        ],
        [
          0,
          63,
          77,
          147
        ],
        [
          463,
          307,
          84,
          137
        ],
        [
          238,
          320,
          80,
          128
        ],
        [
          0,
          290,
          88,
          151
        ]
      ]
    },
    "868": {
      "name": "window",
      "visible_pos": [],
      "bbox2d": []
    }
  }
}