{
  "73c5fd2eb22f42889baee17f32774cca": {
    "1138": {
      "name": "shelf",
      "visible_pos": [
        9,
        10,
        11,
        21,
        22,
        23
      ],
      "bbox2d": [
        [
          477,
          201,
          1,
          3
        ],
        [
          269,
          189,
          2,
          4
        ],
        [
          38,
          224,
          4,
          6
        ],
        [
          492,
          430,
          2,
          5
        ],
        [
          265,
          417,
          2,
          5
        ],
        [
          1,
          461,
          3,
          6
        ]
      ]
    },
    "1139": {
      "name": "closet",
      "visible_pos": [
        5,
        6,
        7,
        8,
        9
      ],
      "bbox2d": [
        [
          551,
          363,
          89,
          117
        ],
        [
          370,
          303,
          218,
          177
        ],
        [
          198,
          265,
          217,
          215
        ],
        [
          0,
          284,
          297,
          196
        ],
        [
          0,
          398,
          9,
          5
        ]
      ]
    },
    "1144": {
      "name": "shower#curtain#rod",
      "visible_pos": [
        20,
        31,
        32,
        33,
        34,
        35
      ],
      "bbox2d": [
        [
          290,
          0,
          39,
          13
        ],
        [
          491,
          124,
          149,
          107
        ],
        [
          293,
          139,
          347,
          111
        ],
        [
          85,
          195,
          378,
          25
        ],
        [
          0,
          127,
          273,
          104
        ],
        [
          0,
          131,
          65,
          56
        ]
      ]
    },
    "1151": {
      "name": "vanity",
      "visible_pos": [
        2,
        3,
        4,
        5,
        15,
        16
      ],
      "bbox2d": [
        [
          570,
          343,
          70,
          137
        ],
        [
          389,
          202,
          157,
          278
        ],
        [
          218,
          201,
          218,
          279
        ],
        [
          0,
          272,
          305,
          208
        ],
        [
          430,
          432,
          29,
          48
        ],
        [
          207,
          432,
          31,
          48
        ]
      ]
    },
    "1155": {
      "name": "window",
      "visible_pos": [
        8,
        9,
        10,
        20,
        21,
        22,
        32,
        33,
        34
      ],
      "bbox2d": [
        [
          429,
          0,
          211,
          38
        ],
        [
          177,
          0,
          179,
          33
        ],
        [
          0,
          0,
          95,
          39
        ],
        [
          414,
          0,
          196,
          270
        ],
        [
          191,
          38,
          164,
          227
        ],
        [
          0,
          0,
          125,
          271
        ],
        [
          407,
          240,
          233,
          240
        ],
        [
          176,
          270,
          181,
          210
        ],
        [
          0,
          223,
          145,
          257
        ]
      ]
    },
    "1156": {
      "name": "bathroom#object",
      "visible_pos": [
        4,
        5,
        6,
        16,
        17
      ],
      "bbox2d": [
        [
          451,
          226,
          30,
          39
        ],
        [
          260,
          215,
          27,
          37
        ],
        [
          38,
          256,
          43,
          43
        ],
        [
          481,
          461,
          18,
          19
        ],
        [
          254,
          448,
          23,
          32
        ]
      ]
    },
    "1158": {
      "name": "towel",
      "visible_pos": [
        0,
        9,
        10,
        11,
        12,
        22,
        23
      ],
      "bbox2d": [
        [
          0,
          29,
          159,
          391
        ],
        [
          568,
          219,
          72,
          247
        ],
        [
          378,
          20,
          189,
          365
        ],
        [
          170,
          20,
          161,
          337
        ],
        [
          0,
          259,
          96,
          221
        ],
        [
          397,
          256,
          179,
          224
        ],
        [
          173,
          255,
          159,
          225
        ]
      ]
    },
    "1159": {
      "name": "washbasin",
      "visible_pos": [
        3,
        4,
        5,
        6,
        16,
        17
      ],
      "bbox2d": [
        [
          518,
          247,
          122,
          102
        ],
        [
          322,
          215,
          114,
          70
        ],
        [
          122,
          228,
          127,
          68
        ],
        [
          0,
          296,
          35,
          62
        ],
        [
          323,
          447,
          112,
          33
        ],
        [
          104,
          464,
          115,
          16
        ]
      ]
    },
    "1160": {
      "name": "light",
      "visible_pos": [
        4,
        5,
        15,
        16,
        17,
        27,
        28,
        29
      ],
      "bbox2d": [
        [
          352,
          0,
          6,
          1
        ],
        [
          88,
          0,
          3,
          2
        ],
        [
          597,
          181,
          17,
          60
        ],
        [
          345,
          191,
          14,
          50
        ],
        [
          112,
          186,
          17,
          55
        ],
        [
          616,
          407,
          24,
          56
        ],
        [
          348,
          419,
          15,
          61
        ],
        [
          83,
          413,
          30,
          67
        ]
      ]
    },
    "1163": {
      "name": "towel",
      "visible_pos": [
        0,
        1,
        10,
        11,
        12,
        13,
        22,
        23
      ],
      "bbox2d": [
        [
          107,
          37,
          227,
          388
        ],
        [
          0,
          46,
          165,
          434
        ],
        [
          486,
          59,
          154,
          421
        ],
        [
          327,
          36,
          250,
          397
        ],
        [
          94,
          269,
          232,
          211
        ],
        [
          0,
          276,
          88,
          204
        ],
        [
          575,
          275,
          65,
          205
        ],
        [
          331,
          268,
          237,
          212
        ]
      ]
    },
    "1164": {
      "name": "bathroom#object",
      "visible_pos": [
        6,
        7,
        8,
        18,
        19,
        20
      ],
      "bbox2d": [
        [
          507,
          192,
          48,
          49
        ],
        [
          294,
          169,
          40,
          45
        ],
        [
          70,
          189,
          57,
          49
        ],
        [
          525,
          419,
          56,
          61
        ],
        [
          292,
          395,
          43,
          51
        ],
        [
          42,
          416,
          58,
          61
        ]
      ]
    },
    "1165": {
      "name": "tissue#box",
      "visible_pos": [
        3,
        4,
        5,
        15,
        16,
        17
      ],
      "bbox2d": [
        [
          534,
          169,
          57,
          47
        ],
        [
          317,
          148,
          36,
          40
        ],
        [
          89,
          162,
          47,
          47
        ],
        [
          556,
          394,
          52,
          56
        ],
        [
          317,
          371,
          37,
          44
        ],
        [
          76,
          386,
          47,
          54
        ]
      ]
    },
    "1166": {
      "name": "bathroom#object",
      "visible_pos": [
        3,
        4,
        5,
        15,
        16,
        17
      ],
      "bbox2d": [
        [
          571,
          184,
          17,
          30
        ],
        [
          345,
          158,
          9,
          26
        ],
        [
          128,
          172,
          14,
          27
        ],
        [
          597,
          411,
          15,
          35
        ],
        [
          346,
          382,
          11,
          28
        ],
        [
          114,
          397,
          13,
          31
        ]
      ]
    },
    "1167": {
      "name": "bathtub",
      "visible_pos": [
        6,
        7,
        8,
        9,
        10,
        11
      ],
      "bbox2d": [
        [
          639,
          476,
          1,
          4
        ],
        [
          388,
          286,
          252,
          194
        ],
        [
          246,
          258,
          394,
          222
        ],
        [
          91,
          283,
          388,
          197
        ],
        [
          0,
          279,
          349,
          201
        ],
        [
          0,
          333,
          212,
          147
        ]
      ]
    },
    "1169": {
      "name": "trash#can",
      "visible_pos": [
        6,
        7
      ],
      "bbox2d": [
        [
          340,
          472,
          63,
          8
        ],
        [
          261,
          467,
          15,
          13
        ]
      ]
    },
    "1171": {
      "name": "bathroom#object",
      "visible_pos": [
        6,
        7,
        8
      ],
      "bbox2d": [
        [
          500,
          271,
          33,
          66
        ],
        [
          308,
          244,
          26,
          60
        ],
        [
          109,
          269,
          44,
          63
        ]
      ]
    },
    "1172": {
      "name": "bathroom#object",
      "visible_pos": [
        3,
        4,
        5,
        16,
        17
      ],
      "bbox2d": [
        [
          595,
          199,
          38,
          59
        ],
        [
          372,
          164,
          16,
          52
        ],
        [
          167,
          172,
          21,
          54
        ],
        [
          376,
          388,
          20,
          61
        ],
        [
          150,
          397,
          22,
          64
        ]
      ]
    },
    "1173": {
      "name": "bathroom#object",
      "visible_pos": [],
      "bbox2d": []
    },
    "1118": {
      "name": "curtain",
      "visible_pos": [],
      "bbox2d": []
    },
    "1123": {
      "name": "shower#wall",
      "visible_pos": [],
      "bbox2d": []
    },
    "1125": {
      "name": "curtain",
      "visible_pos": [],
      "bbox2d": []
    },
    "1137": {
      "name": "window",
      "visible_pos": [],
      "bbox2d": []
    }
  }
}