{
  "bf5ac8319e8d48568b82d9f36a064969": {
    "356": {
      "name": "stove#hood",
      "visible_pos": [
        16,
        17,
        18,
        28,
        29,
        30
      ],
      "bbox2d": [
        [
          534,
          176,
          106,
          28
        ],
        [
          300,
          185,
          100,
          25
        ],
        [
          53,
          177,
          122,
          30
        ],
        [
          552,
          402,
          88,
          33
        ],
        [
          299,
          412,
          109,
          30
        ],
        [
          31,
          403,
          132,
          35
        ]
      ]
    },
    "389": {
      "name": "sink",
      "visible_pos": [
        6,
        7,
        8,
        18,
        19,
        20
      ],
      "bbox2d": [
        [
          493,
          167,
          147,
          110
        ],
        [
          278,
          119,
          132,
          114
        ],
        [
          42,
          124,
          156,
          121
        ],
        [
          505,
          401,
          135,
          79
        ],
        [
          275,
          342,
          139,
          128
        ],
        [
          16,
          347,
          175,
          133
        ]
      ]
    },
    "398": {
      "name": "stove",
      "visible_pos": [
        3,
        4,
        5,
        6,
        15,
        16,
        17,
        18
      ],
      "bbox2d": [
        [
          542,
          212,
          98,
          142
        ],
        [
          333,
          145,
          307,
          156
        ],
        [
          125,
          133,
          283,
          161
        ],
        [
          0,
          154,
          194,
          198
        ],
        [
          580,
          445,
          60,
          35
        ],
        [
          334,
          368,
          306,
          112
        ],
        [
          99,
          355,
          314,
          125
        ],
        [
          0,
          378,
          189,
          102
        ]
      ]
    },
    "401": {
      "name": "kitchen#counter",
      "visible_pos": [
        0,
        1,
        2,
        3,
        4,
        5,
        6,
        7,
        17,
        18
      ],
      "bbox2d": [
        [
          584,
          445,
          56,
          35
        ],
        [
          404,
          355,
          180,
          125
        ],
        [
          252,
          338,
          328,
          142
        ],
        [
          73,
          386,
          567,
          94
        ],
        [
          41,
          240,
          599,
          240
        ],
        [
          68,
          109,
          411,
          371
        ],
        [
          0,
          104,
          259,
          376
        ],
        [
          0,
          179,
          38,
          301
        ],
        [
          358,
          332,
          120,
          148
        ],
        [
          138,
          327,
          114,
          153
        ]
      ]
    },
    "405": {
      "name": "countertop",
      "visible_pos": [
        0,
        1,
        2,
        3,
        4,
        5,
        6,
        14,
        15,
        16,
        17,
        18
      ],
      "bbox2d": [
        [
          586,
          391,
          54,
          80
        ],
        [
          402,
          270,
          238,
          210
        ],
        [
          239,
          234,
          401,
          246
        ],
        [
          45,
          231,
          595,
          200
        ],
        [
          0,
          145,
          640,
          335
        ],
        [
          0,
          99,
          477,
          381
        ],
        [
          0,
          100,
          246,
          351
        ],
        [
          436,
          472,
          22,
          8
        ],
        [
          213,
          468,
          173,
          12
        ],
        [
          334,
          368,
          306,
          112
        ],
        [
          99,
          323,
          374,
          157
        ],
        [
          60,
          324,
          188,
          156
        ]
      ]
    },
    "406": {
      "name": "container",
      "visible_pos": [
        1,
        2,
        3,
        4,
        13,
        14,
        15
      ],
      "bbox2d": [
        [
          533,
          205,
          107,
          129
        ],
        [
          334,
          168,
          90,
          107
        ],
        [
          132,
          174,
          103,
          111
        ],
        [
          0,
          300,
          13,
          38
        ],
        [
          592,
          436,
          48,
          44
        ],
        [
          343,
          393,
          93,
          87
        ],
        [
          110,
          399,
          103,
          81
        ]
      ]
    },
    "420": {
      "name": "sink",
      "visible_pos": [
        6,
        7,
        8,
        9,
        18,
        19,
        20,
        21
      ],
      "bbox2d": [
        [
          547,
          227,
          93,
          61
        ],
        [
          331,
          180,
          147,
          58
        ],
        [
          122,
          184,
          151,
          63
        ],
        [
          0,
          233,
          48,
          47
        ],
        [
          577,
          463,
          63,
          17
        ],
        [
          333,
          407,
          163,
          71
        ],
        [
          96,
          410,
          173,
          70
        ],
        [
          0,
          471,
          7,
          8
        ]
      ]
    },
    "425": {
      "name": "kitchen#countertop#object",
      "visible_pos": [
        7,
        8,
        9,
        19,
        20,
        21
      ],
      "bbox2d": [
        [
          481,
          134,
          80,
          104
        ],
        [
          277,
          121,
          58,
          95
        ],
        [
          36,
          140,
          90,
          106
        ],
        [
          501,
          357,
          81,
          120
        ],
        [
          273,
          344,
          63,
          104
        ],
        [
          17,
          363,
          84,
          117
        ]
      ]
    },
    "428": {
      "name": "oven",
      "visible_pos": [
        0,
        1,
        2,
        3,
        12,
        13,
        14
      ],
      "bbox2d": [
        [
          442,
          104,
          198,
          376
        ],
        [
          248,
          84,
          190,
          349
        ],
        [
          0,
          88,
          248,
          352
        ],
        [
          0,
          312,
          82,
          168
        ],
        [
          468,
          328,
          172,
          152
        ],
        [
          243,
          312,
          196,
          168
        ],
        [
          0,
          311,
          216,
          169
        ]
      ]
    },
    "429": {
      "name": "oven",
      "visible_pos": [
        0,
        1,
        2,
        12,
        13,
        14,
        24,
        25,
        26
      ],
      "bbox2d": [
        [
          479,
          0,
          161,
          206
        ],
        [
          234,
          0,
          205,
          168
        ],
        [
          0,
          0,
          202,
          175
        ],
        [
          470,
          84,
          170,
          324
        ],
        [
          245,
          85,
          178,
          307
        ],
        [
          0,
          81,
          200,
          320
        ],
        [
          480,
          301,
          160,
          179
        ],
        [
          234,
          311,
          205,
          169
        ],
        [
          0,
          306,
          198,
          174
        ]
      ]
    },
    "345": {
      "name": "cabinet",
      "visible_pos": [],
      "bbox2d": []
    },
    "357": {
      "name": "cabinet",
      "visible_pos": [],
      "bbox2d": []
    },
    "413": {
      "name": "cabinet",
      "visible_pos": [],
      "bbox2d": []
    }
  }
}