{
  "665f53aa4a8f4f1bbb5de7195154d864": {
    "451": {
      "name": "staircase#railing",
      "visible_pos": [
        0,
        9,
        10,
        11,
        12,
        17,
        18,
        19,
        20,
        21,
        22,
        23,
        24,
        25,
        26,
        28,
        29,
        30,
        31,
        32,
        33,
        34,
        35
      ],
      "bbox2d": [
        [
          0,
          0,
          147,
          369
        ],
        [
          450,
          0,
          188,
          173
        ],
        [
          193,
          0,
          401,
          365
        ],
        [
          0,
          0,
          324,
          333
        ],
        [
          0,
          76,
          90,
          404
        ],
        [
          431,
          0,
          167,
          37
        ],
        [
          209,
          0,
          221,
          43
        ],
        [
          61,
          0,
          579,
          36
        ],
        [
          212,
          0,
          428,
          200
        ],
        [
          64,
          0,
          576,
          391
        ],
        [
          0,
          0,
          570,
          480
        ],
        [
          0,
          0,
          327,
          460
        ],
        [
          0,
          0,
          456,
          480
        ],
        [
          226,
          0,
          174,
          206
        ],
        [
          22,
          0,
          262,
          150
        ],
        [
          355,
          0,
          285,
          173
        ],
        [
          239,
          0,
          401,
          267
        ],
        [
          130,
          0,
          510,
          273
        ],
        [
          0,
          0,
          634,
          268
        ],
        [
          0,
          4,
          640,
          416
        ],
        [
          0,
          0,
          640,
          478
        ],
        [
          0,
          0,
          595,
          480
        ],
        [
          21,
          0,
          619,
          480
        ]
      ]
    },
    "469": {
      "name": "staircase#handrail",
      "visible_pos": [],
      "bbox2d": []
    }
  }
}