{
  "d9bfec8420e341d1911b9de6ba824f0c": {
    "713": {
      "name": "chandelier",
      "visible_pos": [
        12,
        13,
        14,
        23,
        24,
        25,
        26,
        35
      ],
      "bbox2d": [
        [
          315,
          0,
          227,
          161
        ],
        [
          73,
          0,
          233,
          160
        ],
        [
          0,
          37,
          61,
          101
        ],
        [
          553,
          32,
          87,
          108
        ],
        [
          315,
          217,
          223,
          168
        ],
        [
          79,
          214,
          227,
          170
        ],
        [
          0,
          158,
          73,
          202
        ],
        [
          539,
          158,
          101,
          205
        ]
      ]
    },
    "723": {
      "name": "picture",
      "visible_pos": [
        3,
        4,
        5,
        15,
        16,
        17,
        27,
        28,
        29
      ],
      "bbox2d": [
        [
          453,
          66,
          82,
          142
        ],
        [
          236,
          63,
          54,
          130
        ],
        [
          0,
          79,
          66,
          146
        ],
        [
          458,
          103,
          74,
          337
        ],
        [
          234,
          115,
          64,
          306
        ],
        [
          0,
          90,
          50,
          370
        ],
        [
          461,
          325,
          77,
          72
        ],
        [
          232,
          338,
          66,
          63
        ],
        [
          0,
          314,
          57,
          67
        ]
      ]
    },
    "725": {
      "name": "armchair",
      "visible_pos": [
        7,
        8,
        9,
        10,
        11,
        20,
        21
      ],
      "bbox2d": [
        [
          578,
          294,
          62,
          105
        ],
        [
          384,
          172,
          256,
          308
        ],
        [
          210,
          164,
          258,
          300
        ],
        [
          0,
          199,
          304,
          278
        ],
        [
          0,
          316,
          148,
          164
        ],
        [
          420,
          397,
          65,
          83
        ],
        [
          199,
          389,
          60,
          91
        ]
      ]
    },
    "731": {
      "name": "desk",
      "visible_pos": [
        0,
        1,
        2,
        3,
        10,
        11,
        12,
        13,
        14,
        23
      ],
      "bbox2d": [
        [
          211,
          195,
          429,
          252
        ],
        [
          0,
          172,
          433,
          308
        ],
        [
          0,
          188,
          252,
          292
        ],
        [
          0,
          275,
          73,
          205
        ],
        [
          538,
          310,
          102,
          170
        ],
        [
          379,
          207,
          261,
          273
        ],
        [
          209,
          424,
          431,
          56
        ],
        [
          0,
          397,
          449,
          83
        ],
        [
          0,
          415,
          226,
          65
        ],
        [
          432,
          438,
          208,
          42
        ]
      ]
    },
    "720": {
      "name": "curtain",
      "visible_pos": [],
      "bbox2d": []
    },
    "737": {
      "name": "window#frame",
      "visible_pos": [],
      "bbox2d": []
    }
  }
}