{
  "7d9f62b0ada94d868fc96359b86d4a82": {
    "496": {
      "name": "ladder",
      "visible_pos": [
        0,
        1,
        10,
        11,
        12,
        22,
        23,
        24,
        35
      ],
      "bbox2d": [
        [
          116,
          0,
          123,
          480
        ],
        [
          0,
          312,
          66,
          168
        ],
        [
          465,
          190,
          175,
          290
        ],
        [
          324,
          0,
          120,
          477
        ],
        [
          110,
          230,
          106,
          250
        ],
        [
          592,
          227,
          48,
          253
        ],
        [
          343,
          230,
          96,
          250
        ],
        [
          115,
          466,
          10,
          14
        ],
        [
          375,
          467,
          11,
          13
        ]
      ]
    },
    "492": {
      "name": "tools",
      "visible_pos": [],
      "bbox2d": []
    }
  }
}