{
  "8c5462fa7d924d5b8ae9877ea7d3e089": {
    "361": {
      "name": "counter",
      "visible_pos": [
        0,
        1,
        2
      ],
      "bbox2d": [
        [
          503,
          301,
          37,
          48
        ],
        [
          320,
          272,
          32,
          38
        ],
        [
          131,
          303,
          45,
          32
        ]
      ]
    },
    "371": {
      "name": "microwave",
      "visible_pos": [
        0,
        1,
        2
      ],
      "bbox2d": [
        [
          494,
          326,
          14,
          13
        ],
        [
          315,
          296,
          12,
          14
        ],
        [
          136,
          326,
          12,
          16
        ]
      ]
    },
    "375": {
      "name": "cabinet",
      "visible_pos": [
        15,
        16,
        17,
        27,
        28,
        29,
        30
      ],
      "bbox2d": [
        [
          500,
          0,
          140,
          223
        ],
        [
          272,
          0,
          202,
          225
        ],
        [
          11,
          0,
          238,
          222
        ],
        [
          483,
          84,
          157,
          374
        ],
        [
          273,
          164,
          214,
          297
        ],
        [
          0,
          171,
          260,
          286
        ],
        [
          0,
          103,
          63,
          141
        ]
      ]
    },
    "385": {
      "name": "sink",
      "visible_pos": [
        3,
        4,
        5,
        6,
        16,
        17
      ],
      "bbox2d": [
        [
          523,
          271,
          117,
          97
        ],
        [
          325,
          223,
          145,
          82
        ],
        [
          127,
          224,
          151,
          88
        ],
        [
          0,
          278,
          71,
          109
        ],
        [
          359,
          457,
          98,
          23
        ],
        [
          161,
          459,
          108,
          21
        ]
      ]
    },
    "410": {
      "name": "counter",
      "visible_pos": [
        24,
        25,
        26,
        27,
        34,
        35
      ],
      "bbox2d": [
        [
          238,
          0,
          338,
          156
        ],
        [
          61,
          0,
          339,
          185
        ],
        [
          0,
          0,
          256,
          154
        ],
        [
          0,
          0,
          83,
          31
        ],
        [
          578,
          0,
          62,
          49
        ],
        [
          368,
          0,
          272,
          125
        ]
      ]
    },
    "430": {
      "name": "cabinet",
      "visible_pos": [
        2,
        3,
        4,
        5,
        6,
        15,
        16
      ],
      "bbox2d": [
        [
          580,
          294,
          60,
          186
        ],
        [
          392,
          152,
          176,
          328
        ],
        [
          182,
          156,
          283,
          324
        ],
        [
          0,
          271,
          379,
          209
        ],
        [
          0,
          458,
          334,
          22
        ],
        [
          399,
          375,
          62,
          105
        ],
        [
          175,
          380,
          76,
          100
        ]
      ]
    },
    "438": {
      "name": "sink",
      "visible_pos": [
        3,
        4,
        5,
        15,
        16,
        17
      ],
      "bbox2d": [
        [
          474,
          192,
          95,
          70
        ],
        [
          265,
          171,
          87,
          61
        ],
        [
          30,
          189,
          123,
          75
        ],
        [
          487,
          421,
          116,
          59
        ],
        [
          261,
          396,
          96,
          73
        ],
        [
          0,
          416,
          120,
          64
        ]
      ]
    },
    "353": {
      "name": "cabinet",
      "visible_pos": [],
      "bbox2d": []
    },
    "358": {
      "name": "cabinet",
      "visible_pos": [],
      "bbox2d": []
    }
  }
}