{
  "81fbf84311b34c679917c3712d163618": {
    "933": {
      "name": "plant",
      "visible_pos": [
        0,
        1,
        2,
        3,
        13,
        14
      ],
      "bbox2d": [
        [
          380,
          182,
          260,
          298
        ],
        [
          252,
          149,
          191,
          331
        ],
        [
          112,
          156,
          210,
          324
        ],
        [
          0,
          390,
          151,
          90
        ],
        [
          385,
          372,
          47,
          108
        ],
        [
          159,
          379,
          50,
          101
        ]
      ]
    },
    "922": {
      "name": "stair",
      "visible_pos": [],
      "bbox2d": []
    },
    "923": {
      "name": "staircase#railing",
      "visible_pos": [],
      "bbox2d": []
    },
    "930": {
      "name": "picture",
      "visible_pos": [],
      "bbox2d": []
    }
  }
}