{
  "cca9001b3f1c435faca926406f5314c2": {
    "89": {
      "name": "bench",
      "visible_pos": [
        0,
        1,
        7,
        8,
        9,
        10,
        11,
        12,
        22,
        23
      ],
      "bbox2d": [
        [
          0,
          188,
          223,
          292
        ],
        [
          0,
          352,
          8,
          54
        ],
        [
          425,
          289,
          215,
          191
        ],
        [
          279,
          245,
          361,
          235
        ],
        [
          161,
          257,
          479,
          223
        ],
        [
          0,
          180,
          617,
          300
        ],
        [
          0,
          164,
          404,
          316
        ],
        [
          0,
          416,
          100,
          64
        ],
        [
          301,
          406,
          275,
          74
        ],
        [
          146,
          389,
          196,
          91
        ]
      ]
    },
    "123": {
      "name": "shower#wall",
      "visible_pos": [
        0,
        7,
        8,
        9,
        10,
        11,
        12,
        19,
        20,
        21,
        22,
        23,
        24,
        31,
        32,
        33,
        34,
        35
      ],
      "bbox2d": [
        [
          0,
          0,
          73,
          248
        ],
        [
          584,
          147,
          56,
          182
        ],
        [
          369,
          0,
          271,
          331
        ],
        [
          123,
          0,
          517,
          273
        ],
        [
          0,
          0,
          570,
          330
        ],
        [
          0,
          0,
          302,
          331
        ],
        [
          0,
          0,
          60,
          455
        ],
        [
          626,
          0,
          14,
          480
        ],
        [
          366,
          0,
          274,
          480
        ],
        [
          137,
          0,
          503,
          480
        ],
        [
          0,
          0,
          541,
          480
        ],
        [
          0,
          0,
          305,
          480
        ],
        [
          0,
          114,
          93,
          366
        ],
        [
          533,
          13,
          107,
          326
        ],
        [
          356,
          31,
          284,
          449
        ],
        [
          124,
          123,
          516,
          357
        ],
        [
          0,
          36,
          570,
          444
        ],
        [
          0,
          13,
          306,
          467
        ]
      ]
    },
    "161": {
      "name": "faucet",
      "visible_pos": [
        0,
        10,
        11,
        12,
        22,
        23
      ],
      "bbox2d": [
        [
          156,
          162,
          49,
          50
        ],
        [
          596,
          196,
          44,
          31
        ],
        [
          366,
          156,
          48,
          52
        ],
        [
          142,
          386,
          55,
          58
        ],
        [
          631,
          438,
          9,
          26
        ],
        [
          369,
          381,
          51,
          58
        ]
      ]
    },
    "166": {
      "name": "faucet",
      "visible_pos": [
        6
      ],
      "bbox2d": [
        [
          277,
          471,
          19,
          9
        ]
      ]
    },
    "86": {
      "name": "shower#curtain",
      "visible_pos": [],
      "bbox2d": []
    },
    "96": {
      "name": "shower#soap#shelf",
      "visible_pos": [],
      "bbox2d": []
    },
    "106": {
      "name": "shower#ceiling",
      "visible_pos": [],
      "bbox2d": []
    },
    "127": {
      "name": "shower#wall",
      "visible_pos": [],
      "bbox2d": []
    },
    "138": {
      "name": "shower#wall",
      "visible_pos": [],
      "bbox2d": []
    },
    "146": {
      "name": "shower#wall",
      "visible_pos": [],
      "bbox2d": []
    }
  }
}