{
  "65672d1fd8784dda8f54ea18dab04d0e": {
    "80": {
      "name": "curtain#valence",
      "visible_pos": [],
      "bbox2d": []
    },
    "101": {
      "name": "cabinet",
      "visible_pos": [
        8,
        9,
        10,
        11,
        21,
        22,
        23,
        32,
        33,
        34,
        35
      ],
      "bbox2d": [
        [
          615,
          164,
          25,
          141
        ],
        [
          379,
          0,
          261,
          250
        ],
        [
          146,
          0,
          271,
          247
        ],
        [
          0,
          0,
          193,
          302
        ],
        [
          381,
          0,
          259,
          480
        ],
        [
          155,
          0,
          251,
          480
        ],
        [
          0,
          0,
          182,
          480
        ],
        [
          624,
          172,
          16,
          73
        ],
        [
          395,
          225,
          245,
          255
        ],
        [
          158,
          229,
          256,
          251
        ],
        [
          0,
          168,
          190,
          312
        ]
      ]
    },
    "126": {
      "name": "microwave",
      "visible_pos": [
        9,
        10,
        11,
        21,
        22,
        23,
        33,
        34,
        35
      ],
      "bbox2d": [
        [
          416,
          58,
          224,
          185
        ],
        [
          211,
          0,
          206,
          241
        ],
        [
          0,
          0,
          195,
          298
        ],
        [
          429,
          286,
          211,
          194
        ],
        [
          206,
          37,
          208,
          443
        ],
        [
          0,
          30,
          191,
          450
        ],
        [
          610,
          221,
          30,
          75
        ],
        [
          381,
          269,
          38,
          211
        ],
        [
          141,
          262,
          58,
          218
        ]
      ]
    },
    "128": {
      "name": "kitchen#counter",
      "visible_pos": [
        7,
        8,
        9,
        10,
        11,
        19,
        20,
        21,
        22,
        23
      ],
      "bbox2d": [
        [
          462,
          93,
          178,
          245
        ],
        [
          267,
          73,
          373,
          266
        ],
        [
          50,
          74,
          590,
          207
        ],
        [
          0,
          80,
          414,
          257
        ],
        [
          0,
          196,
          214,
          147
        ],
        [
          489,
          314,
          151,
          166
        ],
        [
          259,
          299,
          381,
          181
        ],
        [
          40,
          300,
          600,
          180
        ],
        [
          0,
          306,
          425,
          174
        ],
        [
          94,
          425,
          108,
          55
        ]
      ]
    },
    "133": {
      "name": "kitchen#cabinet",
      "visible_pos": [
        0,
        7,
        8,
        9,
        10,
        11,
        20,
        22,
        23
      ],
      "bbox2d": [
        [
          0,
          358,
          50,
          122
        ],
        [
          447,
          245,
          193,
          235
        ],
        [
          268,
          233,
          372,
          247
        ],
        [
          53,
          274,
          587,
          169
        ],
        [
          0,
          210,
          417,
          270
        ],
        [
          0,
          212,
          230,
          268
        ],
        [
          260,
          470,
          14,
          10
        ],
        [
          377,
          442,
          52,
          38
        ],
        [
          179,
          445,
          27,
          35
        ]
      ]
    },
    "162": {
      "name": "sink",
      "visible_pos": [
        8,
        9,
        10,
        20,
        21,
        22
      ],
      "bbox2d": [
        [
          416,
          204,
          96,
          68
        ],
        [
          226,
          197,
          80,
          56
        ],
        [
          0,
          233,
          97,
          78
        ],
        [
          444,
          434,
          96,
          46
        ],
        [
          221,
          425,
          83,
          55
        ],
        [
          0,
          470,
          57,
          10
        ]
      ]
    },
    "165": {
      "name": "picture",
      "visible_pos": [
        1,
        2,
        3,
        4,
        5,
        13,
        14,
        15,
        16,
        17,
        25,
        26,
        27,
        28,
        29
      ],
      "bbox2d": [
        [
          444,
          0,
          196,
          293
        ],
        [
          209,
          0,
          431,
          282
        ],
        [
          0,
          0,
          563,
          239
        ],
        [
          0,
          0,
          297,
          293
        ],
        [
          0,
          0,
          83,
          278
        ],
        [
          426,
          0,
          214,
          480
        ],
        [
          203,
          0,
          437,
          480
        ],
        [
          0,
          14,
          560,
          465
        ],
        [
          0,
          0,
          320,
          480
        ],
        [
          0,
          0,
          80,
          480
        ],
        [
          421,
          202,
          219,
          278
        ],
        [
          207,
          199,
          433,
          281
        ],
        [
          0,
          248,
          564,
          232
        ],
        [
          0,
          202,
          320,
          278
        ],
        [
          0,
          211,
          102,
          269
        ]
      ]
    },
    "74": {
      "name": "window#frame",
      "visible_pos": [],
      "bbox2d": []
    },
    "108": {
      "name": "cabinet",
      "visible_pos": [],
      "bbox2d": []
    }
  }
}