{
  "f938e19896a6413da590ef3e9e055b95": {
    "1088": {
      "name": "frame",
      "visible_pos": [
        3,
        4,
        5,
        6,
        15,
        16,
        17,
        18,
        27,
        28,
        29,
        30
      ],
      "bbox2d": [
        [
          583,
          0,
          57,
          45
        ],
        [
          316,
          0,
          274,
          67
        ],
        [
          39,
          0,
          276,
          60
        ],
        [
          0,
          0,
          52,
          70
        ],
        [
          555,
          48,
          85,
          233
        ],
        [
          316,
          0,
          263,
          294
        ],
        [
          75,
          16,
          259,
          272
        ],
        [
          0,
          0,
          98,
          296
        ],
        [
          550,
          254,
          90,
          226
        ],
        [
          316,
          226,
          274,
          254
        ],
        [
          39,
          252,
          293,
          228
        ],
        [
          0,
          223,
          127,
          257
        ]
      ]
    },
    "1082": {
      "name": "curtain",
      "visible_pos": [],
      "bbox2d": []
    }
  }
}