{
  "8e05a52536d6480c8b3ccea3332e8d39": {
    "356": {
      "name": "stove#hood",
      "visible_pos": [
        12,
        13,
        14,
        24,
        25,
        26
      ],
      "bbox2d": [
        [
          546,
          180,
          38,
          16
        ],
        [
          310,
          188,
          28,
          15
        ],
        [
          66,
          179,
          37,
          19
        ],
        [
          562,
          407,
          44,
          18
        ],
        [
          309,
          415,
          30,
          18
        ],
        [
          50,
          405,
          34,
          22
        ]
      ]
    },
    "361": {
      "name": "counter",
      "visible_pos": [],
      "bbox2d": []
    },
    "362": {
      "name": "microwave",
      "visible_pos": [
        4,
        5,
        6,
        16,
        17,
        18
      ],
      "bbox2d": [
        [
          435,
          92,
          205,
          226
        ],
        [
          253,
          76,
          128,
          232
        ],
        [
          2,
          82,
          163,
          279
        ],
        [
          475,
          316,
          165,
          164
        ],
        [
          250,
          302,
          132,
          178
        ],
        [
          0,
          307,
          156,
          173
        ]
      ]
    },
    "389": {
      "name": "sink",
      "visible_pos": [
        0,
        9,
        10,
        11,
        12,
        21,
        22,
        23
      ],
      "bbox2d": [
        [
          0,
          180,
          158,
          97
        ],
        [
          604,
          189,
          36,
          71
        ],
        [
          370,
          142,
          242,
          106
        ],
        [
          161,
          147,
          211,
          87
        ],
        [
          0,
          404,
          148,
          76
        ],
        [
          638,
          451,
          2,
          2
        ],
        [
          374,
          365,
          266,
          115
        ],
        [
          147,
          370,
          228,
          102
        ]
      ]
    },
    "391": {
      "name": "microwave",
      "visible_pos": [],
      "bbox2d": []
    },
    "398": {
      "name": "stove",
      "visible_pos": [
        0,
        1,
        2,
        3,
        12,
        13,
        14,
        15
      ],
      "bbox2d": [
        [
          444,
          146,
          196,
          178
        ],
        [
          228,
          126,
          271,
          145
        ],
        [
          0,
          138,
          292,
          144
        ],
        [
          0,
          208,
          77,
          114
        ],
        [
          449,
          369,
          191,
          111
        ],
        [
          225,
          348,
          295,
          132
        ],
        [
          0,
          362,
          288,
          118
        ],
        [
          0,
          439,
          36,
          41
        ]
      ]
    },
    "399": {
      "name": "cabinet",
      "visible_pos": [],
      "bbox2d": []
    },
    "401": {
      "name": "kitchen#counter",
      "visible_pos": [
        0,
        1,
        2,
        3,
        4,
        5,
        6,
        11,
        12,
        13
      ],
      "bbox2d": [
        [
          384,
          107,
          256,
          373
        ],
        [
          168,
          111,
          429,
          369
        ],
        [
          0,
          226,
          620,
          254
        ],
        [
          0,
          374,
          607,
          106
        ],
        [
          25,
          316,
          382,
          164
        ],
        [
          42,
          316,
          220,
          164
        ],
        [
          0,
          385,
          96,
          95
        ],
        [
          610,
          211,
          30,
          269
        ],
        [
          392,
          330,
          116,
          150
        ],
        [
          167,
          333,
          133,
          147
        ]
      ]
    },
    "405": {
      "name": "countertop",
      "visible_pos": [
        0,
        1,
        2,
        3,
        4,
        5,
        6,
        12,
        13,
        14,
        15,
        16,
        17
      ],
      "bbox2d": [
        [
          394,
          94,
          246,
          352
        ],
        [
          164,
          94,
          476,
          386
        ],
        [
          0,
          147,
          640,
          333
        ],
        [
          0,
          219,
          607,
          177
        ],
        [
          0,
          204,
          406,
          276
        ],
        [
          0,
          237,
          233,
          243
        ],
        [
          0,
          382,
          31,
          41
        ],
        [
          392,
          318,
          179,
          162
        ],
        [
          168,
          318,
          352,
          162
        ],
        [
          0,
          371,
          504,
          109
        ],
        [
          224,
          453,
          308,
          27
        ],
        [
          223,
          435,
          100,
          45
        ],
        [
          28,
          476,
          13,
          4
        ]
      ]
    },
    "420": {
      "name": "sink",
      "visible_pos": [
        0,
        10,
        11,
        12,
        22,
        23
      ],
      "bbox2d": [
        [
          11,
          168,
          147,
          52
        ],
        [
          465,
          162,
          150,
          56
        ],
        [
          254,
          147,
          120,
          48
        ],
        [
          0,
          393,
          149,
          60
        ],
        [
          475,
          387,
          165,
          65
        ],
        [
          250,
          371,
          126,
          52
        ]
      ]
    },
    "422": {
      "name": "toaster",
      "visible_pos": [
        2,
        3,
        4,
        5,
        14,
        15,
        16
      ],
      "bbox2d": [
        [
          509,
          200,
          131,
          151
        ],
        [
          314,
          177,
          120,
          109
        ],
        [
          105,
          185,
          139,
          120
        ],
        [
          0,
          272,
          30,
          82
        ],
        [
          552,
          429,
          88,
          51
        ],
        [
          313,
          402,
          136,
          78
        ],
        [
          72,
          412,
          154,
          68
        ]
      ]
    },
    "423": {
      "name": "shelf",
      "visible_pos": [
        4,
        5,
        6,
        16,
        17,
        18,
        28,
        29,
        30
      ],
      "bbox2d": [
        [
          488,
          0,
          152,
          98
        ],
        [
          246,
          0,
          110,
          89
        ],
        [
          0,
          0,
          110,
          105
        ],
        [
          472,
          164,
          135,
          158
        ],
        [
          248,
          172,
          105,
          142
        ],
        [
          0,
          160,
          123,
          168
        ],
        [
          483,
          388,
          157,
          92
        ],
        [
          242,
          398,
          109,
          82
        ],
        [
          0,
          384,
          99,
          96
        ]
      ]
    },
    "435": {
      "name": "vase",
      "visible_pos": [
        4,
        5,
        16,
        17,
        18,
        28,
        29
      ],
      "bbox2d": [
        [
          486,
          0,
          38,
          64
        ],
        [
          234,
          0,
          28,
          61
        ],
        [
          470,
          155,
          27,
          137
        ],
        [
          246,
          159,
          23,
          131
        ],
        [
          0,
          220,
          7,
          44
        ],
        [
          478,
          379,
          45,
          101
        ],
        [
          234,
          384,
          27,
          96
        ]
      ]
    },
    "447": {
      "name": "faucet",
      "visible_pos": [
        10,
        11,
        22,
        23
      ],
      "bbox2d": [
        [
          392,
          144,
          1,
          1
        ],
        [
          173,
          149,
          1,
          1
        ],
        [
          394,
          366,
          1,
          1
        ],
        [
          169,
          371,
          2,
          3
        ]
      ]
    },
    "345": {
      "name": "cabinet",
      "visible_pos": [],
      "bbox2d": []
    },
    "382": {
      "name": "cabinet",
      "visible_pos": [],
      "bbox2d": []
    },
    "386": {
      "name": "cabinet",
      "visible_pos": [],
      "bbox2d": []
    }
  }
}