{
  "bc8ddbf1b6254074842fba693e7f81d1": {
    "827": {
      "name": "toilet",
      "visible_pos": [
        4,
        5,
        6,
        7
      ],
      "bbox2d": [
        [
          428,
          319,
          212,
          161
        ],
        [
          278,
          281,
          236,
          199
        ],
        [
          130,
          298,
          204,
          182
        ],
        [
          0,
          334,
          168,
          146
        ]
      ]
    },
    "855": {
      "name": "toilet#paper",
      "visible_pos": [
        3,
        4,
        5
      ],
      "bbox2d": [
        [
          429,
          397,
          70,
          58
        ],
        [
          278,
          361,
          64,
          68
        ],
        [
          118,
          391,
          74,
          84
        ]
      ]
    },
    "833": {
      "name": "window",
      "visible_pos": [],
      "bbox2d": []
    }
  }
}