{
  "df42352940c8404e955eafca30659120": {
    "1303": {
      "name": "window",
      "visible_pos": [
        2,
        3,
        4,
        5,
        14,
        15,
        16,
        17,
        25,
        26,
        27,
        28,
        29
      ],
      "bbox2d": [
        [
          509,
          0,
          131,
          4
        ],
        [
          248,
          0,
          314,
          4
        ],
        [
          29,
          0,
          264,
          4
        ],
        [
          2,
          0,
          5,
          4
        ],
        [
          407,
          0,
          233,
          243
        ],
        [
          183,
          0,
          416,
          243
        ],
        [
          0,
          0,
          348,
          243
        ],
        [
          0,
          0,
          116,
          243
        ],
        [
          557,
          0,
          83,
          236
        ],
        [
          382,
          0,
          258,
          480
        ],
        [
          170,
          89,
          444,
          391
        ],
        [
          0,
          21,
          349,
          459
        ],
        [
          0,
          0,
          161,
          480
        ]
      ]
    }
  }
}