{
  "f4ccaa94abf4445cb445dec358641b92": {
    "453": {
      "name": "window",
      "visible_pos": [],
      "bbox2d": []
    },
    "456": {
      "name": "curtain",
      "visible_pos": [
        24,
        25,
        26,
        27,
        33,
        34,
        35
      ],
      "bbox2d": [
        [
          11,
          0,
          590,
          54
        ],
        [
          288,
          0,
          131,
          122
        ],
        [
          146,
          0,
          125,
          125
        ],
        [
          26,
          0,
          89,
          59
        ],
        [
          517,
          0,
          85,
          79
        ],
        [
          357,
          0,
          117,
          138
        ],
        [
          206,
          0,
          124,
          130
        ]
      ]
    },
    "466": {
      "name": "picture",
      "visible_pos": [
        0,
        1,
        2,
        11,
        12,
        13,
        14,
        15,
        23,
        24,
        25,
        26,
        27,
        35
      ],
      "bbox2d": [
        [
          337,
          0,
          303,
          221
        ],
        [
          86,
          0,
          414,
          234
        ],
        [
          0,
          0,
          249,
          266
        ],
        [
          561,
          13,
          79,
          257
        ],
        [
          338,
          0,
          302,
          456
        ],
        [
          103,
          0,
          397,
          472
        ],
        [
          0,
          0,
          272,
          480
        ],
        [
          0,
          0,
          11,
          12
        ],
        [
          585,
          0,
          55,
          480
        ],
        [
          335,
          165,
          305,
          315
        ],
        [
          80,
          159,
          420,
          321
        ],
        [
          0,
          86,
          276,
          394
        ],
        [
          0,
          174,
          52,
          117
        ],
        [
          530,
          95,
          110,
          370
        ]
      ]
    },
    "451": {
      "name": "staircase#railing",
      "visible_pos": [],
      "bbox2d": []
    },
    "458": {
      "name": "picture",
      "visible_pos": [],
      "bbox2d": []
    }
  }
}