{
  "5b675b784ddb4d139292098349c8a76c": {
    "616": {
      "name": "table",
      "visible_pos": [
        0,
        1,
        9,
        10,
        11,
        12,
        22,
        23
      ],
      "bbox2d": [
        [
          0,
          145,
          232,
          335
        ],
        [
          0,
          294,
          18,
          98
        ],
        [
          430,
          258,
          210,
          222
        ],
        [
          278,
          157,
          362,
          323
        ],
        [
          88,
          135,
          341,
          345
        ],
        [
          0,
          368,
          219,
          112
        ],
        [
          300,
          380,
          340,
          100
        ],
        [
          142,
          358,
          300,
          122
        ]
      ]
    },
    "642": {
      "name": "plant",
      "visible_pos": [
        0,
        10,
        11,
        12,
        22,
        23
      ],
      "bbox2d": [
        [
          0,
          89,
          89,
          125
        ],
        [
          484,
          83,
          88,
          123
        ],
        [
          254,
          76,
          73,
          110
        ],
        [
          0,
          314,
          89,
          132
        ],
        [
          483,
          308,
          86,
          129
        ],
        [
          257,
          302,
          70,
          112
        ]
      ]
    },
    "645": {
      "name": "couch",
      "visible_pos": [
        0,
        1,
        2,
        3,
        4,
        11,
        12,
        13,
        14,
        15
      ],
      "bbox2d": [
        [
          401,
          128,
          239,
          352
        ],
        [
          192,
          122,
          448,
          336
        ],
        [
          0,
          165,
          465,
          292
        ],
        [
          0,
          197,
          266,
          283
        ],
        [
          0,
          240,
          51,
          240
        ],
        [
          630,
          255,
          10,
          225
        ],
        [
          407,
          351,
          233,
          129
        ],
        [
          184,
          345,
          298,
          135
        ],
        [
          0,
          407,
          485,
          73
        ],
        [
          180,
          426,
          79,
          54
        ]
      ]
    },
    "664": {
      "name": "pillow",
      "visible_pos": [
        0,
        1,
        2,
        3,
        12,
        13,
        14
      ],
      "bbox2d": [
        [
          457,
          200,
          129,
          54
        ],
        [
          252,
          191,
          171,
          71
        ],
        [
          18,
          220,
          217,
          41
        ],
        [
          1,
          312,
          13,
          12
        ],
        [
          469,
          429,
          145,
          51
        ],
        [
          246,
          420,
          126,
          33
        ],
        [
          103,
          454,
          41,
          11
        ]
      ]
    },
    "665": {
      "name": "pillow",
      "visible_pos": [
        1,
        2,
        3,
        13,
        14,
        15
      ],
      "bbox2d": [
        [
          431,
          211,
          209,
          94
        ],
        [
          250,
          173,
          156,
          112
        ],
        [
          44,
          178,
          164,
          164
        ],
        [
          488,
          445,
          152,
          35
        ],
        [
          256,
          398,
          159,
          82
        ],
        [
          53,
          404,
          140,
          76
        ]
      ]
    },
    "666": {
      "name": "pillow",
      "visible_pos": [
        0,
        1,
        2,
        3,
        12,
        13,
        14
      ],
      "bbox2d": [
        [
          471,
          194,
          169,
          168
        ],
        [
          264,
          183,
          168,
          108
        ],
        [
          31,
          216,
          220,
          72
        ],
        [
          0,
          305,
          47,
          55
        ],
        [
          486,
          423,
          129,
          57
        ],
        [
          260,
          410,
          177,
          70
        ],
        [
          0,
          449,
          215,
          31
        ]
      ]
    },
    "670": {
      "name": "decorative#object",
      "visible_pos": [
        0,
        10,
        11,
        22,
        23
      ],
      "bbox2d": [
        [
          0,
          240,
          22,
          47
        ],
        [
          411,
          194,
          38,
          42
        ],
        [
          212,
          191,
          36,
          43
        ],
        [
          423,
          422,
          41,
          53
        ],
        [
          200,
          419,
          40,
          53
        ]
      ]
    },
    "624": {
      "name": "piano",
      "visible_pos": [],
      "bbox2d": []
    }
  }
}