{
  "e0047ba33fdb49c499dab9d25da633a8": {
    "1306": {
      "name": "chest",
      "visible_pos": [
        3,
        4,
        5,
        6,
        7,
        8,
        15,
        16,
        17,
        18
      ],
      "bbox2d": [
        [
          470,
          226,
          170,
          254
        ],
        [
          293,
          180,
          347,
          300
        ],
        [
          78,
          184,
          562,
          296
        ],
        [
          0,
          218,
          451,
          262
        ],
        [
          0,
          324,
          290,
          156
        ],
        [
          0,
          380,
          142,
          100
        ],
        [
          521,
          461,
          76,
          19
        ],
        [
          289,
          406,
          333,
          74
        ],
        [
          45,
          411,
          355,
          69
        ],
        [
          45,
          451,
          117,
          29
        ]
      ]
    }
  }
}