{
  "cc7ea01bcb0b4d358b8b34625e11d843": {
    "1500": {
      "name": "clothes",
      "visible_pos": [
        7,
        8,
        9,
        19,
        20,
        21,
        31,
        32,
        33
      ],
      "bbox2d": [
        [
          470,
          0,
          170,
          297
        ],
        [
          227,
          0,
          132,
          272
        ],
        [
          0,
          0,
          151,
          308
        ],
        [
          458,
          121,
          151,
          359
        ],
        [
          235,
          138,
          120,
          342
        ],
        [
          0,
          123,
          124,
          357
        ],
        [
          483,
          343,
          157,
          137
        ],
        [
          230,
          361,
          127,
          119
        ],
        [
          0,
          346,
          105,
          134
        ]
      ]
    },
    "1502": {
      "name": "clothes#hangers",
      "visible_pos": [
        3,
        4,
        5,
        6,
        7,
        16
      ],
      "bbox2d": [
        [
          517,
          267,
          123,
          213
        ],
        [
          329,
          233,
          252,
          234
        ],
        [
          133,
          251,
          260,
          159
        ],
        [
          0,
          334,
          230,
          106
        ],
        [
          0,
          414,
          52,
          66
        ],
        [
          334,
          471,
          22,
          9
        ]
      ]
    },
    "1505": {
      "name": "clothes#hangers",
      "visible_pos": [
        18,
        19,
        20,
        29,
        30,
        31,
        32
      ],
      "bbox2d": [
        [
          382,
          0,
          158,
          172
        ],
        [
          156,
          0,
          149,
          173
        ],
        [
          0,
          0,
          59,
          157
        ],
        [
          573,
          147,
          67,
          114
        ],
        [
          371,
          199,
          174,
          198
        ],
        [
          163,
          189,
          141,
          209
        ],
        [
          0,
          220,
          75,
          160
        ]
      ]
    },
    "1506": {
      "name": "clothes",
      "visible_pos": [
        12,
        13,
        14,
        23,
        24,
        25,
        26,
        27,
        35
      ],
      "bbox2d": [
        [
          310,
          0,
          330,
          58
        ],
        [
          66,
          0,
          378,
          151
        ],
        [
          0,
          0,
          221,
          152
        ],
        [
          546,
          0,
          94,
          12
        ],
        [
          311,
          181,
          329,
          106
        ],
        [
          99,
          167,
          345,
          210
        ],
        [
          0,
          103,
          233,
          275
        ],
        [
          0,
          194,
          1,
          2
        ],
        [
          513,
          123,
          127,
          126
        ]
      ]
    },
    "1507": {
      "name": "clothes",
      "visible_pos": [
        5,
        6,
        7,
        8,
        9
      ],
      "bbox2d": [
        [
          596,
          405,
          3,
          2
        ],
        [
          366,
          375,
          274,
          105
        ],
        [
          231,
          292,
          271,
          188
        ],
        [
          43,
          284,
          292,
          196
        ],
        [
          0,
          337,
          179,
          143
        ]
      ]
    },
    "1510": {
      "name": "clothes",
      "visible_pos": [
        3,
        4,
        5,
        6,
        7
      ],
      "bbox2d": [
        [
          472,
          377,
          135,
          103
        ],
        [
          329,
          326,
          280,
          154
        ],
        [
          177,
          340,
          302,
          140
        ],
        [
          0,
          377,
          333,
          103
        ],
        [
          51,
          412,
          139,
          68
        ]
      ]
    },
    "1511": {
      "name": "clothes",
      "visible_pos": [
        0,
        1,
        2,
        3
      ],
      "bbox2d": [
        [
          423,
          349,
          173,
          131
        ],
        [
          290,
          301,
          113,
          179
        ],
        [
          154,
          308,
          106,
          172
        ],
        [
          0,
          382,
          86,
          98
        ]
      ]
    },
    "1513": {
      "name": "stuffed#animals",
      "visible_pos": [
        1,
        2,
        3,
        4,
        5,
        13,
        14,
        15,
        16
      ],
      "bbox2d": [
        [
          494,
          144,
          146,
          285
        ],
        [
          301,
          126,
          339,
          311
        ],
        [
          80,
          139,
          382,
          210
        ],
        [
          0,
          138,
          282,
          276
        ],
        [
          0,
          208,
          99,
          225
        ],
        [
          532,
          367,
          108,
          113
        ],
        [
          298,
          348,
          342,
          132
        ],
        [
          51,
          362,
          424,
          118
        ],
        [
          0,
          361,
          253,
          119
        ]
      ]
    },
    "1514": {
      "name": "clothes#container",
      "visible_pos": [
        0,
        1,
        2,
        11
      ],
      "bbox2d": [
        [
          290,
          294,
          200,
          186
        ],
        [
          144,
          289,
          188,
          191
        ],
        [
          0,
          347,
          177,
          133
        ],
        [
          429,
          344,
          211,
          136
        ]
      ]
    },
    "1515": {
      "name": "clothes",
      "visible_pos": [
        27,
        28,
        29,
        30
      ],
      "bbox2d": [
        [
          529,
          0,
          111,
          176
        ],
        [
          342,
          56,
          179,
          158
        ],
        [
          155,
          101,
          199,
          94
        ],
        [
          0,
          31,
          194,
          75
        ]
      ]
    },
    "1517": {
      "name": "stuffed#animals",
      "visible_pos": [
        20,
        28,
        29,
        30,
        31,
        32,
        33
      ],
      "bbox2d": [
        [
          324,
          0,
          32,
          10
        ],
        [
          497,
          0,
          94,
          64
        ],
        [
          337,
          0,
          284,
          111
        ],
        [
          180,
          3,
          460,
          141
        ],
        [
          19,
          0,
          541,
          217
        ],
        [
          44,
          0,
          310,
          247
        ],
        [
          0,
          0,
          161,
          227
        ]
      ]
    },
    "1518": {
      "name": "stuffed#animals",
      "visible_pos": [
        19,
        20,
        21,
        29,
        30,
        31,
        32,
        33
      ],
      "bbox2d": [
        [
          296,
          0,
          291,
          119
        ],
        [
          129,
          0,
          210,
          137
        ],
        [
          0,
          0,
          105,
          125
        ],
        [
          550,
          60,
          90,
          100
        ],
        [
          374,
          115,
          266,
          110
        ],
        [
          200,
          110,
          378,
          233
        ],
        [
          0,
          21,
          338,
          339
        ],
        [
          0,
          99,
          127,
          249
        ]
      ]
    },
    "1520": {
      "name": "clothes#hangers",
      "visible_pos": [
        5,
        6,
        7,
        8
      ],
      "bbox2d": [
        [
          517,
          400,
          123,
          80
        ],
        [
          363,
          335,
          90,
          145
        ],
        [
          211,
          330,
          101,
          140
        ],
        [
          13,
          386,
          157,
          94
        ]
      ]
    },
    "1522": {
      "name": "wardrobe#rod",
      "visible_pos": [
        3,
        4,
        5,
        6,
        7,
        16,
        17
      ],
      "bbox2d": [
        [
          551,
          240,
          89,
          128
        ],
        [
          343,
          206,
          297,
          228
        ],
        [
          142,
          221,
          360,
          169
        ],
        [
          0,
          298,
          325,
          61
        ],
        [
          0,
          332,
          155,
          109
        ],
        [
          346,
          437,
          76,
          43
        ],
        [
          115,
          456,
          70,
          24
        ]
      ]
    },
    "1523": {
      "name": "stuffed#animal",
      "visible_pos": [
        15,
        16,
        17,
        27,
        28,
        29
      ],
      "bbox2d": [
        [
          569,
          0,
          71,
          75
        ],
        [
          327,
          1,
          119,
          99
        ],
        [
          89,
          0,
          133,
          81
        ],
        [
          539,
          184,
          101,
          117
        ],
        [
          326,
          240,
          105,
          83
        ],
        [
          107,
          222,
          126,
          84
        ]
      ]
    },
    "1524": {
      "name": "stuffed#animal",
      "visible_pos": [
        16,
        17,
        18,
        28,
        29,
        30,
        31
      ],
      "bbox2d": [
        [
          486,
          0,
          87,
          27
        ],
        [
          260,
          0,
          156,
          46
        ],
        [
          26,
          0,
          164,
          15
        ],
        [
          446,
          41,
          194,
          219
        ],
        [
          267,
          71,
          248,
          205
        ],
        [
          47,
          111,
          296,
          140
        ],
        [
          0,
          30,
          180,
          153
        ]
      ]
    },
    "1526": {
      "name": "wardrobe#rod",
      "visible_pos": [
        5,
        6,
        7,
        8,
        9,
        19,
        20,
        21
      ],
      "bbox2d": [
        [
          558,
          369,
          82,
          58
        ],
        [
          376,
          313,
          137,
          30
        ],
        [
          207,
          219,
          295,
          132
        ],
        [
          0,
          201,
          296,
          237
        ],
        [
          44,
          233,
          36,
          46
        ],
        [
          484,
          453,
          42,
          27
        ],
        [
          256,
          433,
          37,
          40
        ],
        [
          38,
          469,
          5,
          11
        ]
      ]
    },
    "1527": {
      "name": "light",
      "visible_pos": [
        24
      ],
      "bbox2d": [
        [
          297,
          0,
          15,
          1
        ]
      ]
    },
    "1528": {
      "name": "wardrobe#rod",
      "visible_pos": [
        12,
        13,
        23,
        24,
        25,
        35
      ],
      "bbox2d": [
        [
          225,
          90,
          47,
          14
        ],
        [
          0,
          55,
          11,
          11
        ],
        [
          448,
          79,
          52,
          19
        ],
        [
          228,
          315,
          46,
          13
        ],
        [
          0,
          278,
          34,
          16
        ],
        [
          442,
          305,
          49,
          17
        ]
      ]
    },
    "1529": {
      "name": "wardrobe#rod",
      "visible_pos": [
        0,
        1,
        11
      ],
      "bbox2d": [
        [
          244,
          267,
          34,
          11
        ],
        [
          30,
          311,
          46,
          21
        ],
        [
          428,
          274,
          36,
          15
        ]
      ]
    },
    "1530": {
      "name": "wardrobe#rod",
      "visible_pos": [
        0,
        1,
        11
      ],
      "bbox2d": [
        [
          325,
          256,
          51,
          31
        ],
        [
          135,
          279,
          57,
          34
        ],
        [
          515,
          287,
          65,
          45
        ]
      ]
    },
    "1497": {
      "name": "clothes",
      "visible_pos": [],
      "bbox2d": []
    },
    "1509": {
      "name": "wardrobe",
      "visible_pos": [],
      "bbox2d": []
    }
  }
}