{
  "b5eb339610b9408e9c4bfe0c7bf64d13": {
    "277": {
      "name": "dining#chair",
      "visible_pos": [
        2,
        3,
        4,
        5,
        14,
        15,
        16
      ],
      "bbox2d": [
        [
          495,
          197,
          99,
          222
        ],
        [
          300,
          169,
          75,
          207
        ],
        [
          86,
          183,
          115,
          217
        ],
        [
          0,
          462,
          6,
          10
        ],
        [
          531,
          426,
          105,
          54
        ],
        [
          297,
          394,
          86,
          86
        ],
        [
          50,
          410,
          104,
          70
        ]
      ]
    },
    "286": {
      "name": "dining#table",
      "visible_pos": [
        2,
        3,
        4,
        5,
        6,
        7,
        15,
        16,
        17,
        18
      ],
      "bbox2d": [
        [
          566,
          271,
          74,
          149
        ],
        [
          366,
          194,
          274,
          286
        ],
        [
          181,
          171,
          441,
          285
        ],
        [
          0,
          176,
          397,
          257
        ],
        [
          0,
          205,
          227,
          275
        ],
        [
          0,
          372,
          39,
          108
        ],
        [
          393,
          423,
          247,
          57
        ],
        [
          174,
          396,
          466,
          84
        ],
        [
          0,
          401,
          402,
          79
        ],
        [
          0,
          435,
          177,
          45
        ]
      ]
    },
    "291": {
      "name": "chandelier",
      "visible_pos": [
        15,
        16,
        17,
        27,
        28,
        29
      ],
      "bbox2d": [
        [
          457,
          72,
          183,
          105
        ],
        [
          234,
          90,
          212,
          96
        ],
        [
          0,
          60,
          223,
          120
        ],
        [
          457,
          299,
          183,
          104
        ],
        [
          234,
          314,
          216,
          99
        ],
        [
          0,
          288,
          220,
          118
        ]
      ]
    },
    "306": {
      "name": "dining#chair",
      "visible_pos": [
        4,
        5,
        6,
        7
      ],
      "bbox2d": [
        [
          371,
          406,
          269,
          74
        ],
        [
          237,
          272,
          256,
          208
        ],
        [
          142,
          254,
          166,
          226
        ],
        [
          16,
          292,
          111,
          188
        ]
      ]
    },
    "309": {
      "name": "dining#chair",
      "visible_pos": [
        4,
        5,
        6,
        16,
        17,
        18
      ],
      "bbox2d": [
        [
          550,
          157,
          90,
          157
        ],
        [
          332,
          134,
          97,
          125
        ],
        [
          119,
          145,
          98,
          118
        ],
        [
          578,
          380,
          62,
          100
        ],
        [
          333,
          357,
          102,
          123
        ],
        [
          98,
          369,
          114,
          111
        ]
      ]
    },
    "311": {
      "name": "flower",
      "visible_pos": [
        3,
        4,
        5,
        15,
        16,
        17
      ],
      "bbox2d": [
        [
          582,
          140,
          58,
          143
        ],
        [
          349,
          115,
          81,
          122
        ],
        [
          125,
          121,
          84,
          127
        ],
        [
          601,
          362,
          39,
          110
        ],
        [
          350,
          338,
          81,
          138
        ],
        [
          118,
          344,
          90,
          136
        ]
      ]
    },
    "314": {
      "name": "dining#chair",
      "visible_pos": [
        2,
        3,
        4,
        5,
        6
      ],
      "bbox2d": [
        [
          523,
          291,
          117,
          189
        ],
        [
          330,
          257,
          210,
          223
        ],
        [
          139,
          278,
          352,
          202
        ],
        [
          0,
          370,
          338,
          110
        ],
        [
          93,
          412,
          95,
          68
        ]
      ]
    }
  }
}