{
  "d043cf12476c4e8088eae6cef0c2f8e6": {
    "289": {
      "name": "window",
      "visible_pos": [
        0,
        1,
        2,
        3,
        4,
        5,
        12,
        13,
        14,
        15,
        16,
        17,
        24,
        25,
        26,
        27,
        28,
        29
      ],
      "bbox2d": [
        [
          482,
          0,
          158,
          220
        ],
        [
          251,
          0,
          389,
          316
        ],
        [
          0,
          0,
          640,
          321
        ],
        [
          140,
          0,
          423,
          276
        ],
        [
          0,
          0,
          306,
          318
        ],
        [
          0,
          0,
          106,
          320
        ],
        [
          483,
          0,
          157,
          451
        ],
        [
          257,
          0,
          289,
          409
        ],
        [
          0,
          0,
          500,
          480
        ],
        [
          0,
          0,
          539,
          480
        ],
        [
          0,
          0,
          304,
          480
        ],
        [
          0,
          0,
          58,
          480
        ],
        [
          478,
          144,
          162,
          336
        ],
        [
          251,
          42,
          389,
          438
        ],
        [
          0,
          59,
          640,
          421
        ],
        [
          0,
          144,
          563,
          336
        ],
        [
          0,
          59,
          319,
          421
        ],
        [
          0,
          43,
          136,
          437
        ]
      ]
    },
    "299": {
      "name": "staircase",
      "visible_pos": [
        0,
        1,
        7,
        8,
        9,
        10,
        12,
        13,
        19,
        20,
        21,
        22
      ],
      "bbox2d": [
        [
          396,
          90,
          57,
          57
        ],
        [
          162,
          91,
          64,
          54
        ],
        [
          460,
          118,
          180,
          362
        ],
        [
          291,
          69,
          349,
          411
        ],
        [
          103,
          58,
          283,
          422
        ],
        [
          18,
          63,
          178,
          218
        ],
        [
          393,
          315,
          86,
          55
        ],
        [
          168,
          315,
          58,
          53
        ],
        [
          580,
          336,
          60,
          144
        ],
        [
          319,
          296,
          321,
          184
        ],
        [
          99,
          286,
          292,
          194
        ],
        [
          1,
          291,
          165,
          189
        ]
      ]
    },
    "346": {
      "name": "light",
      "visible_pos": [],
      "bbox2d": []
    }
  }
}