{
  "a02f768761d14d1db183dfdb4929da55": {
    "60": {
      "name": "shelf",
      "visible_pos": [
        4,
        5,
        6,
        7,
        16,
        17,
        18,
        19
      ],
      "bbox2d": [
        [
          486,
          124,
          154,
          353
        ],
        [
          309,
          91,
          212,
          297
        ],
        [
          73,
          90,
          218,
          296
        ],
        [
          0,
          107,
          111,
          373
        ],
        [
          545,
          347,
          95,
          133
        ],
        [
          309,
          316,
          205,
          164
        ],
        [
          65,
          315,
          219,
          165
        ],
        [
          0,
          331,
          29,
          149
        ]
      ]
    },
    "64": {
      "name": "pillow",
      "visible_pos": [
        8,
        9,
        10,
        11,
        21,
        22,
        23
      ],
      "bbox2d": [
        [
          568,
          261,
          72,
          203
        ],
        [
          368,
          203,
          144,
          173
        ],
        [
          181,
          204,
          127,
          171
        ],
        [
          0,
          236,
          107,
          215
        ],
        [
          392,
          434,
          146,
          46
        ],
        [
          172,
          435,
          135,
          45
        ],
        [
          37,
          474,
          9,
          6
        ]
      ]
    },
    "66": {
      "name": "picture",
      "visible_pos": [
        0,
        1,
        11,
        12,
        13,
        14,
        23,
        24,
        25,
        26,
        35
      ],
      "bbox2d": [
        [
          208,
          0,
          304,
          64
        ],
        [
          0,
          0,
          254,
          72
        ],
        [
          457,
          0,
          183,
          75
        ],
        [
          217,
          0,
          289,
          292
        ],
        [
          0,
          0,
          277,
          299
        ],
        [
          0,
          0,
          20,
          100
        ],
        [
          440,
          0,
          200,
          302
        ],
        [
          207,
          198,
          305,
          282
        ],
        [
          0,
          156,
          281,
          324
        ],
        [
          0,
          134,
          68,
          209
        ],
        [
          422,
          138,
          218,
          342
        ]
      ]
    },
    "69": {
      "name": "pillow",
      "visible_pos": [
        0,
        9,
        10,
        11,
        12,
        21,
        22,
        23
      ],
      "bbox2d": [
        [
          0,
          227,
          187,
          218
        ],
        [
          537,
          192,
          103,
          211
        ],
        [
          332,
          161,
          260,
          278
        ],
        [
          130,
          171,
          244,
          229
        ],
        [
          84,
          464,
          71,
          16
        ],
        [
          615,
          420,
          25,
          60
        ],
        [
          332,
          385,
          236,
          95
        ],
        [
          115,
          396,
          266,
          84
        ]
      ]
    },
    "74": {
      "name": "pillow",
      "visible_pos": [
        0,
        9,
        10,
        11,
        22
      ],
      "bbox2d": [
        [
          0,
          350,
          156,
          130
        ],
        [
          442,
          243,
          198,
          237
        ],
        [
          272,
          221,
          230,
          259
        ],
        [
          69,
          251,
          258,
          229
        ],
        [
          290,
          455,
          46,
          25
        ]
      ]
    },
    "76": {
      "name": "picture",
      "visible_pos": [
        4,
        5,
        6,
        16,
        17,
        18,
        28,
        29,
        30
      ],
      "bbox2d": [
        [
          603,
          0,
          37,
          66
        ],
        [
          335,
          0,
          72,
          55
        ],
        [
          63,
          0,
          89,
          62
        ],
        [
          575,
          66,
          65,
          226
        ],
        [
          331,
          95,
          65,
          189
        ],
        [
          95,
          76,
          76,
          214
        ],
        [
          562,
          294,
          78,
          186
        ],
        [
          331,
          318,
          76,
          162
        ],
        [
          63,
          302,
          105,
          178
        ]
      ]
    },
    "78": {
      "name": "mirror",
      "visible_pos": [
        6,
        7,
        17,
        18,
        19,
        20,
        29,
        30,
        31,
        32
      ],
      "bbox2d": [
        [
          374,
          0,
          169,
          63
        ],
        [
          111,
          0,
          167,
          62
        ],
        [
          608,
          135,
          32,
          126
        ],
        [
          354,
          118,
          169,
          172
        ],
        [
          123,
          117,
          168,
          173
        ],
        [
          0,
          131,
          40,
          148
        ],
        [
          626,
          365,
          14,
          58
        ],
        [
          357,
          342,
          191,
          138
        ],
        [
          105,
          341,
          182,
          139
        ],
        [
          0,
          355,
          16,
          102
        ]
      ]
    },
    "80": {
      "name": "pillow",
      "visible_pos": [
        8,
        9,
        10,
        11,
        21,
        22,
        23
      ],
      "bbox2d": [
        [
          616,
          253,
          24,
          22
        ],
        [
          390,
          130,
          124,
          99
        ],
        [
          192,
          123,
          95,
          110
        ],
        [
          0,
          148,
          55,
          127
        ],
        [
          399,
          352,
          119,
          113
        ],
        [
          175,
          346,
          112,
          125
        ],
        [
          0,
          373,
          33,
          79
        ]
      ]
    },
    "63": {
      "name": "bed",
      "visible_pos": [],
      "bbox2d": []
    },
    "72": {
      "name": "mirror",
      "visible_pos": [],
      "bbox2d": []
    }
  }
}