{
  "48420e90ddd04bec8ca6c42ce43fcf7d": {
    "133": {
      "name": "windowsill",
      "visible_pos": [
        0,
        9,
        10,
        11,
        12,
        21,
        22,
        23,
        24,
        33,
        34,
        35
      ],
      "bbox2d": [
        [
          30,
          24,
          68,
          127
        ],
        [
          585,
          124,
          55,
          139
        ],
        [
          366,
          0,
          208,
          222
        ],
        [
          114,
          0,
          217,
          236
        ],
        [
          0,
          15,
          95,
          359
        ],
        [
          627,
          0,
          13,
          480
        ],
        [
          330,
          0,
          246,
          459
        ],
        [
          110,
          0,
          221,
          474
        ],
        [
          0,
          220,
          85,
          78
        ],
        [
          532,
          195,
          108,
          174
        ],
        [
          329,
          228,
          203,
          252
        ],
        [
          114,
          207,
          196,
          273
        ]
      ]
    },
    "140": {
      "name": "window",
      "visible_pos": [
        7,
        8,
        9,
        10,
        19,
        20,
        21,
        22,
        31,
        32,
        33,
        34,
        35
      ],
      "bbox2d": [
        [
          440,
          0,
          200,
          348
        ],
        [
          231,
          0,
          409,
          339
        ],
        [
          0,
          0,
          397,
          286
        ],
        [
          0,
          0,
          209,
          344
        ],
        [
          458,
          0,
          182,
          480
        ],
        [
          234,
          0,
          406,
          480
        ],
        [
          0,
          0,
          396,
          480
        ],
        [
          0,
          0,
          171,
          480
        ],
        [
          428,
          62,
          212,
          418
        ],
        [
          236,
          99,
          404,
          381
        ],
        [
          0,
          153,
          400,
          327
        ],
        [
          0,
          78,
          226,
          402
        ],
        [
          0,
          73,
          21,
          37
        ]
      ]
    },
    "139": {
      "name": "window",
      "visible_pos": [],
      "bbox2d": []
    }
  }
}