{
  "420a8ab49a154414afa0159b1946b176": {
    "47": {
      "name": "pillow",
      "visible_pos": [
        5,
        6,
        7,
        8,
        9,
        18,
        19,
        20,
        21
      ],
      "bbox2d": [
        [
          636,
          362,
          4,
          5
        ],
        [
          421,
          147,
          219,
          282
        ],
        [
          213,
          108,
          361,
          262
        ],
        [
          0,
          101,
          360,
          285
        ],
        [
          0,
          124,
          163,
          356
        ],
        [
          433,
          370,
          207,
          110
        ],
        [
          211,
          331,
          388,
          149
        ],
        [
          0,
          325,
          366,
          155
        ],
        [
          0,
          347,
          129,
          133
        ]
      ]
    },
    "51": {
      "name": "coffee#table",
      "visible_pos": [
        4,
        5,
        6,
        7,
        8,
        18
      ],
      "bbox2d": [
        [
          463,
          328,
          177,
          152
        ],
        [
          304,
          243,
          272,
          237
        ],
        [
          126,
          234,
          268,
          246
        ],
        [
          0,
          277,
          239,
          203
        ],
        [
          0,
          410,
          57,
          70
        ],
        [
          246,
          472,
          20,
          8
        ]
      ]
    },
    "56": {
      "name": "table#lamp",
      "visible_pos": [
        5,
        6,
        7,
        17,
        18,
        19
      ],
      "bbox2d": [
        [
          440,
          91,
          149,
          161
        ],
        [
          229,
          87,
          112,
          146
        ],
        [
          0,
          106,
          126,
          167
        ],
        [
          453,
          315,
          136,
          165
        ],
        [
          229,
          312,
          112,
          159
        ],
        [
          0,
          329,
          107,
          151
        ]
      ]
    },
    "48": {
      "name": "bed",
      "visible_pos": [],
      "bbox2d": []
    },
    "53": {
      "name": "window",
      "visible_pos": [],
      "bbox2d": []
    }
  }
}