{
  "a59d092e0c50479089a85c2b36dd6d20": {
    "88": {
      "name": "bed",
      "visible_pos": [
        5,
        6,
        7,
        8,
        9,
        10,
        19,
        20,
        21,
        22
      ],
      "bbox2d": [
        [
          637,
          389,
          3,
          10
        ],
        [
          425,
          260,
          215,
          220
        ],
        [
          246,
          119,
          394,
          361
        ],
        [
          40,
          103,
          498,
          377
        ],
        [
          0,
          116,
          349,
          364
        ],
        [
          0,
          201,
          187,
          279
        ],
        [
          302,
          341,
          338,
          139
        ],
        [
          132,
          327,
          426,
          153
        ],
        [
          0,
          339,
          323,
          141
        ],
        [
          1,
          430,
          77,
          50
        ]
      ]
    }
  }
}