{
  "579debed8ab54dc58f96e3387f697ee2": {
    "302": {
      "name": "chair",
      "visible_pos": [
        3,
        4,
        5,
        6,
        16,
        17,
        18
      ],
      "bbox2d": [
        [
          498,
          249,
          142,
          231
        ],
        [
          334,
          187,
          239,
          271
        ],
        [
          152,
          167,
          207,
          266
        ],
        [
          0,
          186,
          196,
          294
        ],
        [
          357,
          415,
          247,
          65
        ],
        [
          128,
          391,
          223,
          89
        ],
        [
          5,
          414,
          115,
          66
        ]
      ]
    }
  }
}