{
  "59076fa091d1423e893a1122e42e93d2": {
    "306": {
      "name": "sofa#chair",
      "visible_pos": [
        2,
        3,
        4,
        5,
        6,
        7,
        15,
        16,
        17
      ],
      "bbox2d": [
        [
          578,
          255,
          62,
          225
        ],
        [
          379,
          198,
          261,
          282
        ],
        [
          185,
          191,
          455,
          289
        ],
        [
          0,
          234,
          441,
          246
        ],
        [
          0,
          286,
          272,
          194
        ],
        [
          0,
          341,
          109,
          139
        ],
        [
          392,
          427,
          140,
          53
        ],
        [
          167,
          419,
          153,
          61
        ],
        [
          0,
          473,
          7,
          7
        ]
      ]
    },
    "308": {
      "name": "pillow",
      "visible_pos": [
        3,
        4,
        5,
        6,
        16,
        17
      ],
      "bbox2d": [
        [
          515,
          246,
          93,
          125
        ],
        [
          320,
          213,
          78,
          96
        ],
        [
          126,
          229,
          94,
          85
        ],
        [
          0,
          386,
          11,
          7
        ],
        [
          334,
          445,
          56,
          35
        ],
        [
          103,
          465,
          52,
          15
        ]
      ]
    },
    "314": {
      "name": "vase",
      "visible_pos": [
        5,
        6,
        7,
        8
      ],
      "bbox2d": [
        [
          486,
          387,
          66,
          89
        ],
        [
          326,
          340,
          50,
          80
        ],
        [
          165,
          356,
          57,
          79
        ],
        [
          0,
          450,
          37,
          30
        ]
      ]
    },
    "315": {
      "name": "pillow",
      "visible_pos": [
        3,
        4,
        5,
        15,
        16,
        17
      ],
      "bbox2d": [
        [
          493,
          213,
          70,
          63
        ],
        [
          290,
          190,
          58,
          56
        ],
        [
          74,
          212,
          71,
          59
        ],
        [
          517,
          445,
          82,
          35
        ],
        [
          287,
          417,
          64,
          63
        ],
        [
          55,
          444,
          65,
          36
        ]
      ]
    },
    "319": {
      "name": "table",
      "visible_pos": [
        5,
        6,
        7,
        8
      ],
      "bbox2d": [
        [
          420,
          402,
          164,
          78
        ],
        [
          283,
          368,
          135,
          112
        ],
        [
          128,
          379,
          153,
          101
        ],
        [
          34,
          455,
          86,
          25
        ]
      ]
    },
    "293": {
      "name": "windowframe",
      "visible_pos": [],
      "bbox2d": []
    }
  }
}