{
  "716ec89e30cd45ee89a2e4e0f60db758": {
    "318": {
      "name": "table",
      "visible_pos": [
        0,
        1,
        2,
        10,
        11
      ],
      "bbox2d": [
        [
          216,
          258,
          276,
          137
        ],
        [
          17,
          251,
          303,
          213
        ],
        [
          0,
          300,
          155,
          174
        ],
        [
          554,
          343,
          86,
          135
        ],
        [
          380,
          265,
          260,
          182
        ]
      ]
    }
  }
}