{
  "36b9c21ca46747439a5746ee1c9788ef": {
    "22": {
      "name": "step",
      "visible_pos": [
        0,
        1,
        9,
        10,
        11
      ],
      "bbox2d": [
        [
          79,
          383,
          328,
          97
        ],
        [
          62,
          425,
          213,
          55
        ],
        [
          408,
          449,
          190,
          31
        ],
        [
          277,
          389,
          304,
          91
        ],
        [
          158,
          381,
          315,
          99
        ]
      ]
    }
  }
}