{
  "bf22e389bd754181924923b4f5e0fe02": {
    "312": {
      "name": "window",
      "visible_pos": [
        6,
        7,
        8,
        9,
        18,
        19,
        20,
        21,
        30,
        31,
        32,
        33
      ],
      "bbox2d": [
        [
          436,
          0,
          204,
          233
        ],
        [
          199,
          0,
          403,
          220
        ],
        [
          0,
          0,
          326,
          201
        ],
        [
          0,
          0,
          104,
          246
        ],
        [
          438,
          0,
          202,
          455
        ],
        [
          215,
          0,
          352,
          454
        ],
        [
          0,
          0,
          325,
          431
        ],
        [
          0,
          0,
          87,
          475
        ],
        [
          430,
          184,
          210,
          296
        ],
        [
          199,
          198,
          403,
          282
        ],
        [
          0,
          226,
          325,
          254
        ],
        [
          0,
          180,
          129,
          300
        ]
      ]
    },
    "324": {
      "name": "fire#alarm",
      "visible_pos": [
        26,
        27,
        28,
        29
      ],
      "bbox2d": [
        [
          533,
          15,
          85,
          71
        ],
        [
          361,
          95,
          63,
          52
        ],
        [
          200,
          93,
          61,
          52
        ],
        [
          0,
          2,
          86,
          78
        ]
      ]
    },
    "322": {
      "name": "mirror",
      "visible_pos": [],
      "bbox2d": []
    }
  }
}