{
  "bd5b0fbb5cce42aaac64b219b1a157fd": {
    "216": {
      "name": "window#frame",
      "visible_pos": [
        2,
        3,
        4,
        5,
        6,
        7,
        8,
        9,
        18,
        19,
        20,
        25,
        26,
        27,
        28,
        29,
        30,
        31,
        32,
        33
      ],
      "bbox2d": [
        [
          436,
          270,
          154,
          210
        ],
        [
          250,
          259,
          253,
          221
        ],
        [
          39,
          304,
          442,
          176
        ],
        [
          0,
          407,
          640,
          73
        ],
        [
          169,
          0,
          471,
          480
        ],
        [
          124,
          0,
          311,
          480
        ],
        [
          17,
          116,
          229,
          364
        ],
        [
          0,
          312,
          31,
          17
        ],
        [
          401,
          133,
          192,
          292
        ],
        [
          177,
          131,
          211,
          349
        ],
        [
          57,
          339,
          54,
          19
        ],
        [
          636,
          77,
          4,
          26
        ],
        [
          423,
          0,
          154,
          197
        ],
        [
          247,
          0,
          246,
          206
        ],
        [
          44,
          0,
          403,
          160
        ],
        [
          0,
          0,
          640,
          57
        ],
        [
          191,
          0,
          449,
          480
        ],
        [
          135,
          0,
          321,
          480
        ],
        [
          31,
          0,
          236,
          223
        ],
        [
          0,
          118,
          59,
          57
        ]
      ]
    },
    "221": {
      "name": "sink",
      "visible_pos": [
        0,
        1,
        11,
        12,
        13,
        23
      ],
      "bbox2d": [
        [
          249,
          140,
          183,
          85
        ],
        [
          0,
          158,
          223,
          90
        ],
        [
          469,
          145,
          171,
          108
        ],
        [
          247,
          362,
          193,
          98
        ],
        [
          1,
          382,
          215,
          98
        ],
        [
          472,
          368,
          168,
          112
        ]
      ]
    },
    "222": {
      "name": "faucet",
      "visible_pos": [
        0,
        1,
        11,
        12,
        13,
        23,
        24,
        25,
        35
      ],
      "bbox2d": [
        [
          278,
          0,
          101,
          114
        ],
        [
          0,
          0,
          140,
          122
        ],
        [
          543,
          0,
          97,
          137
        ],
        [
          281,
          195,
          93,
          142
        ],
        [
          25,
          189,
          122,
          156
        ],
        [
          511,
          188,
          127,
          172
        ],
        [
          276,
          424,
          100,
          56
        ],
        [
          0,
          416,
          113,
          64
        ],
        [
          538,
          415,
          102,
          65
        ]
      ]
    }
  }
}