{
  "d470265ca129400bb48754d16a157f9e": {
    "210": {
      "name": "fruit#bowl",
      "visible_pos": [
        1,
        2,
        3,
        13,
        14,
        15
      ],
      "bbox2d": [
        [
          408,
          129,
          89,
          113
        ],
        [
          209,
          125,
          77,
          109
        ],
        [
          0,
          165,
          70,
          121
        ],
        [
          419,
          352,
          93,
          128
        ],
        [
          195,
          347,
          87,
          127
        ],
        [
          0,
          419,
          24,
          61
        ]
      ]
    },
    "215": {
      "name": "fruit#bowl",
      "visible_pos": [
        0,
        1,
        2,
        12,
        13,
        14
      ],
      "bbox2d": [
        [
          514,
          184,
          113,
          113
        ],
        [
          307,
          156,
          86,
          104
        ],
        [
          93,
          165,
          101,
          116
        ],
        [
          542,
          411,
          98,
          69
        ],
        [
          306,
          379,
          96,
          101
        ],
        [
          61,
          390,
          117,
          90
        ]
      ]
    },
    "221": {
      "name": "sink",
      "visible_pos": [
        1,
        2,
        3,
        4,
        5,
        15,
        16
      ],
      "bbox2d": [
        [
          502,
          352,
          138,
          128
        ],
        [
          333,
          247,
          307,
          152
        ],
        [
          158,
          199,
          364,
          200
        ],
        [
          0,
          204,
          327,
          276
        ],
        [
          0,
          272,
          136,
          167
        ],
        [
          293,
          429,
          176,
          51
        ],
        [
          113,
          434,
          170,
          46
        ]
      ]
    },
    "222": {
      "name": "faucet",
      "visible_pos": [
        2,
        3,
        4,
        14,
        15,
        16,
        26,
        27,
        28
      ],
      "bbox2d": [
        [
          454,
          0,
          123,
          201
        ],
        [
          246,
          0,
          59,
          193
        ],
        [
          0,
          0,
          48,
          234
        ],
        [
          465,
          124,
          85,
          307
        ],
        [
          241,
          136,
          72,
          285
        ],
        [
          0,
          114,
          70,
          344
        ],
        [
          513,
          347,
          64,
          133
        ],
        [
          257,
          358,
          55,
          122
        ],
        [
          0,
          338,
          57,
          142
        ]
      ]
    }
  }
}