{
  "d5dde04ba5cd4517b91615ddbe9b0ee9": {
    "119": {
      "name": "wooden#balcony",
      "visible_pos": [
        0,
        1,
        2,
        3,
        4,
        5,
        6,
        13,
        14,
        15,
        16,
        17,
        18
      ],
      "bbox2d": [
        [
          615,
          297,
          25,
          78
        ],
        [
          403,
          112,
          64,
          191
        ],
        [
          194,
          113,
          446,
          352
        ],
        [
          0,
          148,
          640,
          276
        ],
        [
          0,
          83,
          632,
          353
        ],
        [
          0,
          69,
          363,
          411
        ],
        [
          0,
          75,
          123,
          141
        ],
        [
          416,
          336,
          51,
          144
        ],
        [
          193,
          336,
          447,
          144
        ],
        [
          215,
          371,
          425,
          109
        ],
        [
          0,
          308,
          616,
          172
        ],
        [
          0,
          296,
          360,
          138
        ],
        [
          0,
          301,
          131,
          76
        ]
      ]
    },
    "120": {
      "name": "lamp#table",
      "visible_pos": [
        0,
        1,
        2,
        3,
        4
      ],
      "bbox2d": [
        [
          585,
          372,
          55,
          108
        ],
        [
          395,
          277,
          234,
          203
        ],
        [
          224,
          261,
          202,
          148
        ],
        [
          20,
          286,
          239,
          163
        ],
        [
          0,
          361,
          78,
          119
        ]
      ]
    },
    "128": {
      "name": "table",
      "visible_pos": [
        5,
        6,
        7,
        8
      ],
      "bbox2d": [
        [
          506,
          346,
          134,
          134
        ],
        [
          350,
          300,
          198,
          180
        ],
        [
          175,
          288,
          224,
          192
        ],
        [
          0,
          334,
          260,
          146
        ]
      ]
    },
    "129": {
      "name": "sofa#chair",
      "visible_pos": [
        0,
        1,
        2,
        10,
        11,
        12,
        13
      ],
      "bbox2d": [
        [
          165,
          224,
          338,
          256
        ],
        [
          8,
          228,
          362,
          252
        ],
        [
          0,
          281,
          238,
          199
        ],
        [
          399,
          374,
          241,
          106
        ],
        [
          266,
          253,
          374,
          227
        ],
        [
          287,
          459,
          173,
          21
        ],
        [
          132,
          464,
          114,
          16
        ]
      ]
    },
    "136": {
      "name": "pillow",
      "visible_pos": [
        0,
        1,
        2,
        10,
        11
      ],
      "bbox2d": [
        [
          264,
          349,
          205,
          129
        ],
        [
          93,
          356,
          218,
          124
        ],
        [
          3,
          399,
          167,
          81
        ],
        [
          600,
          468,
          40,
          12
        ],
        [
          410,
          372,
          230,
          108
        ]
      ]
    },
    "137": {
      "name": "pillow",
      "visible_pos": [
        2,
        3,
        4,
        5,
        6,
        16,
        17
      ],
      "bbox2d": [
        [
          619,
          413,
          21,
          67
        ],
        [
          422,
          272,
          218,
          208
        ],
        [
          255,
          214,
          215,
          239
        ],
        [
          66,
          214,
          228,
          257
        ],
        [
          0,
          276,
          128,
          204
        ],
        [
          343,
          447,
          115,
          33
        ],
        [
          183,
          446,
          56,
          34
        ]
      ]
    },
    "116": {
      "name": "sofa",
      "visible_pos": [],
      "bbox2d": []
    },
    "127": {
      "name": "lamp",
      "visible_pos": [],
      "bbox2d": []
    }
  }
}