{
  "6e9a4624beb844e085305b4f36e28700": {
    "355": {
      "name": "vase",
      "visible_pos": [
        0,
        1,
        11,
        12,
        13,
        23
      ],
      "bbox2d": [
        [
          325,
          14,
          93,
          164
        ],
        [
          82,
          16,
          108,
          170
        ],
        [
          566,
          49,
          74,
          168
        ],
        [
          325,
          251,
          91,
          153
        ],
        [
          86,
          252,
          106,
          161
        ],
        [
          566,
          254,
          74,
          184
        ]
      ]
    },
    "356": {
      "name": "tray",
      "visible_pos": [
        0,
        1,
        2,
        11,
        12,
        13,
        14,
        23
      ],
      "bbox2d": [
        [
          323,
          153,
          173,
          64
        ],
        [
          103,
          153,
          182,
          85
        ],
        [
          0,
          196,
          59,
          65
        ],
        [
          542,
          178,
          98,
          90
        ],
        [
          322,
          376,
          190,
          74
        ],
        [
          84,
          376,
          198,
          101
        ],
        [
          0,
          445,
          27,
          35
        ],
        [
          565,
          404,
          75,
          76
        ]
      ]
    },
    "359": {
      "name": "counter#top",
      "visible_pos": [
        0,
        1,
        2,
        10,
        11,
        12,
        13,
        14,
        22,
        23
      ],
      "bbox2d": [
        [
          146,
          150,
          494,
          93
        ],
        [
          0,
          138,
          441,
          162
        ],
        [
          0,
          151,
          234,
          139
        ],
        [
          559,
          217,
          81,
          80
        ],
        [
          348,
          157,
          292,
          134
        ],
        [
          120,
          374,
          520,
          106
        ],
        [
          0,
          361,
          451,
          119
        ],
        [
          0,
          374,
          228,
          106
        ],
        [
          628,
          469,
          12,
          11
        ],
        [
          351,
          380,
          241,
          100
        ]
      ]
    },
    "360": {
      "name": "wall#light",
      "visible_pos": [
        24,
        33,
        34,
        35
      ],
      "bbox2d": [
        [
          2,
          0,
          79,
          97
        ],
        [
          526,
          27,
          100,
          56
        ],
        [
          361,
          94,
          63,
          59
        ],
        [
          201,
          85,
          56,
          72
        ]
      ]
    },
    "361": {
      "name": "door#knob",
      "visible_pos": [
        8,
        9,
        10,
        11
      ],
      "bbox2d": [
        [
          539,
          432,
          73,
          48
        ],
        [
          374,
          371,
          76,
          42
        ],
        [
          217,
          371,
          77,
          40
        ],
        [
          34,
          419,
          100,
          61
        ]
      ]
    },
    "362": {
      "name": "light#switch",
      "visible_pos": [
        2,
        3,
        4,
        15
      ],
      "bbox2d": [
        [
          532,
          254,
          21,
          51
        ],
        [
          337,
          222,
          6,
          48
        ],
        [
          138,
          242,
          14,
          51
        ],
        [
          341,
          456,
          5,
          24
        ]
      ]
    }
  }
}