{
  "6f16abdc4e9b43b68a8bf4f1cea04de8": {
    "271": {
      "name": "decoration",
      "visible_pos": [
        0,
        1,
        10,
        11,
        12,
        23
      ],
      "bbox2d": [
        [
          148,
          211,
          84,
          112
        ],
        [
          0,
          311,
          18,
          74
        ],
        [
          538,
          240,
          102,
          124
        ],
        [
          340,
          201,
          79,
          109
        ],
        [
          132,
          442,
          72,
          38
        ],
        [
          351,
          430,
          77,
          50
        ]
      ]
    },
    "273": {
      "name": "dining#chair",
      "visible_pos": [
        0,
        10,
        11,
        12,
        22,
        23
      ],
      "bbox2d": [
        [
          57,
          138,
          117,
          102
        ],
        [
          512,
          148,
          116,
          98
        ],
        [
          296,
          129,
          82,
          84
        ],
        [
          45,
          361,
          113,
          119
        ],
        [
          527,
          371,
          113,
          109
        ],
        [
          295,
          352,
          89,
          94
        ]
      ]
    },
    "274": {
      "name": "dining#chair",
      "visible_pos": [
        0,
        1,
        2,
        11,
        12,
        13,
        23
      ],
      "bbox2d": [
        [
          330,
          142,
          123,
          222
        ],
        [
          127,
          153,
          124,
          210
        ],
        [
          0,
          264,
          69,
          170
        ],
        [
          537,
          169,
          103,
          271
        ],
        [
          331,
          365,
          130,
          115
        ],
        [
          102,
          377,
          136,
          103
        ],
        [
          588,
          394,
          52,
          86
        ]
      ]
    },
    "283": {
      "name": "dining#table",
      "visible_pos": [
        0,
        1,
        2,
        9,
        10,
        11,
        12,
        22,
        23
      ],
      "bbox2d": [
        [
          0,
          211,
          429,
          269
        ],
        [
          0,
          248,
          282,
          232
        ],
        [
          0,
          361,
          131,
          119
        ],
        [
          529,
          319,
          111,
          161
        ],
        [
          356,
          236,
          284,
          244
        ],
        [
          186,
          208,
          425,
          272
        ],
        [
          71,
          442,
          290,
          38
        ],
        [
          485,
          475,
          105,
          5
        ],
        [
          235,
          439,
          303,
          41
        ]
      ]
    },
    "292": {
      "name": "stool",
      "visible_pos": [
        1,
        2,
        3,
        4,
        13,
        14,
        15,
        16
      ],
      "bbox2d": [
        [
          546,
          179,
          94,
          156
        ],
        [
          321,
          159,
          251,
          116
        ],
        [
          96,
          160,
          245,
          109
        ],
        [
          0,
          176,
          121,
          158
        ],
        [
          561,
          406,
          79,
          51
        ],
        [
          321,
          382,
          269,
          98
        ],
        [
          81,
          384,
          261,
          96
        ],
        [
          0,
          401,
          108,
          79
        ]
      ]
    },
    "297": {
      "name": "dining#chair",
      "visible_pos": [
        0,
        1,
        2,
        3,
        11
      ],
      "bbox2d": [
        [
          275,
          360,
          320,
          120
        ],
        [
          196,
          307,
          212,
          173
        ],
        [
          67,
          315,
          199,
          165
        ],
        [
          0,
          394,
          102,
          86
        ],
        [
          310,
          462,
          264,
          18
        ]
      ]
    },
    "302": {
      "name": "dining#chair",
      "visible_pos": [
        0,
        8,
        9,
        10,
        11,
        21,
        22,
        23
      ],
      "bbox2d": [
        [
          0,
          474,
          7,
          6
        ],
        [
          599,
          311,
          41,
          169
        ],
        [
          407,
          202,
          151,
          278
        ],
        [
          219,
          187,
          179,
          293
        ],
        [
          0,
          217,
          315,
          263
        ],
        [
          439,
          431,
          105,
          49
        ],
        [
          215,
          414,
          102,
          66
        ],
        [
          0,
          450,
          60,
          30
        ]
      ]
    }
  }
}