{
  "10c109f6296240f0b3bddcf5aecebc56": {
    "27": {
      "name": "dresser",
      "visible_pos": [
        3,
        4,
        5,
        6,
        7,
        15,
        16,
        17,
        18
      ],
      "bbox2d": [
        [
          509,
          55,
          131,
          425
        ],
        [
          334,
          37,
          306,
          443
        ],
        [
          80,
          37,
          359,
          443
        ],
        [
          0,
          58,
          249,
          422
        ],
        [
          0,
          331,
          78,
          149
        ],
        [
          578,
          283,
          62,
          197
        ],
        [
          333,
          269,
          307,
          211
        ],
        [
          97,
          269,
          333,
          211
        ],
        [
          0,
          286,
          207,
          194
        ]
      ]
    },
    "36": {
      "name": "blanket",
      "visible_pos": [
        0,
        1,
        2,
        3,
        4,
        14,
        15,
        16
      ],
      "bbox2d": [
        [
          444,
          438,
          196,
          42
        ],
        [
          293,
          257,
          347,
          223
        ],
        [
          171,
          209,
          344,
          271
        ],
        [
          45,
          201,
          265,
          279
        ],
        [
          0,
          229,
          146,
          251
        ],
        [
          362,
          440,
          181,
          40
        ],
        [
          148,
          430,
          160,
          50
        ],
        [
          29,
          466,
          33,
          14
        ]
      ]
    },
    "44": {
      "name": "pillow",
      "visible_pos": [
        0,
        1,
        2,
        3,
        12,
        13,
        14
      ],
      "bbox2d": [
        [
          542,
          212,
          98,
          112
        ],
        [
          330,
          172,
          134,
          102
        ],
        [
          120,
          171,
          148,
          118
        ],
        [
          0,
          231,
          52,
          85
        ],
        [
          575,
          444,
          65,
          36
        ],
        [
          331,
          397,
          153,
          83
        ],
        [
          94,
          396,
          167,
          84
        ]
      ]
    },
    "50": {
      "name": "chair",
      "visible_pos": [
        5,
        6,
        7,
        8
      ],
      "bbox2d": [
        [
          392,
          364,
          248,
          116
        ],
        [
          250,
          322,
          244,
          158
        ],
        [
          98,
          341,
          232,
          139
        ],
        [
          0,
          390,
          169,
          90
        ]
      ]
    },
    "54": {
      "name": "chair",
      "visible_pos": [
        5,
        6,
        7,
        8,
        18,
        19
      ],
      "bbox2d": [
        [
          510,
          273,
          130,
          201
        ],
        [
          332,
          230,
          179,
          185
        ],
        [
          157,
          238,
          175,
          151
        ],
        [
          0,
          283,
          166,
          152
        ],
        [
          372,
          467,
          65,
          13
        ],
        [
          161,
          477,
          74,
          3
        ]
      ]
    },
    "56": {
      "name": "lamp",
      "visible_pos": [
        0,
        1,
        11,
        12,
        13,
        23
      ],
      "bbox2d": [
        [
          280,
          182,
          61,
          33
        ],
        [
          52,
          199,
          77,
          45
        ],
        [
          488,
          197,
          76,
          43
        ],
        [
          276,
          408,
          67,
          40
        ],
        [
          18,
          429,
          91,
          51
        ],
        [
          505,
          426,
          86,
          54
        ]
      ]
    },
    "60": {
      "name": "drawer",
      "visible_pos": [
        4,
        5,
        6,
        16,
        17,
        18
      ],
      "bbox2d": [
        [
          438,
          134,
          123,
          237
        ],
        [
          243,
          119,
          97,
          219
        ],
        [
          0,
          134,
          156,
          235
        ],
        [
          457,
          356,
          113,
          124
        ],
        [
          233,
          342,
          110,
          138
        ],
        [
          0,
          357,
          90,
          123
        ]
      ]
    },
    "28": {
      "name": "window#curtain",
      "visible_pos": [],
      "bbox2d": []
    },
    "33": {
      "name": "window#curtain",
      "visible_pos": [],
      "bbox2d": []
    },
    "41": {
      "name": "window",
      "visible_pos": [],
      "bbox2d": []
    }
  }
}