{
  "81fe3e8db44647b8bf52bd3465abb05f": {
    "321": {
      "name": "painting",
      "visible_pos": [
        9,
        10,
        11,
        21,
        22,
        23,
        33,
        34,
        35
      ],
      "bbox2d": [
        [
          443,
          0,
          197,
          168
        ],
        [
          209,
          0,
          277,
          158
        ],
        [
          0,
          0,
          237,
          190
        ],
        [
          445,
          0,
          195,
          393
        ],
        [
          222,
          0,
          245,
          382
        ],
        [
          0,
          0,
          243,
          408
        ],
        [
          429,
          228,
          211,
          252
        ],
        [
          209,
          236,
          277,
          244
        ],
        [
          0,
          182,
          243,
          298
        ]
      ]
    },
    "327": {
      "name": "painting",
      "visible_pos": [
        0,
        10,
        11,
        12,
        22,
        23,
        24,
        34,
        35
      ],
      "bbox2d": [
        [
          0,
          0,
          111,
          129
        ],
        [
          486,
          0,
          154,
          115
        ],
        [
          247,
          0,
          114,
          108
        ],
        [
          0,
          52,
          126,
          300
        ],
        [
          473,
          74,
          138,
          264
        ],
        [
          247,
          81,
          109,
          249
        ],
        [
          0,
          267,
          125,
          213
        ],
        [
          463,
          300,
          177,
          180
        ],
        [
          248,
          309,
          113,
          171
        ]
      ]
    },
    "344": {
      "name": "decoration",
      "visible_pos": [
        2,
        3,
        4,
        5,
        15,
        16
      ],
      "bbox2d": [
        [
          562,
          203,
          78,
          138
        ],
        [
          363,
          164,
          49,
          115
        ],
        [
          169,
          169,
          55,
          121
        ],
        [
          0,
          340,
          5,
          10
        ],
        [
          376,
          389,
          49,
          91
        ],
        [
          149,
          394,
          53,
          86
        ]
      ]
    }
  }
}