{
  "5563134c64de46d0978636dff0239a85": {
    "166": {
      "name": "plant",
      "visible_pos": [],
      "bbox2d": []
    },
    "172": {
      "name": "countertop",
      "visible_pos": [
        5,
        6,
        7,
        8,
        9,
        17,
        18,
        19,
        20
      ],
      "bbox2d": [
        [
          629,
          130,
          11,
          26
        ],
        [
          374,
          63,
          266,
          347
        ],
        [
          134,
          67,
          408,
          283
        ],
        [
          0,
          187,
          337,
          174
        ],
        [
          0,
          247,
          141,
          207
        ],
        [
          637,
          304,
          3,
          73
        ],
        [
          373,
          291,
          132,
          189
        ],
        [
          146,
          294,
          367,
          186
        ],
        [
          161,
          414,
          178,
          66
        ]
      ]
    },
    "182": {
      "name": "sink",
      "visible_pos": [
        6,
        7,
        8,
        9,
        19,
        20
      ],
      "bbox2d": [
        [
          551,
          240,
          89,
          96
        ],
        [
          354,
          198,
          110,
          87
        ],
        [
          167,
          206,
          104,
          90
        ],
        [
          0,
          275,
          58,
          68
        ],
        [
          382,
          427,
          93,
          53
        ],
        [
          159,
          437,
          102,
          43
        ]
      ]
    },
    "184": {
      "name": "bath#cabinet",
      "visible_pos": [],
      "bbox2d": []
    },
    "175": {
      "name": "mirror",
      "visible_pos": [],
      "bbox2d": []
    }
  }
}