{
  "021e0fed78a948bf8627ff9beccae0af": {
    "370": {
      "name": "table",
      "visible_pos": [
        0,
        1,
        2,
        3,
        13,
        14,
        15
      ],
      "bbox2d": [
        [
          475,
          265,
          165,
          182
        ],
        [
          287,
          183,
          326,
          264
        ],
        [
          87,
          165,
          290,
          277
        ],
        [
          0,
          189,
          188,
          291
        ],
        [
          330,
          410,
          310,
          70
        ],
        [
          152,
          390,
          229,
          90
        ],
        [
          0,
          416,
          155,
          64
        ]
      ]
    },
    "374": {
      "name": "picture",
      "visible_pos": [
        1,
        2,
        3,
        12,
        13,
        14,
        15,
        24,
        25,
        26,
        27
      ],
      "bbox2d": [
        [
          435,
          0,
          103,
          84
        ],
        [
          190,
          0,
          92,
          84
        ],
        [
          0,
          57,
          8,
          29
        ],
        [
          591,
          0,
          49,
          132
        ],
        [
          337,
          32,
          179,
          278
        ],
        [
          106,
          8,
          180,
          301
        ],
        [
          0,
          42,
          32,
          273
        ],
        [
          551,
          232,
          89,
          123
        ],
        [
          338,
          265,
          205,
          215
        ],
        [
          119,
          246,
          164,
          234
        ],
        [
          0,
          252,
          45,
          189
        ]
      ]
    },
    "375": {
      "name": "lamp",
      "visible_pos": [
        1,
        2,
        3,
        13,
        14,
        15,
        25,
        26,
        27
      ],
      "bbox2d": [
        [
          532,
          0,
          99,
          71
        ],
        [
          280,
          0,
          65,
          61
        ],
        [
          0,
          0,
          89,
          72
        ],
        [
          515,
          176,
          75,
          121
        ],
        [
          285,
          185,
          57,
          104
        ],
        [
          31,
          176,
          78,
          122
        ],
        [
          533,
          402,
          98,
          78
        ],
        [
          280,
          412,
          65,
          68
        ],
        [
          0,
          401,
          93,
          79
        ]
      ]
    },
    "376": {
      "name": "window",
      "visible_pos": [
        4,
        5,
        6,
        7,
        16,
        17,
        18,
        19,
        28,
        29,
        30,
        31
      ],
      "bbox2d": [
        [
          581,
          0,
          59,
          126
        ],
        [
          328,
          0,
          289,
          135
        ],
        [
          61,
          0,
          276,
          119
        ],
        [
          0,
          0,
          97,
          134
        ],
        [
          567,
          0,
          73,
          349
        ],
        [
          325,
          0,
          257,
          358
        ],
        [
          87,
          0,
          249,
          341
        ],
        [
          0,
          0,
          101,
          357
        ],
        [
          521,
          78,
          119,
          402
        ],
        [
          325,
          132,
          292,
          348
        ],
        [
          56,
          161,
          279,
          319
        ],
        [
          0,
          84,
          156,
          396
        ]
      ]
    },
    "380": {
      "name": "lamp",
      "visible_pos": [
        0,
        1,
        2,
        12,
        13,
        14,
        24,
        25,
        26
      ],
      "bbox2d": [
        [
          602,
          0,
          38,
          112
        ],
        [
          343,
          0,
          104,
          94
        ],
        [
          74,
          0,
          126,
          100
        ],
        [
          588,
          127,
          52,
          209
        ],
        [
          340,
          149,
          90,
          168
        ],
        [
          106,
          143,
          101,
          181
        ],
        [
          599,
          350,
          41,
          130
        ],
        [
          343,
          372,
          104,
          108
        ],
        [
          74,
          366,
          128,
          114
        ]
      ]
    },
    "382": {
      "name": "windowsill",
      "visible_pos": [
        4,
        5,
        6,
        7,
        16,
        17,
        18,
        19
      ],
      "bbox2d": [
        [
          565,
          116,
          75,
          36
        ],
        [
          323,
          98,
          269,
          56
        ],
        [
          81,
          106,
          267,
          27
        ],
        [
          0,
          121,
          119,
          41
        ],
        [
          563,
          339,
          77,
          34
        ],
        [
          322,
          321,
          277,
          58
        ],
        [
          84,
          329,
          265,
          27
        ],
        [
          0,
          344,
          116,
          38
        ]
      ]
    }
  }
}