{
  "e57579e4a81d46d6afffa6f8068b214a": {
    "187": {
      "name": "toilet",
      "visible_pos": [
        1,
        2,
        3,
        4,
        13,
        14,
        15,
        16
      ],
      "bbox2d": [
        [
          486,
          234,
          154,
          246
        ],
        [
          321,
          194,
          154,
          231
        ],
        [
          150,
          196,
          133,
          247
        ],
        [
          0,
          240,
          116,
          240
        ],
        [
          636,
          477,
          4,
          3
        ],
        [
          369,
          422,
          124,
          58
        ],
        [
          141,
          425,
          129,
          55
        ],
        [
          0,
          479,
          1,
          1
        ]
      ]
    },
    "191": {
      "name": "window",
      "visible_pos": [
        0,
        1,
        2,
        12,
        13,
        14,
        24,
        25,
        26,
        27
      ],
      "bbox2d": [
        [
          499,
          0,
          141,
          180
        ],
        [
          273,
          0,
          216,
          161
        ],
        [
          4,
          0,
          253,
          185
        ],
        [
          501,
          0,
          139,
          406
        ],
        [
          273,
          0,
          212,
          385
        ],
        [
          13,
          0,
          246,
          412
        ],
        [
          484,
          177,
          156,
          303
        ],
        [
          290,
          222,
          193,
          258
        ],
        [
          4,
          187,
          247,
          293
        ],
        [
          0,
          219,
          19,
          43
        ]
      ]
    },
    "192": {
      "name": "curtains",
      "visible_pos": [
        13,
        14,
        15,
        24,
        25,
        26,
        27,
        35
      ],
      "bbox2d": [
        [
          331,
          0,
          203,
          55
        ],
        [
          138,
          0,
          162,
          70
        ],
        [
          0,
          0,
          53,
          33
        ],
        [
          430,
          43,
          210,
          179
        ],
        [
          266,
          77,
          246,
          206
        ],
        [
          60,
          24,
          244,
          272
        ],
        [
          0,
          0,
          116,
          265
        ],
        [
          628,
          0,
          12,
          20
        ]
      ]
    },
    "194": {
      "name": "painting",
      "visible_pos": [
        0,
        1,
        11,
        12,
        13,
        23,
        24,
        25,
        35
      ],
      "bbox2d": [
        [
          181,
          0,
          267,
          149
        ],
        [
          0,
          0,
          207,
          180
        ],
        [
          421,
          0,
          219,
          178
        ],
        [
          195,
          68,
          241,
          305
        ],
        [
          0,
          29,
          213,
          375
        ],
        [
          418,
          27,
          222,
          376
        ],
        [
          180,
          295,
          271,
          185
        ],
        [
          0,
          256,
          208,
          224
        ],
        [
          414,
          254,
          226,
          226
        ]
      ]
    },
    "195": {
      "name": "plant",
      "visible_pos": [
        1,
        2,
        3,
        13,
        14,
        15
      ],
      "bbox2d": [
        [
          623,
          109,
          17,
          155
        ],
        [
          367,
          82,
          92,
          138
        ],
        [
          132,
          87,
          108,
          132
        ],
        [
          625,
          325,
          15,
          26
        ],
        [
          366,
          307,
          93,
          146
        ],
        [
          137,
          312,
          98,
          141
        ]
      ]
    },
    "190": {
      "name": "cabinet",
      "visible_pos": [],
      "bbox2d": []
    }
  }
}