{
  "fe945e5c9af94a28bc1575a1c4a71d85": {
    "137": {
      "name": "chair",
      "visible_pos": [
        7,
        8,
        9,
        19,
        20,
        21
      ],
      "bbox2d": [
        [
          464,
          54,
          176,
          83
        ],
        [
          226,
          50,
          177,
          65
        ],
        [
          0,
          64,
          175,
          61
        ],
        [
          456,
          283,
          184,
          76
        ],
        [
          232,
          280,
          169,
          58
        ],
        [
          0,
          289,
          177,
          58
        ]
      ]
    },
    "141": {
      "name": "table",
      "visible_pos": [],
      "bbox2d": []
    },
    "142": {
      "name": "monitor",
      "visible_pos": [
        3,
        4,
        5,
        6,
        15,
        16,
        17
      ],
      "bbox2d": [
        [
          451,
          132,
          189,
          139
        ],
        [
          247,
          104,
          211,
          146
        ],
        [
          10,
          104,
          237,
          186
        ],
        [
          0,
          215,
          2,
          15
        ],
        [
          464,
          354,
          176,
          126
        ],
        [
          240,
          327,
          226,
          153
        ],
        [
          0,
          327,
          242,
          153
        ]
      ]
    },
    "143": {
      "name": "light",
      "visible_pos": [
        16,
        26,
        27,
        28,
        29
      ],
      "bbox2d": [
        [
          237,
          0,
          100,
          12
        ],
        [
          606,
          47,
          34,
          113
        ],
        [
          399,
          0,
          154,
          236
        ],
        [
          217,
          0,
          136,
          249
        ],
        [
          0,
          0,
          169,
          220
        ]
      ]
    },
    "144": {
      "name": "chair",
      "visible_pos": [
        9,
        10,
        11,
        21,
        22,
        23
      ],
      "bbox2d": [
        [
          426,
          58,
          213,
          70
        ],
        [
          197,
          49,
          170,
          71
        ],
        [
          0,
          55,
          131,
          82
        ],
        [
          425,
          286,
          200,
          64
        ],
        [
          202,
          279,
          164,
          64
        ],
        [
          0,
          284,
          137,
          76
        ]
      ]
    },
    "146": {
      "name": "monitor",
      "visible_pos": [
        1,
        2,
        3,
        13,
        14,
        15
      ],
      "bbox2d": [
        [
          434,
          107,
          206,
          179
        ],
        [
          218,
          94,
          222,
          137
        ],
        [
          0,
          107,
          234,
          140
        ],
        [
          438,
          330,
          202,
          150
        ],
        [
          215,
          318,
          233,
          150
        ],
        [
          0,
          330,
          225,
          150
        ]
      ]
    },
    "147": {
      "name": "desk#chair",
      "visible_pos": [
        0,
        1,
        2,
        3,
        12,
        13,
        14
      ],
      "bbox2d": [
        [
          466,
          210,
          174,
          270
        ],
        [
          321,
          185,
          194,
          295
        ],
        [
          112,
          204,
          265,
          276
        ],
        [
          0,
          282,
          244,
          198
        ],
        [
          565,
          441,
          66,
          39
        ],
        [
          324,
          411,
          137,
          69
        ],
        [
          85,
          434,
          180,
          46
        ]
      ]
    },
    "148": {
      "name": "desk#chair",
      "visible_pos": [
        3,
        4,
        5,
        6,
        16,
        17,
        18
      ],
      "bbox2d": [
        [
          493,
          310,
          147,
          170
        ],
        [
          339,
          193,
          244,
          287
        ],
        [
          172,
          167,
          199,
          313
        ],
        [
          0,
          182,
          217,
          298
        ],
        [
          431,
          422,
          179,
          58
        ],
        [
          208,
          392,
          147,
          88
        ],
        [
          0,
          409,
          125,
          71
        ]
      ]
    },
    "150": {
      "name": "cloth",
      "visible_pos": [
        2,
        3,
        4,
        5,
        14,
        15,
        16,
        17
      ],
      "bbox2d": [
        [
          400,
          131,
          240,
          83
        ],
        [
          177,
          129,
          345,
          56
        ],
        [
          0,
          127,
          298,
          78
        ],
        [
          0,
          155,
          64,
          24
        ],
        [
          401,
          354,
          239,
          92
        ],
        [
          175,
          352,
          355,
          60
        ],
        [
          0,
          350,
          298,
          85
        ],
        [
          0,
          381,
          49,
          23
        ]
      ]
    },
    "154": {
      "name": "keyboard",
      "visible_pos": [
        1,
        2,
        3,
        13,
        14,
        15
      ],
      "bbox2d": [
        [
          458,
          224,
          178,
          106
        ],
        [
          263,
          208,
          145,
          71
        ],
        [
          45,
          234,
          171,
          56
        ],
        [
          490,
          459,
          74,
          21
        ],
        [
          254,
          439,
          165,
          41
        ],
        [
          55,
          473,
          125,
          7
        ]
      ]
    },
    "155": {
      "name": "basket",
      "visible_pos": [
        0,
        1,
        2,
        11
      ],
      "bbox2d": [
        [
          381,
          320,
          125,
          113
        ],
        [
          213,
          318,
          132,
          108
        ],
        [
          9,
          356,
          182,
          124
        ],
        [
          552,
          383,
          88,
          97
        ]
      ]
    },
    "133": {
      "name": "cabinet",
      "visible_pos": [],
      "bbox2d": []
    },
    "139": {
      "name": "desk",
      "visible_pos": [],
      "bbox2d": []
    },
    "140": {
      "name": "partition#wall",
      "visible_pos": [],
      "bbox2d": []
    }
  }
}