{
  "ed2415c9e6d24232af438dae3a3e20c5": {
    "65": {
      "name": "cart",
      "visible_pos": [
        4,
        5,
        6,
        7,
        16,
        17,
        18
      ],
      "bbox2d": [
        [
          441,
          113,
          199,
          324
        ],
        [
          229,
          46,
          213,
          339
        ],
        [
          0,
          47,
          230,
          366
        ],
        [
          0,
          309,
          15,
          82
        ],
        [
          450,
          335,
          190,
          145
        ],
        [
          227,
          277,
          213,
          203
        ],
        [
          0,
          277,
          218,
          203
        ]
      ]
    },
    "69": {
      "name": "office#chair",
      "visible_pos": [
        0,
        9,
        10,
        11,
        12,
        21,
        22,
        23
      ],
      "bbox2d": [
        [
          0,
          194,
          144,
          286
        ],
        [
          503,
          216,
          137,
          264
        ],
        [
          337,
          175,
          174,
          254
        ],
        [
          152,
          165,
          152,
          278
        ],
        [
          0,
          422,
          50,
          58
        ],
        [
          618,
          450,
          22,
          30
        ],
        [
          357,
          401,
          175,
          79
        ],
        [
          128,
          389,
          173,
          91
        ]
      ]
    },
    "77": {
      "name": "office#chair",
      "visible_pos": [
        8,
        9,
        10,
        11,
        21,
        22,
        23
      ],
      "bbox2d": [
        [
          482,
          272,
          158,
          208
        ],
        [
          313,
          227,
          254,
          253
        ],
        [
          141,
          208,
          221,
          272
        ],
        [
          0,
          227,
          199,
          253
        ],
        [
          362,
          463,
          231,
          17
        ],
        [
          160,
          439,
          196,
          41
        ],
        [
          56,
          463,
          65,
          17
        ]
      ]
    },
    "82": {
      "name": "office#chair",
      "visible_pos": [
        6,
        7,
        8,
        9,
        10,
        19,
        20,
        21
      ],
      "bbox2d": [
        [
          636,
          454,
          4,
          18
        ],
        [
          421,
          209,
          219,
          271
        ],
        [
          259,
          194,
          194,
          267
        ],
        [
          46,
          212,
          233,
          268
        ],
        [
          0,
          275,
          114,
          205
        ],
        [
          485,
          440,
          153,
          40
        ],
        [
          258,
          423,
          192,
          57
        ],
        [
          5,
          444,
          222,
          36
        ]
      ]
    },
    "100": {
      "name": "trash#can",
      "visible_pos": [
        3,
        4,
        5,
        6
      ],
      "bbox2d": [
        [
          588,
          413,
          52,
          67
        ],
        [
          411,
          313,
          109,
          126
        ],
        [
          257,
          293,
          83,
          119
        ],
        [
          68,
          332,
          104,
          130
        ]
      ]
    },
    "57": {
      "name": "garage#door#frame",
      "visible_pos": [],
      "bbox2d": []
    },
    "61": {
      "name": "window",
      "visible_pos": [],
      "bbox2d": []
    },
    "73": {
      "name": "garage#door",
      "visible_pos": [],
      "bbox2d": []
    }
  }
}