{
  "bc43675a60e348aebc6ed08fcab966f0": {
    "142": {
      "name": "monitor",
      "visible_pos": [
        7,
        8,
        9,
        19,
        20,
        21
      ],
      "bbox2d": [
        [
          444,
          103,
          135,
          74
        ],
        [
          218,
          100,
          119,
          55
        ],
        [
          0,
          123,
          111,
          50
        ],
        [
          443,
          326,
          141,
          76
        ],
        [
          220,
          324,
          117,
          55
        ],
        [
          0,
          345,
          103,
          53
        ]
      ]
    },
    "146": {
      "name": "monitor",
      "visible_pos": [
        9,
        10,
        11,
        21,
        22,
        23
      ],
      "bbox2d": [
        [
          427,
          123,
          168,
          60
        ],
        [
          210,
          106,
          142,
          54
        ],
        [
          0,
          117,
          133,
          73
        ],
        [
          430,
          346,
          177,
          63
        ],
        [
          207,
          329,
          147,
          55
        ],
        [
          0,
          340,
          123,
          77
        ]
      ]
    },
    "149": {
      "name": "light",
      "visible_pos": [
        32,
        33,
        34,
        35
      ],
      "bbox2d": [
        [
          524,
          0,
          116,
          174
        ],
        [
          338,
          12,
          117,
          209
        ],
        [
          155,
          5,
          120,
          212
        ],
        [
          0,
          0,
          82,
          161
        ]
      ]
    },
    "150": {
      "name": "cloth",
      "visible_pos": [
        7,
        8,
        9,
        10,
        11,
        19,
        20,
        21,
        22,
        23
      ],
      "bbox2d": [
        [
          452,
          173,
          188,
          307
        ],
        [
          287,
          150,
          353,
          330
        ],
        [
          59,
          160,
          435,
          273
        ],
        [
          0,
          155,
          281,
          325
        ],
        [
          0,
          188,
          122,
          292
        ],
        [
          514,
          398,
          126,
          82
        ],
        [
          284,
          374,
          356,
          106
        ],
        [
          30,
          384,
          478,
          96
        ],
        [
          0,
          379,
          279,
          101
        ],
        [
          0,
          416,
          21,
          46
        ]
      ]
    },
    "154": {
      "name": "keyboard",
      "visible_pos": [],
      "bbox2d": []
    },
    "139": {
      "name": "desk",
      "visible_pos": [],
      "bbox2d": []
    }
  }
}