{
  "34f4f7c661e845fa9729246b873874a7": {
    "8": {
      "name": "desk#chair",
      "visible_pos": [
        0,
        1,
        2,
        3,
        4,
        5
      ],
      "bbox2d": [
        [
          508,
          361,
          132,
          119
        ],
        [
          344,
          305,
          266,
          175
        ],
        [
          190,
          313,
          311,
          167
        ],
        [
          0,
          375,
          451,
          105
        ],
        [
          8,
          416,
          299,
          64
        ],
        [
          145,
          461,
          18,
          19
        ]
      ]
    },
    "15": {
      "name": "desk#chair",
      "visible_pos": [
        3,
        4,
        5,
        6,
        17
      ],
      "bbox2d": [
        [
          378,
          342,
          262,
          138
        ],
        [
          238,
          256,
          284,
          224
        ],
        [
          105,
          233,
          229,
          247
        ],
        [
          0,
          263,
          177,
          217
        ],
        [
          295,
          471,
          25,
          9
        ]
      ]
    },
    "22": {
      "name": "desk#chair",
      "visible_pos": [
        2,
        3,
        4,
        14,
        15,
        16
      ],
      "bbox2d": [
        [
          414,
          127,
          116,
          80
        ],
        [
          204,
          122,
          102,
          68
        ],
        [
          0,
          146,
          82,
          78
        ],
        [
          420,
          350,
          120,
          88
        ],
        [
          197,
          345,
          108,
          72
        ],
        [
          0,
          369,
          59,
          88
        ]
      ]
    },
    "24": {
      "name": "desk#chair",
      "visible_pos": [
        0,
        1,
        2,
        11,
        12,
        13
      ],
      "bbox2d": [
        [
          377,
          187,
          167,
          293
        ],
        [
          186,
          189,
          175,
          291
        ],
        [
          0,
          260,
          214,
          220
        ],
        [
          550,
          248,
          90,
          232
        ],
        [
          389,
          414,
          86,
          66
        ],
        [
          166,
          416,
          95,
          64
        ]
      ]
    },
    "27": {
      "name": "cabinet",
      "visible_pos": [
        0,
        6,
        7,
        8,
        9,
        10,
        11,
        19,
        20,
        21,
        22,
        23
      ],
      "bbox2d": [
        [
          0,
          297,
          126,
          183
        ],
        [
          500,
          284,
          140,
          196
        ],
        [
          346,
          212,
          294,
          268
        ],
        [
          166,
          204,
          474,
          276
        ],
        [
          0,
          221,
          640,
          259
        ],
        [
          0,
          211,
          464,
          269
        ],
        [
          0,
          225,
          285,
          255
        ],
        [
          382,
          444,
          98,
          36
        ],
        [
          180,
          434,
          245,
          46
        ],
        [
          110,
          455,
          268,
          25
        ],
        [
          149,
          442,
          287,
          38
        ],
        [
          87,
          460,
          130,
          20
        ]
      ]
    },
    "31": {
      "name": "desk#chair",
      "visible_pos": [
        4,
        5,
        6,
        7,
        17,
        18
      ],
      "bbox2d": [
        [
          471,
          221,
          169,
          259
        ],
        [
          314,
          157,
          130,
          306
        ],
        [
          140,
          157,
          119,
          316
        ],
        [
          0,
          251,
          55,
          229
        ],
        [
          365,
          381,
          90,
          99
        ],
        [
          139,
          381,
          93,
          99
        ]
      ]
    },
    "38": {
      "name": "decoration",
      "visible_pos": [
        9,
        10,
        11,
        21,
        22,
        23
      ],
      "bbox2d": [
        [
          552,
          150,
          88,
          141
        ],
        [
          344,
          123,
          45,
          124
        ],
        [
          132,
          130,
          55,
          132
        ],
        [
          599,
          373,
          41,
          107
        ],
        [
          347,
          346,
          49,
          134
        ],
        [
          115,
          353,
          56,
          127
        ]
      ]
    },
    "42": {
      "name": "trash#can",
      "visible_pos": [
        0,
        9,
        10,
        11
      ],
      "bbox2d": [
        [
          30,
          411,
          29,
          50
        ],
        [
          552,
          406,
          42,
          34
        ],
        [
          378,
          338,
          25,
          30
        ],
        [
          218,
          339,
          22,
          38
        ]
      ]
    },
    "43": {
      "name": "projector",
      "visible_pos": [
        2,
        3,
        4,
        5,
        15,
        16
      ],
      "bbox2d": [
        [
          553,
          262,
          87,
          87
        ],
        [
          351,
          213,
          88,
          76
        ],
        [
          157,
          213,
          94,
          90
        ],
        [
          0,
          279,
          37,
          73
        ],
        [
          358,
          445,
          96,
          35
        ],
        [
          137,
          446,
          96,
          34
        ]
      ]
    },
    "44": {
      "name": "telephone",
      "visible_pos": [
        6,
        7,
        8,
        9,
        19,
        20
      ],
      "bbox2d": [
        [
          625,
          319,
          15,
          30
        ],
        [
          408,
          208,
          114,
          86
        ],
        [
          222,
          203,
          101,
          76
        ],
        [
          0,
          250,
          129,
          94
        ],
        [
          431,
          440,
          101,
          40
        ],
        [
          208,
          433,
          112,
          47
        ]
      ]
    },
    "49": {
      "name": "picture#frame",
      "visible_pos": [
        7,
        8,
        9,
        19,
        20,
        21
      ],
      "bbox2d": [
        [
          460,
          156,
          114,
          115
        ],
        [
          255,
          144,
          99,
          95
        ],
        [
          9,
          162,
          148,
          104
        ],
        [
          477,
          380,
          116,
          100
        ],
        [
          251,
          367,
          108,
          112
        ],
        [
          0,
          386,
          111,
          94
        ]
      ]
    },
    "52": {
      "name": "picture#frame",
      "visible_pos": [
        7,
        8,
        9,
        10,
        20,
        21,
        22
      ],
      "bbox2d": [
        [
          527,
          405,
          83,
          75
        ],
        [
          357,
          227,
          233,
          167
        ],
        [
          193,
          213,
          178,
          184
        ],
        [
          0,
          231,
          193,
          249
        ],
        [
          485,
          464,
          54,
          16
        ],
        [
          257,
          446,
          122,
          34
        ],
        [
          83,
          468,
          68,
          12
        ]
      ]
    },
    "5": {
      "name": "window",
      "visible_pos": [],
      "bbox2d": []
    },
    "28": {
      "name": "office#table",
      "visible_pos": [],
      "bbox2d": []
    },
    "46": {
      "name": "garage#door#opener",
      "visible_pos": [],
      "bbox2d": []
    }
  }
}