{
  "099d792dbfb2402ca355fd7ed860128f": {
    "363": {
      "name": "dining#chair",
      "visible_pos": [
        0,
        1,
        2,
        11,
        12,
        13,
        14
      ],
      "bbox2d": [
        [
          358,
          135,
          158,
          207
        ],
        [
          174,
          125,
          116,
          211
        ],
        [
          0,
          149,
          95,
          230
        ],
        [
          552,
          253,
          88,
          128
        ],
        [
          375,
          357,
          146,
          123
        ],
        [
          152,
          348,
          138,
          132
        ],
        [
          0,
          372,
          38,
          108
        ]
      ]
    }
  }
}