{
  "fbef2c9afec642c88d01cf09c90aec12": {
    "253": {
      "name": "rope",
      "visible_pos": [
        0,
        1,
        2,
        3,
        4,
        5,
        6,
        12,
        13,
        14,
        16,
        17,
        18
      ],
      "bbox2d": [
        [
          430,
          80,
          210,
          400
        ],
        [
          197,
          80,
          402,
          400
        ],
        [
          0,
          146,
          578,
          334
        ],
        [
          0,
          280,
          640,
          200
        ],
        [
          0,
          122,
          640,
          358
        ],
        [
          68,
          63,
          410,
          417
        ],
        [
          0,
          61,
          236,
          419
        ],
        [
          425,
          306,
          215,
          174
        ],
        [
          203,
          305,
          251,
          175
        ],
        [
          0,
          369,
          234,
          111
        ],
        [
          511,
          344,
          129,
          136
        ],
        [
          270,
          291,
          196,
          189
        ],
        [
          40,
          289,
          202,
          191
        ]
      ]
    },
    "281": {
      "name": "rope",
      "visible_pos": [
        0,
        6,
        7,
        8,
        9,
        10,
        11,
        12,
        18,
        19,
        20,
        21,
        22,
        23
      ],
      "bbox2d": [
        [
          0,
          80,
          196,
          400
        ],
        [
          418,
          62,
          222,
          277
        ],
        [
          177,
          63,
          463,
          348
        ],
        [
          0,
          104,
          640,
          259
        ],
        [
          0,
          188,
          640,
          292
        ],
        [
          0,
          133,
          640,
          270
        ],
        [
          0,
          78,
          431,
          331
        ],
        [
          0,
          305,
          203,
          125
        ],
        [
          411,
          290,
          229,
          190
        ],
        [
          187,
          291,
          277,
          189
        ],
        [
          0,
          328,
          254,
          152
        ],
        [
          536,
          420,
          104,
          60
        ],
        [
          272,
          356,
          368,
          124
        ],
        [
          67,
          304,
          358,
          176
        ]
      ]
    }
  }
}