{
  "d2e2cf3e29c84b1dad3acbfa6ab914a2": {
    "114": {
      "name": "rope",
      "visible_pos": [
        3,
        4,
        5,
        6,
        7,
        8,
        9,
        10,
        15,
        16,
        17,
        18,
        19,
        20,
        21,
        22
      ],
      "bbox2d": [
        [
          440,
          141,
          200,
          293
        ],
        [
          244,
          135,
          396,
          328
        ],
        [
          0,
          166,
          640,
          207
        ],
        [
          0,
          219,
          640,
          240
        ],
        [
          0,
          201,
          640,
          268
        ],
        [
          0,
          195,
          640,
          273
        ],
        [
          0,
          115,
          434,
          231
        ],
        [
          0,
          116,
          226,
          243
        ],
        [
          466,
          364,
          99,
          116
        ],
        [
          242,
          357,
          112,
          123
        ],
        [
          0,
          398,
          90,
          82
        ],
        [
          489,
          453,
          96,
          27
        ],
        [
          249,
          430,
          161,
          50
        ],
        [
          33,
          445,
          607,
          35
        ],
        [
          276,
          338,
          158,
          142
        ],
        [
          85,
          339,
          126,
          141
        ]
      ]
    }
  }
}