{
  "30b2437ea7864131815d92f2ef421a0f": {
    "406": {
      "name": "rope",
      "visible_pos": [
        3,
        4,
        5,
        6,
        7,
        8,
        9,
        10,
        15,
        16,
        17,
        18,
        19,
        20,
        21
      ],
      "bbox2d": [
        [
          430,
          104,
          210,
          293
        ],
        [
          239,
          100,
          401,
          380
        ],
        [
          0,
          146,
          640,
          334
        ],
        [
          0,
          185,
          640,
          295
        ],
        [
          0,
          141,
          640,
          339
        ],
        [
          0,
          50,
          481,
          403
        ],
        [
          0,
          48,
          256,
          432
        ],
        [
          0,
          186,
          7,
          9
        ],
        [
          472,
          328,
          69,
          152
        ],
        [
          246,
          324,
          77,
          156
        ],
        [
          0,
          387,
          481,
          93
        ],
        [
          146,
          412,
          123,
          68
        ],
        [
          592,
          377,
          48,
          103
        ],
        [
          324,
          279,
          155,
          201
        ],
        [
          103,
          278,
          151,
          202
        ]
      ]
    },
    "442": {
      "name": "rope",
      "visible_pos": [
        0,
        1,
        2,
        3,
        8,
        9,
        10,
        11,
        12,
        13,
        14,
        15,
        21,
        22,
        23
      ],
      "bbox2d": [
        [
          0,
          197,
          640,
          283
        ],
        [
          0,
          141,
          640,
          339
        ],
        [
          0,
          96,
          416,
          384
        ],
        [
          0,
          100,
          225,
          266
        ],
        [
          628,
          178,
          12,
          9
        ],
        [
          380,
          50,
          260,
          430
        ],
        [
          160,
          52,
          480,
          417
        ],
        [
          0,
          122,
          640,
          358
        ],
        [
          401,
          426,
          128,
          54
        ],
        [
          185,
          373,
          455,
          107
        ],
        [
          290,
          320,
          104,
          160
        ],
        [
          81,
          324,
          88,
          156
        ],
        [
          381,
          280,
          166,
          200
        ],
        [
          155,
          281,
          169,
          199
        ],
        [
          0,
          340,
          63,
          140
        ]
      ]
    },
    "448": {
      "name": "sign",
      "visible_pos": [
        0,
        1,
        2,
        3
      ],
      "bbox2d": [
        [
          505,
          347,
          135,
          133
        ],
        [
          339,
          290,
          131,
          134
        ],
        [
          169,
          290,
          131,
          132
        ],
        [
          0,
          355,
          137,
          125
        ]
      ]
    }
  }
}