{
  "4ebc0f4d023c482ca72e8129ca042c13": {
    "346": {
      "name": "wooden#chair",
      "visible_pos": [
        2,
        3,
        4,
        5,
        14,
        15,
        16
      ],
      "bbox2d": [
        [
          437,
          230,
          183,
          169
        ],
        [
          251,
          207,
          153,
          167
        ],
        [
          34,
          214,
          187,
          206
        ],
        [
          0,
          347,
          12,
          64
        ],
        [
          477,
          467,
          40,
          13
        ],
        [
          246,
          438,
          152,
          42
        ],
        [
          139,
          447,
          35,
          33
        ]
      ]
    },
    "354": {
      "name": "wooden#chair",
      "visible_pos": [
        0,
        1,
        2,
        3,
        13,
        14,
        15
      ],
      "bbox2d": [
        [
          632,
          385,
          8,
          31
        ],
        [
          417,
          191,
          146,
          197
        ],
        [
          213,
          189,
          139,
          168
        ],
        [
          0,
          226,
          170,
          171
        ],
        [
          426,
          418,
          172,
          62
        ],
        [
          203,
          416,
          147,
          64
        ],
        [
          61,
          462,
          57,
          18
        ]
      ]
    },
    "316": {
      "name": "brick#archway",
      "visible_pos": [],
      "bbox2d": []
    }
  }
}