{
  "1d789dc0ab3a48c8aa051f006d8ae874": {
    "166": {
      "name": "stool",
      "visible_pos": [
        0,
        1,
        10,
        11
      ],
      "bbox2d": [
        [
          141,
          276,
          108,
          123
        ],
        [
          0,
          348,
          64,
          132
        ],
        [
          507,
          305,
          123,
          147
        ],
        [
          324,
          264,
          95,
          126
        ]
      ]
    },
    "151": {
      "name": "window",
      "visible_pos": [],
      "bbox2d": []
    }
  }
}