{
  "6944cb3d349a424899b2ed5b4c972763": {
    "220": {
      "name": "chair",
      "visible_pos": [
        6,
        7,
        8,
        9,
        10,
        20,
        21
      ],
      "bbox2d": [
        [
          607,
          409,
          33,
          71
        ],
        [
          422,
          250,
          218,
          230
        ],
        [
          256,
          181,
          182,
          250
        ],
        [
          56,
          179,
          212,
          258
        ],
        [
          0,
          285,
          82,
          195
        ],
        [
          353,
          407,
          93,
          73
        ],
        [
          144,
          405,
          79,
          75
        ]
      ]
    }
  }
}