{
  "f1bb3acca4ed4aada739514b1f2a44bd": {
    "88": {
      "name": "chair",
      "visible_pos": [
        0,
        10,
        11,
        12,
        22,
        23
      ],
      "bbox2d": [
        [
          0,
          201,
          56,
          38
        ],
        [
          418,
          161,
          74,
          56
        ],
        [
          209,
          160,
          71,
          43
        ],
        [
          0,
          433,
          19,
          45
        ],
        [
          424,
          385,
          82,
          65
        ],
        [
          202,
          384,
          75,
          49
        ]
      ]
    },
    "92": {
      "name": "television",
      "visible_pos": [
        1,
        2,
        3,
        4,
        13,
        14,
        15,
        16,
        25,
        26,
        27,
        28
      ],
      "bbox2d": [
        [
          507,
          0,
          133,
          97
        ],
        [
          254,
          0,
          385,
          93
        ],
        [
          0,
          0,
          352,
          87
        ],
        [
          0,
          0,
          102,
          105
        ],
        [
          488,
          60,
          152,
          261
        ],
        [
          262,
          52,
          341,
          265
        ],
        [
          0,
          77,
          351,
          235
        ],
        [
          0,
          41,
          119,
          287
        ],
        [
          501,
          279,
          139,
          201
        ],
        [
          254,
          281,
          385,
          199
        ],
        [
          0,
          304,
          350,
          176
        ],
        [
          0,
          263,
          131,
          217
        ]
      ]
    },
    "93": {
      "name": "chair",
      "visible_pos": [
        8,
        9,
        10,
        11,
        21,
        22
      ],
      "bbox2d": [
        [
          576,
          262,
          64,
          205
        ],
        [
          386,
          209,
          76,
          238
        ],
        [
          201,
          212,
          92,
          224
        ],
        [
          0,
          304,
          118,
          129
        ],
        [
          409,
          440,
          27,
          40
        ],
        [
          185,
          444,
          29,
          36
        ]
      ]
    },
    "98": {
      "name": "chair",
      "visible_pos": [
        8,
        9,
        10,
        11
      ],
      "bbox2d": [
        [
          581,
          451,
          59,
          29
        ],
        [
          406,
          357,
          81,
          123
        ],
        [
          250,
          336,
          158,
          144
        ],
        [
          75,
          380,
          202,
          100
        ]
      ]
    },
    "102": {
      "name": "easel",
      "visible_pos": [
        0,
        1,
        2,
        3,
        12,
        13,
        14,
        24,
        25,
        26
      ],
      "bbox2d": [
        [
          422,
          0,
          218,
          381
        ],
        [
          229,
          0,
          174,
          323
        ],
        [
          0,
          0,
          211,
          333
        ],
        [
          0,
          402,
          4,
          16
        ],
        [
          438,
          171,
          202,
          309
        ],
        [
          215,
          184,
          179,
          296
        ],
        [
          0,
          177,
          170,
          303
        ],
        [
          500,
          397,
          140,
          83
        ],
        [
          246,
          411,
          158,
          69
        ],
        [
          0,
          403,
          157,
          77
        ]
      ]
    },
    "104": {
      "name": "dining#chair",
      "visible_pos": [
        0,
        1,
        2,
        11
      ],
      "bbox2d": [
        [
          315,
          289,
          182,
          191
        ],
        [
          145,
          272,
          175,
          208
        ],
        [
          0,
          311,
          160,
          169
        ],
        [
          456,
          330,
          184,
          150
        ]
      ]
    },
    "108": {
      "name": "light",
      "visible_pos": [
        12,
        21,
        22,
        23,
        24,
        33,
        34,
        35
      ],
      "bbox2d": [
        [
          0,
          75,
          167,
          55
        ],
        [
          559,
          115,
          81,
          60
        ],
        [
          319,
          57,
          321,
          127
        ],
        [
          79,
          92,
          312,
          84
        ],
        [
          0,
          301,
          171,
          52
        ],
        [
          566,
          335,
          74,
          66
        ],
        [
          319,
          286,
          321,
          125
        ],
        [
          67,
          316,
          323,
          86
        ]
      ]
    },
    "110": {
      "name": "chair",
      "visible_pos": [
        0,
        1,
        10,
        11,
        12,
        22,
        23
      ],
      "bbox2d": [
        [
          160,
          207,
          107,
          28
        ],
        [
          0,
          255,
          49,
          32
        ],
        [
          581,
          237,
          59,
          48
        ],
        [
          362,
          199,
          105,
          45
        ],
        [
          139,
          437,
          122,
          36
        ],
        [
          631,
          476,
          9,
          4
        ],
        [
          367,
          428,
          120,
          52
        ]
      ]
    }
  }
}