{
  "3e1caa061ec04144a0eac5c40da7c04f": {
    "72": {
      "name": "footstool",
      "visible_pos": [
        7,
        8,
        9,
        10
      ],
      "bbox2d": [
        [
          607,
          334,
          33,
          52
        ],
        [
          400,
          253,
          127,
          91
        ],
        [
          220,
          249,
          116,
          59
        ],
        [
          1,
          282,
          157,
          89
        ]
      ]
    },
    "67": {
      "name": "table",
      "visible_pos": [],
      "bbox2d": []
    }
  }
}