{
  "c5c6bc7725e44fbf9cdb474aef50a74b": {
    "31": {
      "name": "stove",
      "visible_pos": [
        7,
        8,
        9,
        19,
        20,
        21
      ],
      "bbox2d": [
        [
          494,
          160,
          146,
          70
        ],
        [
          281,
          127,
          182,
          69
        ],
        [
          51,
          131,
          191,
          84
        ],
        [
          508,
          390,
          132,
          75
        ],
        [
          279,
          350,
          186,
          75
        ],
        [
          22,
          354,
          219,
          93
        ]
      ]
    },
    "40": {
      "name": "sink",
      "visible_pos": [
        5,
        6,
        7,
        8,
        9,
        18,
        19,
        20
      ],
      "bbox2d": [
        [
          605,
          291,
          35,
          125
        ],
        [
          388,
          237,
          252,
          115
        ],
        [
          196,
          205,
          276,
          117
        ],
        [
          0,
          211,
          279,
          168
        ],
        [
          0,
          274,
          71,
          84
        ],
        [
          413,
          476,
          46,
          4
        ],
        [
          199,
          435,
          272,
          45
        ],
        [
          111,
          442,
          150,
          38
        ]
      ]
    },
    "44": {
      "name": "stool",
      "visible_pos": [
        4,
        5,
        6,
        7,
        17,
        18
      ],
      "bbox2d": [
        [
          512,
          277,
          128,
          167
        ],
        [
          349,
          218,
          148,
          166
        ],
        [
          175,
          218,
          122,
          185
        ],
        [
          0,
          260,
          88,
          220
        ],
        [
          393,
          451,
          115,
          29
        ],
        [
          179,
          452,
          115,
          28
        ]
      ]
    },
    "17": {
      "name": "kitchen#cabinet",
      "visible_pos": [],
      "bbox2d": []
    }
  }
}